text,label
adversaries may circumvent mechanisms designed to control privilege elevation to gain higher level permissions most modern systems contain native elevation control mechanisms that are intended to limit privileges that user can perform on machine authorization has to be granted to specific users in order to perform tasks that can be considered of higher risk an adversary can perform several methods to take advantage of built in control mechanisms in order to escalate privileges on system,1
adversaries may bypass uac mechanisms to elevate process privileges on system windows user account control uac allows program to elevate its privileges tracked as integrity levels ranging from low to high to perform task under administrator level permissions possibly by prompting the user for confirmation the impact to the user ranges from denying the operation under high enforcement to allowing the user to perform the action if they are in the local administrators group and click through the prompt or allowing them to enter an administrator password to complete the action if the uac protection level of computer is set to anything but the highest level certain windows programs can elevate privileges or execute some elevated component object model objects without prompting the user through the uac notification box an example of this is use of rundll32 to load specifically crafted dll which loads an auto elevated component object model object and performs file operation in protected directory which would typically require elevated access malicious software may also be injected into trusted process to gain elevated privileges without prompting user many methods have been discovered to bypass uac the github readme page for uacme contains an extensive list of methods that have been discovered and implemented but may not be comprehensive list of bypasses additional bypass methods are regularly discovered and some used in the wild such as code eventvwr exe can auto elevate and execute specified binary or script another bypass is possible through some lateral movement techniques if credentials for an account with administrator privileges are known since uac is single system security mechanism and the privilege or integrity of process running on one system will be unknown on remote systems and default to high integrity,0
adversaries may leverage the code authorizationexecutewithprivileges api to escalate privileges by prompting the user for credentials the purpose of this api is to give application developers an easy way to perform operations with root privileges such as for application installation or updating this api does not validate that the program requesting root privileges comes from reputable source or has been maliciously modified although this api is deprecated it still fully functions in the latest releases of macos when calling this api the user will be prompted to enter their credentials but no checks on the origin or integrity of the program are made the program calling the api may also load world writable files which can be modified to perform malicious behavior with elevated privileges adversaries may abuse code authorizationexecutewithprivileges to obtain root privileges in order to install malicious software on victims and install persistence mechanisms this technique may be combined with masquerading to trick the user into granting escalated privileges to malicious code this technique has also been shown to work by modifying legitimate programs present on the machine that make use of this api,0
an adversary may abuse configurations where an application has the setuid or setgid bits set in order to get code running in different and possibly more privileged user context on linux or macos when the setuid or setgid bits are set for an application binary the application will run with the privileges of the owning user or group respectively normally an application is run in the current user context regardless of which user or group owns the application however there are instances where programs need to be executed in an elevated context to function properly but the user running them may not have the specific required privileges instead of creating an entry in the sudoers file which must be done by root any user can specify the setuid or setgid flag to be set for their own applications linux and mac permissions the code chmod command can set these bits with bitmasking code chmod file or via shorthand naming code chmod file this will enable the setuid bit to enable the setgid bit code chmod and code chmod can be used adversaries can use this mechanism on their own malware to make sure they re able to execute in elevated contexts in the future this abuse is often part of shell escape or other actions to bypass an execution environment with restricted permissions alternatively adversaries may choose to find and target vulnerable binaries with the setuid or setgid bits already enabled file and directory discovery the setuid and setguid bits are indicated with an instead of an when viewing file attributes via code ls the code find command can also be used to search for such files for example code find perm can be used to find files with setuid set and code find perm may be used for setgid binaries that have these bits set may then be abused by adversaries,1
adversaries may perform sudo caching and use the sudoers file to elevate privileges adversaries may do this to execute commands as other users or spawn processes with higher privileges within linux and macos systems sudo sometimes referred to as superuser do allows users to perform commands from terminals with elevated privileges and to control who can perform these commands on the system the code sudo command allows system administrator to delegate authority to give certain users or groups of users the ability to run some or all commands as root or another user while providing an audit trail of the commands and their arguments since sudo was made for the system administrator it has some useful configuration features such as code timestamp timeout which is the amount of time in minutes between instances of code sudo before it will re prompt for password this is because code sudo has the ability to cache credentials for period of time sudo creates or touches file at code with timestamp of when sudo was last run to determine this timeout additionally there is code tty tickets variable that treats each new tty terminal session in isolation this means that for example the sudo timeout of one tty will not affect another tty you will have to type the password again the sudoers file code describes which users can run which commands and from which terminals this also describes which commands users can run as other users or groups this provides the principle of least privilege such that users are running in their lowest possible permissions for most of the time and only elevate to other users or permissions as needed typically by prompting for password however the sudoers file can also specify when to not prompt users for passwords with line like code user1 all all nopasswd all elevated privileges are required to edit this file though adversaries can also abuse poor configurations of these mechanisms to escalate privileges without needing the user password for example code timestamp can be monitored to see if it falls within the code timestamp timeout range if it does then malware can execute sudo commands without needing to supply the user password additional if code tty tickets is disabled adversaries can do this from any tty for that user in the wild malware has disabled code tty tickets to potentially make scripting easier by issuing code echo defaults tty tickets in order for this change to be reflected the malware also issued code killall terminal as of macos sierra the sudoers file has code tty tickets enabled by default,1
adversaries can manipulate or abuse the transparency consent control tcc service or database to grant malicious executables elevated permissions tcc is privacy security macos control mechanism used to determine if the running process has permission to access the data or services protected by tcc such as screen sharing camera microphone or full disk access fda when an application requests to access data or service protected by tcc the tcc daemon tccd checks the tcc database located at support and equivalent and an overwrites file if connected to an mdm for existing permissions if permissions do not exist then the user is prompted to grant permission once permissions are granted the database stores the application permissions and will not prompt the user again unless reset for example when web browser requests permissions to the user webcam once granted the web browser may not explicitly prompt the user again adversaries may access restricted data or services protected by tcc through abusing applications previously granted permissions through process injection or executing malicious binary using another application for example adversaries can use finder macos native app with fda permissions to execute malicious applescript when executing under the finder app the malicious applescript inherits access to all files on the system without requiring user prompt when system integrity protection sip is disabled tcc protections are also disabled for system without sip enabled adversaries can manipulate the tcc database to add permissions to their malicious executable through loading an adversary controlled tcc database using environment variables and launchctl,0
adversaries may abuse permission configurations that allow them to gain temporarily elevated access to cloud resources many cloud environments allow administrators to grant user or service accounts permission to request just in time access to roles impersonate other accounts pass roles onto resources and services or otherwise gain short term access to set of privileges that may be distinct from their own just in time access is mechanism for granting additional roles to cloud accounts in granular temporary manner this allows accounts to operate with only the permissions they need on daily basis and to request additional permissions as necessary sometimes just in time access requests are configured to require manual approval while other times the desired permissions are automatically granted account impersonation allows user or service accounts to temporarily act with the permissions of another account for example in gcp users with the iam serviceaccounttokencreator role can create temporary access tokens or sign arbitrary payloads with the permissions of service account while service accounts with domain wide delegation permission are permitted to impersonate google workspace accounts in exchange online the applicationimpersonation role allows service account to use the permissions associated with specified user accounts many cloud environments also include mechanisms for users to pass roles to resources that allow them to perform tasks and authenticate to other services while the user that creates the resource does not directly assume the role they pass to it they may still be able to take advantage of the role access for example by configuring the resource to perform certain actions with the permissions it has been granted in aws users with the passrole permission can allow service they create to assume given role while in gcp users with the iam serviceaccountuser role can attach service account to resource while users require specific role assignments in order to use any of these features cloud administrators may misconfigure permissions this could result in escalation paths that allow adversaries to gain access to resources beyond what was originally intended note this technique is distinct from additional cloud roles which involves assigning permanent roles to accounts rather than abusing existing permissions structures to gain temporarily elevated access to resources however adversaries that compromise sufficiently privileged account may grant another account they control additional cloud roles that would allow them to also abuse these features this may also allow for greater stealth than would be had by directly using the highly privileged account especially when logs do not clarify when role impersonation is taking place,0
adversaries may modify access tokens to operate under different user or system security context to perform actions and bypass access controls windows uses access tokens to determine the ownership of running process user can manipulate access tokens to make running process appear as though it is the child of different process or belongs to someone other than the user that started the process when this occurs the process also takes on the security context associated with the new token an adversary can use built in windows api functions to copy access tokens from existing processes this is known as token stealing these token can then be applied to an existing process token impersonation or used to spawn new process create process with token an adversary must already be in privileged user context administrator to steal token however adversaries commonly use token stealing to elevate their security context from the administrator level to the system level an adversary can then use token to authenticate to remote system as the account for that token if the account has appropriate permissions on the remote system any standard user can use the code runas command and the windows api functions to create impersonation tokens it does not require access to an administrator account there are also other mechanisms such as active directory fields that can be used to modify access tokens,0
adversaries may create new process with an existing token to escalate privileges and bypass access controls processes can be created with the token and resulting security context of another user using features such as code createprocesswithtokenw and code runas creating processes with token not associated with the current user may require the credentials of the target user specific privileges to impersonate that user or access to the token to be used for example the token could be duplicated via token impersonation or created via make and impersonate token before being used to create process while this technique is distinct from token impersonation the techniques can be used in conjunction where token is duplicated and then used to create new process,0
adversaries may make new tokens and impersonate users to escalate privileges and bypass access controls for example if an adversary has username and password but the user is not logged onto the system the adversary can then create logon session for the user using the logonuser function the function will return copy of the new session access token and the adversary can use setthreadtoken to assign the token to thread this behavior is distinct from token impersonation in that this refers to creating new user token instead of stealing or duplicating an existing one,0
adversaries may spoof the parent process identifier ppid of new process to evade process monitoring defenses or to elevate privileges new processes are typically spawned directly from their parent or calling process unless explicitly specified one way of explicitly assigning the ppid of new process is via the code createprocess api call which supports parameter that defines the ppid to use this functionality is used by windows features such as user account control uac to correctly set the ppid after requested elevated process is spawned by system typically via code svchost exe or code consent exe rather than the current user context adversaries may abuse these mechanisms to evade defenses such as those blocking processes spawning directly from office documents and analysis targeting unusual malicious parent child process relationships such as spoofing the ppid of powershell to be code explorer exe rather than an office document delivered as part of spearphishing attachment this spoofing could be executed via visual basic within malicious office document or any code that can perform native api explicitly assigning the ppid may also enable elevated privileges given appropriate access rights to the parent process for example an adversary in privileged user context administrator may spawn new process and assign the parent as process running as system such as code lsass exe causing the new process to be elevated via the inherited access token,0
adversaries may use sid history injection to escalate privileges and bypass access controls the windows security identifier sid is unique value that identifies user or group account sids are used by windows security in both security descriptors and access tokens an account can hold additional sids in the sid history active directory attribute allowing inter operable account migration between domains all values in sid history are included in access tokens with domain administrator or equivalent rights harvested or well known sid values may be inserted into sid history to enable impersonation of arbitrary users such as enterprise administrators this manipulation may result in elevated access to local resources and access to otherwise inaccessible domains via lateral movement techniques such as remote services smb admin shares or windows remote management,0
adversaries may duplicate then impersonate another user existing token to escalate privileges and bypass access controls for example an adversary can duplicate an existing token using duplicatetoken or duplicatetokenex the token can then be used with impersonateloggedonuser to allow the calling thread to impersonate logged on user security context or with setthreadtoken to assign the impersonated token to thread an adversary may perform token impersonation when they have specific existing process they want to assign the duplicated token to for example this may be useful for when the target user has non network logon session on the system when an adversary would instead use duplicated token to create new process rather than attaching to an existing process they can additionally create process with token using createprocesswithtokenw or createprocessasuserw token impersonation is also distinct from make and impersonate token in that it refers to duplicating an existing token rather than creating new one,0
adversaries may interrupt availability of system and network resources by inhibiting access to accounts utilized by legitimate users accounts may be deleted locked or manipulated ex changed credentials revoked permissions for saas platforms such as sharepoint to remove access to accounts adversaries may also subsequently log off and perform system shutdown to set malicious changes into place in windows net utility code set localuser and code set adaccountpassword powershell cmdlets may be used by adversaries to modify user accounts accounts could also be disabled by group policy in linux the code passwd utility may be used to change passwords on esxi servers accounts can be removed or modified via esxcli system account set system account remove adversaries who use ransomware or similar attacks may first perform this and other impact behaviors such as data destruction and defacement in order to impede incident response before completing the data encrypted for impact objective,1
adversaries may attempt to get listing of valid accounts usernames or email addresses on system or within compromised environment this information can help adversaries determine which accounts exist which can aid in follow on behavior such as brute forcing spear phishing attacks or account takeovers valid accounts adversaries may use several methods to enumerate accounts including abuse of existing tools built in commands and potential misconfigurations that leak account names and roles or permissions in the targeted environment for examples cloud environments typically provide easily accessible interfaces to obtain user lists on hosts adversaries can use default powershell and other command line functionality to identify accounts information about email addresses and accounts may also be extracted by searching an infected system files,1
adversaries may attempt to get listing of cloud accounts cloud accounts are those created and configured by an organization for use by users remote support services or for administration of resources within cloud service provider or saas application with authenticated access there are several tools that can be used to find accounts the code get msolrolemember powershell cmdlet can be used to obtain account names given role or permissions group in office the azure cli az cli also provides an interface to obtain user accounts with authenticated access to domain the command code az ad user list will list all users within domain the aws command code aws iam list users may be used to obtain list of users in the current account while code aws iam list roles can obtain iam roles that have specified path prefix in gcp code gcloud iam service accounts list and code gcloud projects get iam policy may be used to obtain listing of service accounts and users in project,0
adversaries may attempt to get listing of domain accounts this information can help adversaries determine which domain accounts exist to aid in follow on behavior such as targeting specific accounts which possess particular privileges commands such as code net user and code net group of the net utility code dscacheutil group on macos and code ldapsearch on linux can list domain users and groups powershell cmdlets including code get aduser and code get adgroupmember may enumerate members of active directory groups,1
adversaries may attempt to get listing of email addresses and accounts adversaries may try to dump exchange address lists such as global address lists gals in on premises exchange and exchange online the code get globaladdresslist powershell cmdlet can be used to obtain email addresses and accounts from domain using an authenticated session in google workspace the gal is shared with microsoft outlook users through the google workspace sync for microsoft outlook gwsmo service additionally the google workspace directory allows for users to get listing of other users within the organization,0
adversaries may attempt to get listing of local system accounts this information can help adversaries determine which local accounts exist on system to aid in follow on behavior commands such as code net user and code net localgroup of the net utility and code id and code groups on macos and linux can list local users and groups on linux local users can also be enumerated through the use of the code file on macos the code dscl list command can be used to enumerate local accounts on esxi servers the esxcli system account list command can list local user accounts,1
adversaries may manipulate accounts to maintain and elevate access to victim systems account manipulation may consist of any action that preserves or modifies adversary access to compromised account such as modifying credentials or permission groups these actions could also include account activity designed to subvert security policies such as performing iterative password updates to bypass password duration policies and preserve the life of compromised credentials in order to create or manipulate accounts the adversary must already have sufficient permissions on systems or the domain however account manipulation may also lead to privilege escalation where modifications grant access to additional roles permissions or higher privileged valid accounts,1
adversaries may add adversary controlled credentials to cloud account to maintain persistent access to victim accounts and instances within the environment for example adversaries may add credentials for service principals and applications in addition to existing legitimate credentials in azure entra id these credentials include both x509 keys and passwords with sufficient permissions there are variety of ways to add credentials including the azure portal azure command line interface and azure or az powershell modules in infrastructure as service iaas environments after gaining access through cloud accounts adversaries may generate or import their own ssh keys using either the code createkeypair or code importkeypair api in aws or the code gcloud compute os login ssh keys add command in gcp this allows persistent access to instances within the cloud environment without further usage of the compromised cloud accounts adversaries may also use the code createaccesskey api in aws or the code gcloud iam service accounts keys create command in gcp to add access keys to an account alternatively they may use the code createloginprofile api in aws to add password that can be used to log into the aws management console for cloud service dashboard if the target account has different permissions from the requesting account the adversary may also be able to escalate their privileges in the environment cloud accounts for example in entra id environments an adversary with the application administrator role can add new set of credentials to their application service principal in doing so the adversary would be able to access the service principal roles and permissions which may be different from those of the application administrator in aws environments adversaries with the appropriate permissions may also use the sts getfederationtoken api call to create temporary set of credentials to forge web credentials tied to the permissions of the original user account these temporary credentials may remain valid for the duration of their lifetime even if the original account api credentials are deactivated in entra id environments with the app password feature enabled adversaries may be able to add an app password to user account as app passwords are intended to be used with legacy devices that do not support multi factor authentication mfa adding an app password can allow an adversary to bypass mfa requirements additionally app passwords may remain valid even if the user primary password is reset,0
an adversary may add additional roles or permissions to an adversary controlled cloud account to maintain persistent access to tenant for example adversaries may update iam policies in cloud based environments or add new global administrator in office environments with sufficient permissions compromised account can gain almost unlimited access to data and settings including the ability to reset the passwords of other admins this account modification may immediately follow create account or other malicious account activity adversaries may also modify existing valid accounts that they have compromised this could lead to privilege escalation particularly if the roles added allow for lateral movement to additional accounts for example in aws environments an adversary with appropriate permissions may be able to use the code createpolicyversion api to define new version of an iam policy or the code attachuserpolicy api to attach an iam policy with additional or distinct permissions to compromised user account in some cases adversaries may add roles to adversary controlled accounts outside the victim cloud tenant this allows these external accounts to perform actions inside the victim tenant without requiring the adversary to create account or modify victim owned account,0
an adversary may add additional roles or permissions to an adversary controlled user or service account to maintain persistent access to container orchestration system for example an adversary with sufficient permissions may create rolebinding or clusterrolebinding to bind role or clusterrole to kubernetes account where attribute based access control abac is in use an adversary with sufficient permissions may modify kubernetes abac policy to give the target account additional permissions this account modification may immediately follow create account or other malicious account activity adversaries may also modify existing valid accounts that they have compromised note that where container orchestration systems are deployed in cloud environments as with google kubernetes engine amazon elastic kubernetes service and azure kubernetes service cloud based role based access control rbac assignments or abac policies can often be used in place of or in addition to local permission assignments in these cases this technique may be used in conjunction with additional cloud roles,0
adversaries may grant additional permission levels to maintain persistent access to an adversary controlled email account for example the code add mailboxpermission powershell cmdlet available in on premises exchange and in the cloud based service office adds permissions to mailbox in google workspace delegation can be enabled via the google admin console and users can delegate accounts via their gmail settings adversaries may also assign mailbox folder permissions through individual folder permissions or roles in office environments adversaries may assign the default or anonymous user permissions or roles to the top of information store root inbox or other mailbox folders by assigning one or both user permissions to folder the adversary can utilize any other account in the tenant to maintain persistence to the target user mail folders this may be used in persistent threat incidents as well as bec business email compromise incidents where an adversary can add additional cloud roles to the accounts they wish to compromise this may further enable use of additional techniques for gaining access to systems for example compromised business accounts are often used to send messages to other accounts in the network of the target business while creating inbox rules ex internal spearphishing so the messages evade spam detection mechanisms,0
an adversary may add additional local or domain groups to an adversary controlled account to maintain persistent access to system or domain on windows accounts may use the net localgroup and net group commands to add existing users to local and domain groups on linux adversaries may use the usermod command for the same purpose for example accounts may be added to the local administrators group on windows devices to maintain elevated privileges they may also be added to the remote desktop users group which allows them to leverage remote desktop protocol to log into the endpoints in the future adversaries may also add accounts to vpn user groups to gain future persistence on the network on linux accounts may be added to the sudoers group allowing them to persistently leverage sudo and sudo caching for elevated privileges in windows environments machine accounts may also be added to domain groups this allows the local system account to gain privileges on the domain,1
adversaries may register device to an adversary controlled account devices may be registered in multifactor authentication mfa system which handles authentication to the network or in device management system which handles device access and compliance mfa systems such as duo or okta allow users to associate devices with their accounts in order to complete mfa requirements an adversary that compromises user credentials may enroll new device in order to bypass initial mfa requirements and gain persistent access to network in some cases the mfa self enrollment process may require only username and password to enroll the account first device or to enroll device to an inactive account similarly an adversary with existing access to network may register device or virtual machine to entra id and its device management system microsoft intune in order to access sensitive data or resources while bypassing conditional access policies devices registered in entra id may be able to conduct internal spearphishing campaigns via intra organizational emails which are less likely to be treated as suspicious by the email client additionally an adversary may be able to perform service exhaustion flood on an entra id tenant by registering large number of devices,0
adversaries may modify the ssh code authorized keys file to maintain persistence on victim host linux distributions macos and esxi hypervisors commonly use key based authentication to secure the authentication process of ssh sessions for remote management the code authorized keys file in ssh specifies the ssh keys that can be used for logging into the user account for which the file is configured this file is usually found in the user home directory under code lt user home gt or on esxi users may edit the system ssh config file to modify the directives pubkeyauthentication and rsaauthentication to the value yes to ensure public key and rsa authentication are enabled as well as modify the directive permitrootlogin to the value yes to enable root authentication via ssh the ssh config file is usually located under code adversaries may modify ssh code authorized keys files directly with scripts or shell commands to add their own adversary supplied public keys in cloud environments adversaries may be able to modify the ssh authorized keys file of particular virtual machine via the command line interface or rest api for example by using the google cloud cli add metadata command an adversary may add ssh keys to user account similarly in azure an adversary may update the authorized keys file of virtual machine via patch request to the api this ensures that an adversary possessing the corresponding private key may log in as an existing user via ssh it may also lead to privilege escalation where the virtual machine or instance has distinct permissions from the requesting user where authorized keys files are modified via cloud apis or command line interfaces an adversary may achieve privilege escalation on the target virtual machine if they add key to higher privileged user ssh keys can also be added to accounts on network devices such as with the ip ssh pubkey chain network device cli command,1
adversaries may purchase or otherwise acquire an existing access to target system or network variety of online services and initial access broker networks are available to sell access to previously compromised systems in some cases adversary groups may form partnerships to share compromised systems with each other footholds to compromised systems may take variety of forms such as access to planted backdoors web shell or established access via external remote services in some cases access brokers will implant compromised systems with load that can be used to install additional malware for paying customers by leveraging existing access broker networks rather than developing or obtaining their own initial access capabilities an adversary can potentially reduce the resources required to gain foothold on target network and focus their efforts on later stages of compromise adversaries may prioritize acquiring access to systems that have been determined to lack security monitoring or that have high privileges or systems that belong to organizations in particular sector in some cases purchasing access to an organization in sectors such as it contracting software development or telecommunications may allow an adversary to compromise additional victims via trusted relationship multi factor authentication interception or even supply chain compromise note while this technique is distinct from other behaviors such as purchase technical data and credentials they may often be used in conjunction especially where the acquired foothold requires valid accounts,0
adversaries may buy lease rent or obtain infrastructure that can be used during targeting wide variety of infrastructure exists for hosting and orchestrating adversary operations infrastructure solutions include physical or cloud servers domains and third party web services some infrastructure providers offer free trial periods enabling infrastructure acquisition at limited to no cost additionally botnets are available for rent or purchase use of these infrastructure solutions allows adversaries to stage launch and execute operations solutions may help adversary operations blend in with traffic that is seen as normal such as contacting third party web services or acquiring infrastructure to support proxy including from residential proxy services depending on the implementation adversaries may use infrastructure that makes it difficult to physically tie back to them as well as utilize infrastructure that can be rapidly provisioned modified and shut down,0
adversaries may buy lease or rent network of compromised systems that can be used during targeting botnet is network of compromised systems that can be instructed to perform coordinated tasks adversaries may purchase subscription to use an existing botnet from booter service internet facing edge devices and related network appliances that are end of life eol and unsupported by their manufacturers are commonly acquired for botnet activities adversaries may lease operational relay box orb networks consisting of virtual private servers vps small office office soho routers or internet of things iot devices to serve as botnet with botnet at their disposal adversaries may perform follow on activity such as large scale phishing or distributed denial of service ddos acquired botnets may also be used to support command and control activity such as hide infrastructure through an established proxy network,0
adversaries may set up their own domain name system dns servers that can be used during targeting during post compromise activity adversaries may utilize dns traffic for various tasks including for command and control ex application layer protocol instead of hijacking existing dns servers adversaries may opt to configure and run their own dns servers in support of operations by running their own dns servers adversaries can have more control over how they administer server side dns c2 traffic dns with control over dns server adversaries can configure dns applications to provide conditional responses to malware and generally have more flexibility in the structure of the dns based c2 channel,0
adversaries may acquire domains that can be used during targeting domain names are the human readable names used to represent one or more ip addresses they can be purchased or in some cases acquired for free adversaries may use acquired domains for variety of purposes including for phishing drive by compromise and command and control adversaries may choose domains that are similar to legitimate domains including through use of homoglyphs or use of different top level domain tld typosquatting may be used to aid in delivery of payloads via drive by compromise adversaries may also use internationalized domain names idns and different character sets cyrillic greek etc to execute idn homograph attacks creating visually similar lookalike domains used to deliver malware to victim machines different uris may also be dynamically generated to uniquely serve malicious content to victims including one time single use domain names adversaries may also acquire and repurpose expired domains which may be potentially already allowlisted by defenders based on an existing reputation domain registrars each maintain publicly viewable database that displays contact information for every registered domain private whois services display alternative information such as their own company data rather than the owner of the domain adversaries may use such private whois services to obscure information about who owns purchased domain adversaries may further interrupt efforts to track their infrastructure by using varied registration information and purchasing domains with different domain registrars in addition to legitimately purchasing domain an adversary may register new domain in compromised environment for example in aws environments adversaries may leverage the route53 domain service to register domain and create hosted zones pointing to resources of the threat actor choosing,0
adversaries may purchase online advertisements that can be abused to distribute malware to victims ads can be purchased to plant as well as favorably position artifacts in specific locations online such as prominently placed within search engine results these ads may make it more difficult for users to distinguish between actual search results and advertisements purchased ads may also target specific audiences using the advertising network capabilities potentially further taking advantage of the trust inherently given to search engines and popular websites adversaries may purchase ads and other resources to help distribute artifacts containing malicious code to victims purchased ads may attempt to impersonate or spoof well known brands for example these spoofed ads may trick victims into clicking the ad which could then send them to malicious domain that may be clone of official websites containing trojanized versions of the advertised software adversary efforts to create malicious domains and purchase advertisements may also be automated at scale to better resist cleanup efforts malvertising may be used to support drive by target and drive by compromise potentially requiring limited interaction from the user if the ad contains code that infect the target system web browser adversaries may also employ several techniques to evade detection by the advertising network for example adversaries may dynamically route ad clicks to send automated crawler enforcer traffic to benign sites while validating potential targets then sending victims referred from real ad clicks to malicious pages this infection vector may therefore remain hidden from the ad network as well as any visitor not reaching the malicious sites with valid identifier from clicking on the advertisement other tricks such as intentional typos to avoid brand reputation monitoring may also be used to evade automated detection,0
adversaries may buy lease rent or obtain physical servers that can be used during targeting use of servers allows an adversary to stage launch and execute an operation during post compromise activity adversaries may utilize servers for various tasks such as watering hole operations in drive by compromise enabling phishing operations or facilitating command and control instead of compromising third party server or renting virtual private server adversaries may opt to configure and run their own servers in support of operations free trial periods of cloud servers may also be abused adversaries may only need lightweight setup if most of their activities will take place using online infrastructure or they may need to build extensive infrastructure if they want to test communicate and control other aspects of their activities on their own systems,0
adversaries may purchase and configure serverless cloud infrastructure such as cloudflare workers aws lambda functions or google apps scripts that can be used during targeting by utilizing serverless infrastructure adversaries can make it more difficult to attribute infrastructure used during operations back to them once acquired the serverless runtime environment can be leveraged to either respond directly to infected machines or to proxy traffic to an adversary owned command and control server as traffic generated by these functions will appear to come from subdomains of common cloud providers it may be difficult to distinguish from ordinary traffic to these providers making it easier to hide infrastructure,0
adversaries may rent virtual private servers vpss that can be used during targeting there exist variety of cloud service providers that will sell virtual machines as service by utilizing vps adversaries can make it difficult to physically tie back operations to them the use of cloud infrastructure can also make it easier for adversaries to rapidly provision modify and shut down their infrastructure acquiring vps for use in later stages of the adversary lifecycle such as command and control can allow adversaries to benefit from the ubiquity and trust associated with higher reputation cloud service providers adversaries may also acquire infrastructure from vps service providers that are known for renting vpss with minimal registration information allowing for more anonymous acquisitions of infrastructure,0
adversaries may register for web services that can be used during targeting variety of popular websites exist for adversaries to register for web based service that can be abused during later stages of the adversary lifecycle such as during command and control web service exfiltration over web service or phishing using common services such as those offered by google github or twitter makes it easier for adversaries to hide in expected noise by utilizing web service adversaries can make it difficult to physically tie back operations to them,0
adversaries may execute active reconnaissance scans to gather information that can be used during targeting active scans are those where the adversary probes victim infrastructure via network traffic as opposed to other forms of reconnaissance that do not involve direct interaction adversaries may perform different forms of active scanning depending on what information they seek to gather these scans can also be performed in various ways including using native features of network protocols such as icmp information from these scans may reveal opportunities for other forms of reconnaissance ex search open websites or search open technical databases establishing operational resources ex develop capabilities or obtain capabilities and initial access ex external remote services or exploit public facing application,0
adversaries may scan victim ip blocks to gather information that can be used during targeting public ip addresses may be allocated to organizations by block or range of sequential addresses adversaries may scan ip blocks in order to gather victim network information such as which ip addresses are actively in use as well as more detailed information about hosts assigned these addresses scans may range from simple pings icmp requests and responses to more nuanced scans that may reveal host software via server banners or other network artifacts information from these scans may reveal opportunities for other forms of reconnaissance ex search open websites or search open technical databases establishing operational resources ex develop capabilities or obtain capabilities and initial access ex external remote services,0
adversaries may scan victims for vulnerabilities that can be used during targeting vulnerability scans typically check if the configuration of target host ex software and version potentially aligns with the target of specific exploit the adversary may seek to use these scans may also include more broad attempts to gather victim host information that can be used to identify more commonly known exploitable vulnerabilities vulnerability scans typically harvest running software and version numbers via server banners listening ports or other network artifacts information from these scans may reveal opportunities for other forms of reconnaissance ex search open websites or search open technical databases establishing operational resources ex develop capabilities or obtain capabilities and initial access ex exploit public facing application,0
adversaries may iteratively probe infrastructure using brute forcing and crawling techniques while this technique employs similar methods to brute force its goal is the identification of content and infrastructure rather than the discovery of valid credentials wordlists used in these scans may contain generic commonly used names and file extensions or terms specific to particular software adversaries may also create custom target specific wordlists using data gathered from other reconnaissance techniques ex gather victim org information or search victim owned websites for example adversaries may use web content discovery tools such as dirb dirbuster and gobuster and generic or custom wordlists to enumerate website pages and directories this can help them to discover old vulnerable pages or hidden administrative portals that could become the target of further operations ex exploit public facing application or brute force as cloud storage solutions typically use globally unique names adversaries may also use target specific wordlists and tools such as s3recon and gcpbucketbrute to enumerate public and private buckets on cloud infrastructure once storage objects are discovered adversaries may leverage data from cloud storage to access valuable information that can be exfiltrated or used to escalate privileges and move laterally,0
adversaries may attempt to position themselves between two or more networked devices using an adversary in the middle aitm technique to support follow on behaviors such as network sniffing transmitted data manipulation or replay attacks exploitation for credential access by abusing features of common networking protocols that can determine the flow of network traffic arp dns llmnr etc adversaries may force device to communicate through an adversary controlled system so they can collect information or perform additional actions for example adversaries may manipulate victim dns settings to enable other malicious activities such as preventing users from accessing legitimate sites and pushing additional malware adversaries may also manipulate dns and leverage their position in order to intercept user credentials including access tokens steal application access token and session cookies steal web session cookie downgrade attack can also be used to establish an aitm position such as by negotiating less secure deprecated or weaker version of communication protocol ssl or encryption algorithm adversaries may also leverage the aitm position to attempt to monitor and modify traffic such as in transmitted data manipulation adversaries can setup position similar to aitm to prevent traffic from flowing to the appropriate destination potentially to impair defenses and in support of network denial of service,1
adversaries may poison address resolution protocol arp caches to position themselves between the communication of two or more networked devices this activity may be used to enable follow on behaviors such as network sniffing or transmitted data manipulation the arp protocol is used to resolve ipv4 addresses to link layer addresses such as media access control mac address devices in local network segment communicate with each other by using link layer addresses if networked device does not have the link layer address of particular networked device it may send out broadcast arp request to the local network to translate the ip address to mac address the device with the associated ip address directly replies with its mac address the networked device that made the arp request will then use as well as store that information in its arp cache an adversary may passively wait for an arp request to poison the arp cache of the requesting device the adversary may reply with their mac address thus deceiving the victim by making them believe that they are communicating with the intended networked device for the adversary to poison the arp cache their reply must be faster than the one made by the legitimate ip address owner adversaries may also send gratuitous arp reply that maliciously announces the ownership of particular ip address to all the devices in the local network segment the arp protocol is stateless and does not require authentication therefore devices may wrongly add or update the mac address of the ip address in their arp cache adversaries may use arp cache poisoning as means to intercept network traffic this activity may be used to collect and relay data such as credentials especially those sent over an insecure unencrypted protocol,1
adversaries may redirect network traffic to adversary owned systems by spoofing dynamic host configuration protocol dhcp traffic and acting as malicious dhcp server on the victim network by achieving the adversary in the middle aitm position adversaries may collect network communications including passed credentials especially those sent over insecure unencrypted protocols this may also enable follow on behaviors such as network sniffing or transmitted data manipulation dhcp is based on client server model and has two functionalities protocol for providing network configuration settings from dhcp server to client and mechanism for allocating network addresses to clients the typical server client interaction is as follows the client broadcasts discover message the server responds with an offer message which includes an available network address the client broadcasts request message which includes the network address offered the server acknowledges with an ack message and the client receives the network configuration parameters adversaries may spoof as rogue dhcp server on the victim network from which legitimate hosts may receive malicious network configurations for example malware can act as dhcp server and provide adversary owned dns servers to the victimized computers through the malicious network configurations an adversary may achieve the aitm position route client traffic through adversary controlled systems and collect information from the client network dhcpv6 clients can receive network configuration information without being assigned an ip address by sending code information request code message to the code all dhcp relay agents and servers multicast address adversaries may use their rogue dhcp server to respond to this request message with malicious network configurations rather than establishing an aitm position adversaries may also abuse dhcp spoofing to perform dhcp exhaustion attack service exhaustion flood by generating many broadcast discover messages to exhaust network dhcp allocation pool,1
adversaries may host seemingly genuine wi fi access points to deceive users into connecting to malicious networks as way of supporting follow on behaviors such as network sniffing transmitted data manipulation or input capture by using service set identifier ssid of legitimate wi fi network fraudulent wi fi access points may trick devices or users into connecting to malicious wi fi networks adversaries may provide stronger signal strength or block access to wi fi access points to coerce or entice victim devices into connecting to malicious networks wi fi pineapple network security auditing and penetration testing tool may be deployed in evil twin attacks for ease of use and broader range custom certificates may be used in an attempt to intercept traffic similarly adversaries may also listen for client devices sending probe requests for known or previously connected networks preferred network lists or pnls when malicious access point receives probe request adversaries can respond with the same ssid to imitate the trusted known network victim devices are led to believe the responding access point is from their pnl and initiate connection to the fraudulent network upon logging into the malicious wi fi access point user may be directed to fake login page or captive portal webpage to capture the victim credentials once user is logged into the fraudulent wi fi network the adversary may able to monitor network activity manipulate data or steal additional credentials locations with high concentrations of public wi fi access such as airports coffee shops or libraries may be targets for adversaries to set up illegitimate wi fi access points,0
by responding to llmnr network traffic adversaries may spoof an authoritative source for name resolution to force communication with an adversary controlled system this activity may be used to collect or relay authentication materials link local multicast name resolution llmnr and netbios name service nbt ns are microsoft windows components that serve as alternate methods of host identification llmnr is based upon the domain name system dns format and allows hosts on the same local link to perform name resolution for other hosts nbt ns identifies systems on local network by their netbios name multicast domain name system mdns is zero configuration service used to resolve hostnames to ip addresses with local as top level domain mdns is based upon domain name system dns format and allows hosts on the same network segment to perform name resolution for other hosts using multicast adversaries can spoof an authoritative source for name resolution on victim network by responding to llmnr udp udp udp traffic as if they know the identity of the requested host effectively poisoning the service so that the victims will communicate with the adversary controlled system if the requested host belongs to resource that requires identification the username and ntlmv2 hash will then be sent to the adversary controlled system the adversary can then collect the hash information sent over the wire through tools that monitor the ports for traffic or through network sniffing and crack the hashes offline through brute force to obtain the plaintext passwords in some cases where an adversary has access to system that is in the authentication path between systems or when automated scans that use credentials attempt to authenticate to an adversary controlled system the ntlmv1 hashes can be intercepted and relayed to access and execute code against target system the relay step can happen in conjunction with poisoning but may also be independent of it additionally adversaries may encapsulate the ntlmv1 hashes into various other protocols such as ldap mssql and to expand and use multiple services with the valid ntlm response several tools may be used to poison name services within local networks such as nbnspoof metasploit and responder,0
adversaries may communicate using osi application layer protocols to avoid detection filtering by blending in with existing traffic commands to the remote system and often the results of those commands will be embedded within the protocol traffic between the client and server adversaries may utilize many different protocols including those used for web browsing transferring files electronic mail dns or publishing for connections that occur internally within an enclave such as those between proxy or pivot node and other nodes commonly used protocols are smb ssh or rdp,1
adversaries may communicate using the domain name system dns application layer protocol to avoid detection filtering by blending in with existing traffic commands to the remote system and often the results of those commands will be embedded within the protocol traffic between the client and server the dns protocol serves an administrative function in computer networking and thus may be very common in environments dns traffic may also be allowed even before network authentication is completed dns packets contain many fields and headers in which data can be concealed often known as dns tunneling adversaries may abuse dns to communicate with systems under their control within victim network while also mimicking normal expected traffic dns beaconing may be used to send commands to remote systems via dns queries dns beacon is created by tunneling dns traffic protocol tunneling the commands may be embedded into different dns records for example txt or records dns beacons may be difficult to detect because the beacons infrequently communicate with infected devices infrequent communication conceals the malicious dns traffic with normal dns traffic,1
adversaries may communicate using application layer protocols associated with transferring files to avoid detection filtering by blending in with existing traffic commands to the remote system and often the results of those commands will be embedded within the protocol traffic between the client and server protocols such as smb ftp ftps and tftp that transfer files may be very common in environments packets produced from these protocols may have many fields and headers in which data can be concealed data could also be concealed within the transferred files an adversary may abuse these protocols to communicate with systems under their control within victim network while also mimicking normal expected traffic,1
adversaries may communicate using application layer protocols associated with electronic mail delivery to avoid detection filtering by blending in with existing traffic commands to the remote system and often the results of those commands will be embedded within the protocol traffic between the client and server protocols such as smtp pop3 and imap that carry electronic mail may be very common in environments packets produced from these protocols may have many fields and headers in which data can be concealed data could also be concealed within the email messages themselves an adversary may abuse these protocols to communicate with systems under their control within victim network while also mimicking normal expected traffic,1
adversaries may communicate using publish pub application layer protocols to avoid detection filtering by blending in with existing traffic commands to the remote system and often the results of those commands will be embedded within the protocol traffic between the client and server protocols such as code mqtt code xmpp code amqp and code stomp use publish design with message distribution managed by centralized broker publishers categorize their messages by topics while subscribers receive messages according to their subscribed topics an adversary may abuse publish protocols to communicate with systems under their control from behind message broker while also mimicking normal expected traffic,1
adversaries may communicate using application layer protocols associated with web traffic to avoid detection filtering by blending in with existing traffic commands to the remote system and often the results of those commands will be embedded within the protocol traffic between the client and server protocols such as and websocket that carry web traffic may be very common in environments packets have many fields and headers in which data can be concealed an adversary may abuse these protocols to communicate with systems under their control within victim network while also mimicking normal expected traffic,1
adversaries may attempt to get listing of open application windows window listings could convey information about how the system is used for example information about application windows could be used identify potential data to collect as well as identifying security tooling security software discovery to evade adversaries typically abuse system features for this type of enumeration for example they may gather information through native system features such as command and scripting interpreter commands and native api functions,1
an adversary may compress and encrypt data that is collected prior to exfiltration compressing the data can help to obfuscate the collected data and minimize the amount of data sent over the network encryption can be used to hide information that is being exfiltrated from detection or make exfiltration less conspicuous upon inspection by defender both compression and encryption are done prior to exfiltration and can be performed using utility 3rd party library or custom method,1
an adversary may compress or encrypt data that is collected prior to exfiltration using custom method adversaries may choose to use custom archival methods such as encryption with xor or stream ciphers implemented with no external library or utility references custom implementations of well known compression algorithms have also been used,1
an adversary may compress or encrypt data that is collected prior to exfiltration using 3rd party libraries many libraries exist that can archive data including python rarfile libzip and zlib most libraries include functionality to encrypt and compress data some archival libraries are preinstalled on systems such as bzip2 on macos and linux and zip on windows note that the libraries are different from the utilities the libraries can be linked against when compiling while the utilities require spawning subshell or similar execution mechanism,1
adversaries may use utilities to compress and encrypt collected data prior to exfiltration many utilities include functionalities to compress encrypt or otherwise package data into format that is easier secure to transport adversaries may abuse various utilities to compress or encrypt data before exfiltration some third party utilities may be preinstalled such as code tar on linux and macos or code zip on windows systems on windows code diantz or code makecab may be used to package collected files into cabinet cab file code diantz may also be used to download and compress files from remote locations remote data staging code xcopy on windows can copy files and directories with variety of options additionally adversaries may use certutil to base64 encode collected data before exfiltration adversaries may use also third party utilities such as zip winrar and winzip to perform similar activities,1
an adversary can leverage computer peripheral devices microphones and webcams or applications voice and video call services to capture audio recordings for the purpose of listening into sensitive conversations to gather information malware or scripts may be used to interact with the devices through an available api provided by the operating system or an application to capture audio audio files may be written to disk and exfiltrated later,1
once established within system or network an adversary may use automated techniques for collecting internal data methods for performing this technique could include use of command and scripting interpreter to search for and copy information fitting set criteria such as file type location or name at specific time intervals in cloud based environments adversaries may also use cloud apis data pipelines command line interfaces or extract transform and load etl services to automatically collect data this functionality could also be built into remote access tools this technique may incorporate use of other techniques such as file and directory discovery and lateral tool transfer to identify and move files as well as cloud service dashboard and cloud storage object discovery to identify resources in cloud environments,1
adversaries may exfiltrate data such as sensitive documents through the use of automated processing after being gathered during collection when automated exfiltration is used other exfiltration techniques likely apply as well to transfer the information out of the network such as exfiltration over c2 channel and exfiltration over alternative protocol,1
adversaries may leverage traffic mirroring in order to automate data exfiltration over compromised infrastructure traffic mirroring is native feature for some devices often used for network analysis for example devices may be configured to forward network traffic to one or more destinations for analysis by network analyzer or other monitoring device adversaries may abuse traffic mirroring to mirror or redirect network traffic through other infrastructure they control malicious modifications to network devices to enable traffic redirection may be possible through rommonkit or patch system image many cloud based environments also support traffic mirroring for example aws traffic mirroring gcp packet mirroring and azure vtap allow users to define specified instances to collect traffic from and specified targets to send collected traffic to adversaries may use traffic duplication in conjunction with network sniffing input capture or adversary in the middle depending on the goals and objectives of the adversary,0
adversaries may abuse bits jobs to persistently execute code and perform various background tasks windows background intelligent transfer service bits is low bandwidth asynchronous file transfer mechanism exposed through component object model com bits is commonly used by updaters messengers and other applications preferred to operate in the background using available idle bandwidth without interrupting other networked applications file transfer tasks are implemented as bits jobs which contain queue of one or more file operations the interface to create and manage bits jobs is accessible through powershell and the bitsadmin tool adversaries may abuse bits to download ingress tool transfer execute and even clean up after running malicious code indicator removal bits tasks are self contained in the bits job database without new files or registry modifications and often permitted by host firewalls bits enabled execution may also enable persistence by creating long standing jobs the default maximum lifetime is days and extendable or invoking an arbitrary program when job completes or errors including after system reboots bits upload functionalities can also be used to perform exfiltration over alternative protocol,0
adversaries may configure system settings to automatically execute program during system boot or logon to maintain persistence or gain higher level privileges on compromised systems operating systems may have mechanisms for automatically running program on system boot or account logon these mechanisms may include automatically executing programs that are placed in specially designated directories or are referenced by repositories that store configuration information such as the windows registry an adversary may achieve the same goal by modifying or extending features of the kernel since some boot or logon autostart programs run with higher privileges an adversary may leverage these to elevate privileges,1
adversaries may achieve persistence by adding registry key to the active setup of the local machine active setup is windows mechanism that is used to execute programs when user logs in the value stored in the registry key will be executed after user logs into the computer these programs will be executed under the context of the user and will have the account associated permissions level adversaries may abuse active setup by creating key under code hklm software microsoft active setup installed components and setting malicious value for code stubpath this value will serve as the program that will be executed when user logs into the computer adversaries can abuse these components to execute malware such as remote access tools to maintain persistence through system reboots adversaries may also use masquerading to make the registry entries look as if they are associated with legitimate programs,0
adversaries may abuse authentication packages to execute dlls when the system boots windows authentication package dlls are loaded by the local security authority lsa process at system start they provide support for multiple logon processes and multiple security protocols to the operating system adversaries can use the autostart mechanism provided by lsa authentication packages for persistence by placing reference to binary in the windows registry location code hklm system currentcontrolset control lsa with the key value of code authentication packages lt target binary gt the binary will then be executed by the system when the authentication packages are loaded,0
adversaries may modify the kernel to automatically execute programs on system boot loadable kernel modules lkms are pieces of code that can be loaded and unloaded into the kernel upon demand they extend the functionality of the kernel without the need to reboot the system for example one type of module is the device driver which allows the kernel to access hardware connected to the system when used maliciously lkms can be type of kernel mode rootkit that run with the highest operating system privilege ring common features of lkm based rootkits include hiding itself selective hiding of files processes and network activity as well as log tampering providing authenticated backdoors and enabling root access to non privileged users kernel extensions also called kext are used in macos to load functionality onto system similar to lkms for linux since the kernel is responsible for enforcing security and the kernel extensions run as apart of the kernel kexts are not governed by macos security policies kexts are loaded and unloaded through code kextload and code kextunload commands kexts need to be signed with developer id that is granted privileges by apple allowing it to sign kernel extensions developers without these privileges may still sign kexts but they will not load unless sip is disabled if sip is enabled the kext signature is verified before being added to the auxkc since macos catalina kernel extensions have been deprecated in favor of system extensions however kexts are still allowed as legacy system extensions since there is no system extension for kernel programming interfaces adversaries can use lkms and kexts to conduct persistence and privilege escalation on system examples have been found in the wild and there are some relevant open source projects as well,1
adversaries may modify or add lsass drivers to obtain persistence on compromised systems the windows security subsystem is set of components that manage and enforce the security policy for computer or domain the local security authority lsa is the main component responsible for local security policy and user authentication the lsa includes multiple dynamic link libraries dlls associated with various other security functions all of which run in the context of the lsa subsystem service lsass lsass exe process adversaries may target lsass drivers to obtain persistence by either replacing or adding illegitimate drivers hijack execution flow an adversary can use lsa operations to continuously execute malicious payloads,0
adversaries may add login items to execute upon user login to gain persistence or escalate privileges login items are applications documents folders or server connections that are automatically launched when user logs in login items can be added via shared file list or service management framework shared file list login items can be set using scripting languages such as applescript whereas the service management framework uses the api call code smloginitemsetenabled login items installed using the service management framework leverage code launchd are not visible in the system preferences and can only be removed by the application that created them login items created using shared file list are visible in system preferences can hide the application when it launches and are executed through launchservices not launchd to open applications documents or urls without using finder users and applications use login items to configure their user environment to launch commonly used services or applications such as email chat and music applications adversaries can utilize applescript and native api calls to create login item to spawn malicious executables prior to version on macos adversaries can add login items by using applescript to send an apple events to the system events process which has an applescript dictionary for manipulating login items adversaries can use command such as code tell application system events to make login item at end with properties this command adds the path of the malicious executable to the login item file list located in code support adversaries can also use login items to launch executables that can be used to control the victim system remotely or as means to gain privilege escalation by prompting for user credentials,0
adversaries may use port monitors to run an adversary supplied dll during system boot for persistence or privilege escalation port monitor can be set through the code addmonitor api call to set dll to be loaded at startup this dll can be located in code and will be loaded and run by the print spooler service spoolsv exe under system level permissions on boot alternatively an arbitrary dll can be loaded if permissions allow writing fully qualified pathname for that dll to the driver value of an existing or new arbitrarily named subkey of code hklm system currentcontrolset control print monitors the registry key contains entries for the following local port standard tcp port usb monitor wsd port,0
adversaries may abuse print processors to run malicious dlls during system boot for persistence and privilege escalation print processors are dlls that are loaded by the print spooler service spoolsv exe during boot adversaries may abuse the print spooler service by adding print processors that load malicious dlls at startup print processor can be installed through the code addprintprocessor api call with an account that has code seloaddriverprivilege enabled alternatively print processor can be registered to the print spooler service by adding the code hklm system currentcontrolset or controlset001 control print environments windows architecture windows x64 print processors user defined driver registry key that points to the dll for the malicious print processor to be correctly installed the payload must be located in the dedicated system print processor directory that can be found with the code getprintprocessordirectory api call or referenced via relative path from this directory after the print processors are installed the print spooler service which starts during boot must be restarted in order for them to run the print spooler service runs under system level permissions therefore print processors installed by an adversary may run under elevated privileges,0
adversaries may modify plist files to automatically run an application when user logs in when user logs out or restarts via the macos graphical user interface gui prompt is provided to the user with checkbox to reopen windows when logging back in when selected all applications currently open are added to property list file named code com apple loginwindow uuid plist within the code directory applications listed in this file are automatically reopened upon the user next logon adversaries can establish persistence by adding malicious application path to the code com apple loginwindow uuid plist file to execute payloads when user logs in,0
adversaries may achieve persistence by adding program to startup folder or referencing it with registry run key adding an entry to the run keys in the registry or startup folder will cause the program referenced to be executed when user logs in these programs will be executed under the context of the user and will have the account associated permissions level the following run keys are created by default on windows systems code hkey current user software microsoft windows currentversion run code hkey current user software microsoft windows currentversion runonce code hkey local machine software microsoft windows currentversion run code hkey local machine software microsoft windows currentversion runonce run keys may exist under multiple hives the code hkey local machine software microsoft windows currentversion runonceex is also available but is not created by default on windows vista and newer registry run key entries can reference programs directly or list them as dependency for example it is possible to load dll at logon using depend key with runonceex code reg add hklm software microsoft windows currentversion runonceex depend placing program within startup folder will also cause that program to execute when user logs in there is startup folder location for individual user accounts as well as system wide startup folder that will be checked regardless of which user account logs in the startup folder path for the current user is code menu programs startup the startup folder path for all users is code menu programs startup the following registry keys can be used to set startup folder items for persistence code hkey current user software microsoft windows currentversion explorer user shell folders code hkey current user software microsoft windows currentversion explorer shell folders code hkey local machine software microsoft windows currentversion explorer shell folders code hkey local machine software microsoft windows currentversion explorer user shell folders the following registry keys can control automatic startup of services during boot code hkey local machine software microsoft windows currentversion runservicesonce code hkey current user software microsoft windows currentversion runservicesonce code hkey local machine software microsoft windows currentversion runservices code hkey current user software microsoft windows currentversion runservices using policy settings to specify startup programs creates corresponding values in either of two registry keys code hkey local machine software microsoft windows currentversion policies explorer run code hkey current user software microsoft windows currentversion policies explorer run programs listed in the load value of the registry key code hkey current user software microsoft windows nt currentversion windows run automatically for the currently logged on user by default the multistring code bootexecute value of the registry key code hkey local machine system currentcontrolset control session manager is set to code autocheck autochk this value causes windows at startup to check the file system integrity of the hard disks if the system has been shut down abnormally adversaries can add other programs or processes to this registry value which will automatically launch at boot adversaries can use these configuration locations to execute malware such as remote access tools to maintain persistence through system reboots adversaries may also use masquerading to make the registry entries look as if they are associated with legitimate programs,0
adversaries may abuse security support providers ssps to execute dlls when the system boots windows ssp dlls are loaded into the local security authority lsa process at system start once loaded into the lsa ssp dlls have access to encrypted and plaintext passwords that are stored in windows such as any logged on user domain password or smart card pins the ssp configuration is stored in two registry keys code hklm system currentcontrolset control lsa security packages and code hklm system currentcontrolset control lsa osconfig security packages an adversary may modify these registry keys to add new ssps which will be loaded the next time the system boots or when the addsecuritypackage windows api function is called,0
adversaries may create or modify shortcuts that can execute program during system boot or user login shortcuts or symbolic links are used to reference other files or programs that will be opened or executed when the shortcut is clicked or executed by system startup process adversaries may abuse shortcuts in the startup folder to execute their tools and achieve persistence although often used as payloads in an infection chain spearphishing attachment adversaries may also create new shortcut as means of indirection while also abusing masquerading to make the malicious shortcut appear as legitimate program adversaries can also edit the target path or entirely replace an existing shortcut so their malware will be executed instead of the intended legitimate program shortcuts can also be abused to establish persistence by implementing other methods for example lnk browser extensions may be modified browser extensions to persistently launch malware,0
adversaries may abuse time providers to execute dlls when the system boots the windows time service w32time enables time synchronization across and within domains w32time time providers are responsible for retrieving time stamps from hardware resources and outputting these values to other network clients time providers are implemented as dynamic link libraries dlls that are registered in the subkeys of hkey local machine system currentcontrolset services w32time timeproviders the time provider manager directed by the service control manager loads and starts time providers listed and enabled under this key at system startup and whenever parameters are changed adversaries may abuse this architecture to establish persistence specifically by creating new arbitrarily named subkey pointing to malicious dll in the dllname value administrator privileges are required for time provider registration though execution will run in context of the local service account,0
adversaries may abuse features of winlogon to execute dlls and executables when user logs in winlogon exe is windows component responsible for actions at logon as well as the secure attention sequence sas triggered by ctrl alt delete registry entries in code hklm software wow6432node microsoft windows nt currentversion winlogon and code hkcu software microsoft windows nt currentversion winlogon are used to manage additional helper programs and functionalities that support winlogon malicious modifications to these registry keys may cause winlogon to load and execute malicious dlls and executables specifically the following subkeys have been known to be possibly vulnerable to abuse winlogon notify points to notification package dlls that handle winlogon events winlogon userinit points to userinit exe the user initialization program executed when user logs on winlogon shell points to explorer exe the system shell executed when user logs on adversaries may take advantage of these features to repeatedly execute malicious code and establish persistence,0
adversaries may add or modify xdg autostart entries to execute malicious programs or commands when user desktop environment is loaded at login xdg autostart entries are available for any xdg compliant linux system xdg autostart entries use desktop entry files desktop to configure the user desktop environment upon user login these configuration files determine what applications launch upon user login define associated applications to open specific file types and define applications used to open removable media adversaries may abuse this feature to establish persistence by adding path to malicious binary or command to the exec directive in the desktop configuration file when the user desktop environment is loaded at user login the desktop files located in the xdg autostart directories are automatically executed system wide autostart entries are located in the directory while the user entries are located in the directory adversaries may combine this technique with masquerading to blend malicious autostart entries with legitimate programs,1
adversaries may use scripts automatically executed at boot or logon initialization to establish persistence initialization scripts can be used to perform administrative functions which may often execute other programs or send information to an internal logging server these scripts can vary based on operating system and whether applied locally or remotely adversaries may use these scripts to maintain persistence on single system depending on the access configuration of the logon scripts either local credentials or an administrator account may be necessary an adversary may also be able to escalate their privileges since some boot or logon initialization scripts run with higher privileges,1
adversaries may use login hook to establish persistence executed upon user logon login hook is plist file that points to specific script to execute with root privileges upon user logon the plist file is located in the code file and can be modified using the code defaults command line utility this behavior is the same for logout hooks where script can be executed upon user logout all hooks require administrator permissions to modify or create hooks adversaries can add or insert path to malicious script in the code com apple loginwindow plist file using the code loginhook or code logouthook key value pair the malicious script is executed upon the next user login if login hook already exists adversaries can add additional commands to an existing login hook there can be only one login and logout hook on system at time note login hooks were deprecated in version of macos in favor of launch daemon and launch agent,0
adversaries may use windows logon scripts automatically executed at logon initialization to establish persistence windows allows logon scripts to be run whenever specific user or group of users log into system this is done via adding path to script to the code hkcu environment userinitmprlogonscript registry key adversaries may use these scripts to maintain persistence on single system depending on the access configuration of the logon scripts either local credentials or an administrator account may be necessary,0
adversaries may use network logon scripts automatically executed at logon initialization to establish persistence network logon scripts can be assigned using active directory or group policy objects these logon scripts run with the privileges of the user they are assigned to depending on the systems within the network initializing one of these scripts could apply to more than one or potentially all systems adversaries may use these scripts to maintain persistence on network depending on the access configuration of the logon scripts either local credentials or an administrator account may be necessary,0
adversaries may establish persistence by modifying rc scripts which are executed during unix like system startup these files allow system administrators to map and start custom services at startup for different run levels rc scripts require root privileges to modify adversaries may establish persistence by adding malicious binary path or shell commands to code rc local code rc common and other rc scripts specific to the unix like distribution upon reboot the system executes the script contents as root resulting in persistence adversary abuse of rc scripts is especially effective for lightweight unix like distributions using the root user as default such as esxi hypervisors iot or embedded systems as esxi servers store most system files in memory and therefore discard changes on shutdown leveraging is one of the few mechanisms for enabling persistence across reboots several unix like systems have moved to systemd and deprecated the use of rc scripts this is now deprecated mechanism in macos in favor of launchd this technique can be used on mac os panther v10 and earlier versions which still execute the rc scripts to maintain backwards compatibility some systems such as ubuntu will execute the rc scripts if they exist with the correct file permissions,1
adversaries may use startup items automatically executed at boot initialization to establish persistence startup items execute during the final phase of the boot process and contain shell scripts or other executable files along with configuration information used by the system to determine the execution order for all startup items this is technically deprecated technology superseded by launch daemon and thus the appropriate folder code isn guaranteed to exist on the system by default but does appear to exist by default on macos sierra startup item is directory whose executable and configuration property list plist code startupparameters plist reside in the top level directory an adversary can create the appropriate folders in the startupitems directory to register their own persistence mechanism additionally since startupitems run during the bootup phase of macos they will run as the elevated root user,0
adversaries may enumerate information about browsers to learn more about compromised environments data saved by browsers such as bookmarks accounts and browsing history may reveal variety of personal information about users banking sites relationships social media etc as well as details about internal network resources such as servers tools or other related infrastructure browser information may also highlight additional targets after an adversary has access to valid credentials especially credentials in files associated with logins cached by browser specific storage locations vary based on platform and application but browser information is typically stored in local files and databases appdata,1
adversaries may take advantage of security vulnerabilities and inherent functionality in browser software to change content modify user behaviors and intercept information as part of various browser session hijacking techniques specific example is when an adversary injects software into browser that allows them to inherit cookies http sessions and ssl client certificates of user then use the browser as way to pivot into an authenticated intranet executing browser based behaviors such as pivoting may require specific process permissions such as code sedebugprivilege and high integrity rights another example involves pivoting browser traffic from the adversary browser through the user browser by setting up proxy which will redirect web traffic this does not alter the user traffic in any way and the proxy connection can be severed as soon as the browser is closed the adversary assumes the security context of whichever browser process the proxy is injected into browsers typically create new process for each tab that is opened and permissions and certificates are separated accordingly with these permissions an adversary could potentially browse to any resource on an intranet such as sharepoint or webmail that is accessible through the browser and which the browser has sufficient permissions browser pivoting may also bypass security provided by factor authentication,0
adversaries may use brute force techniques to gain access to accounts when passwords are unknown or when password hashes are obtained without knowledge of the password for an account or set of accounts an adversary may systematically guess the password using repetitive or iterative mechanism brute forcing passwords can take place via interaction with service that will check the validity of those credentials or offline against previously acquired credential data such as password hashes brute forcing credentials may take place at various points during breach for example adversaries may attempt to brute force access to valid accounts within victim environment leveraging knowledge gathered from other post compromise behaviors such as os credential dumping account discovery or password policy discovery adversaries may also combine brute forcing activity with behaviors such as external remote services as part of initial access if an adversary guesses the correct password but fails to login to compromised account due to location based conditional access policies they may change their infrastructure until they match the victim location and therefore bypass those policies,1
adversaries may use credentials obtained from breach dumps of unrelated accounts to gain access to target accounts through credential overlap occasionally large numbers of username and password pairs are dumped online when website or service is compromised and the user account credentials accessed the information may be useful to an adversary attempting to compromise accounts by taking advantage of the tendency for users to use the same passwords across personal and business accounts credential stuffing is risky option because it could cause numerous authentication failures and account lockouts depending on the organization login failure policies typically management services over commonly used ports are used when stuffing credentials commonly targeted services include the following ssh telnet ftp netbios smb samba ldap kerberos rdp terminal services management services mssql oracle mysql vnc in addition to management services adversaries may target single sign on sso and cloud based applications utilizing federated authentication protocols as well as externally facing email applications such as office,1
adversaries may use password cracking to attempt to recover usable credentials such as plaintext passwords when credential material such as password hashes are obtained os credential dumping can be used to obtain password hashes this may only get an adversary so far when pass the hash is not an option further adversaries may leverage data from configuration repository in order to obtain hashed credentials for network devices techniques to systematically guess the passwords used to compute hashes are available or the adversary may use pre computed rainbow table to crack hashes cracking hashes is usually done on adversary controlled systems outside of the target network the resulting plaintext password resulting from successfully cracked hash may be used to log into systems resources and services in which the account has access,1
adversaries with no prior knowledge of legitimate credentials within the system or environment may guess passwords to attempt access to accounts without knowledge of the password for an account an adversary may opt to systematically guess the password using repetitive or iterative mechanism an adversary may guess login credentials without prior knowledge of system or environment passwords during an operation by using list of common passwords password guessing may or may not take into account the target policies on password complexity or use policies that may lock accounts out after number of failed attempts guessing passwords can be risky option because it could cause numerous authentication failures and account lockouts depending on the organization login failure policies typically management services over commonly used ports are used when guessing passwords commonly targeted services include the following ssh telnet ftp netbios smb samba ldap kerberos rdp terminal services management services mssql oracle mysql vnc snmp and in addition to management services adversaries may target single sign on sso and cloud based applications utilizing federated authentication protocols as well as externally facing email applications such as office further adversaries may abuse network device interfaces such as wlanapi to brute force accessible wifi router via wireless authentication protocols in default environments ldap and kerberos connection attempts are less likely to trigger events over smb which creates windows logon failure event id,1
adversaries may use single or small list of commonly used passwords against many different accounts to attempt to acquire valid account credentials password spraying uses one password password01 or small list of commonly used passwords that may match the complexity policy of the domain logins are attempted with that password against many different accounts on network to avoid account lockouts that would normally occur when brute forcing single account with many passwords typically management services over commonly used ports are used when password spraying commonly targeted services include the following ssh telnet ftp netbios smb samba ldap kerberos rdp terminal services management services mssql oracle mysql vnc in addition to management services adversaries may target single sign on sso and cloud based applications utilizing federated authentication protocols as well as externally facing email applications such as office in order to avoid detection thresholds adversaries may deliberately throttle password spraying attempts to avoid triggering security alerting additionally adversaries may leverage ldap and kerberos authentication attempts which are less likely to trigger high visibility events such as windows logon failure event id that is commonly triggered by failed smb connection attempts,1
adversaries may build container image directly on host to bypass defenses that monitor for the retrieval of malicious images from public registry remote code build request may be sent to the docker api that includes dockerfile that pulls vanilla base image such as alpine from public or local registry and then builds custom image upon it an adversary may take advantage of that code build api to build custom image on the host that includes malware downloaded from their c2 server and then they may utilize deploy container using that custom image if the base image is pulled from public registry defenses will likely not detect the image as malicious since it vanilla image if the base image already resides in local registry the pull may be considered even less suspicious since the image is already in the environment,0
adversaries may collect data stored in the clipboard from users copying information within or between applications for example on windows adversaries can access clipboard data by using code clip exe or code get clipboard additionally adversaries may monitor then replace users clipboard with their data transmitted data manipulation macos and linux also have commands such as code pbpaste to grab clipboard contents,1
adversaries may abuse cloud management services to execute commands within virtual machines resources such as aws systems manager azure runcommand and runbooks allow users to remotely run scripts in virtual machines by leveraging installed virtual machine agents if an adversary gains administrative access to cloud environment they may be able to abuse cloud management services to execute commands in the environment virtual machines additionally an adversary that compromises service provider or delegated administrator account may similarly be able to leverage trusted relationship to execute commands in connected virtual machines,0
adversaries may achieve persistence by leveraging oauth application integrations in software as service environment adversaries may create custom application add legitimate application into the environment or even co opt an existing integration to achieve malicious ends oauth is an open standard that allows users to authorize applications to access their information on their behalf in saas environment such as microsoft or google workspace users may integrate applications to improve their workflow and achieve tasks leveraging application integrations may allow adversaries to persist in an environment for example by granting consent to an application from high privileged adversary controlled account in order to maintain access to its data even in the event of losing access to the account in some cases integrations may remain valid even after the original consenting user account is disabled application integrations may also allow adversaries to bypass multi factor authentication requirements through the use of application access token finally they may enable persistent automated exfiltration over time creating or adding new application may require the adversary to create dedicated cloud account for the application and assign it additional cloud roles for example in microsoft environments an application can only access resources via an associated service principal,0
an adversary may attempt to discover infrastructure and resources that are available within an infrastructure as service iaas environment this includes compute service resources such as instances virtual machines and snapshots as well as resources of other services including the storage and database services cloud providers offer methods such as apis and commands issued through clis to serve information about infrastructure for example aws provides code describeinstances api within the amazon ec2 api that can return information about one or more instances within an account the code listbuckets api that returns list of all buckets owned by the authenticated sender of the request the code headbucket api to determine bucket existence along with access permissions of the request sender or the code getpublicaccessblock api to retrieve access block configuration for bucket similarly gcp cloud sdk cli provides the code gcloud compute instances list command to list all google compute engine instances in project and azure cli command code az vm list lists details of virtual machines in addition to api commands adversaries can utilize open source tools to discover cloud storage infrastructure through wordlist scanning an adversary may enumerate resources using compromised user access keys to determine which are available to that user the discovery of these available resources may help adversaries determine their next steps in the cloud environment such as establishing persistence an adversary may also use this information to change the configuration to make the bucket publicly accessible allowing data to be accessed without authentication adversaries have also may use infrastructure discovery apis such as code describedbinstances to determine size owner permissions and network acls of database resources adversaries can use this information to determine the potential value of databases and discover the requirements to access them unlike in cloud service discovery this technique focuses on the discovery of components of the provided services rather than the services themselves,0
an adversary may use cloud service dashboard gui with stolen credentials to gain useful information from an operational cloud environment such as specific services resources and features for example the gcp command center can be used to view all assets review findings of potential security risks and run additional queries such as finding public ip addresses and open ports depending on the configuration of the environment an adversary may be able to enumerate more information via the graphical dashboard than an api this also allows the adversary to gain information without manually making any api requests,0
an adversary may attempt to enumerate the cloud services running on system after gaining access these methods can differ from platform as service paas to infrastructure as service iaas or software as service saas many services exist throughout the various cloud providers and can include continuous integration and continuous delivery ci lambda functions entra id etc they may also include security services such as aws guardduty and microsoft defender for cloud and logging services such as aws cloudtrail and google cloud audit logs adversaries may attempt to discover information about the services enabled throughout the environment azure tools and apis such as the microsoft graph api and azure resource manager api can enumerate resources and services including applications management groups resources and policy definitions and their relationships that are accessible by an identity for example stormspotter is an open source tool for enumerating and constructing graph for azure resources and services and pacu is an open source aws exploitation framework that supports several methods for discovering cloud services adversaries may use the information gained to shape follow on behaviors such as targeting data or credentials from enumerated services or evading identified defenses through disable or modify tools or disable or modify cloud log,0
adversaries may enumerate objects in cloud storage infrastructure adversaries may use this information during automated discovery to shape follow on behaviors including requesting all or specific objects from cloud storage similar to file and directory discovery on local host after identifying available storage services cloud infrastructure discovery adversaries may access the contents stored in cloud infrastructure cloud service providers offer apis allowing users to enumerate objects stored within cloud storage examples include listobjectsv2 in aws and list blobs in azure,0
adversaries may abuse command and script interpreters to execute commands scripts or binaries these interfaces and languages provide ways of interacting with computer systems and are common feature across many different platforms most systems come with some built in command line interface and scripting capabilities for example macos and linux distributions include some flavor of unix shell while windows installations include the windows command shell and powershell there are also cross platform interpreters such as python as well as those commonly associated with client applications such as javascript and visual basic adversaries may abuse these technologies in various ways as means of executing arbitrary commands commands and scripts can be embedded in initial access payloads delivered to victims as lure documents or as secondary payloads downloaded from an existing c2 adversaries may also execute commands through interactive terminals as well as utilize various remote services in order to achieve remote execution,1
adversaries may abuse applescript for execution applescript is macos scripting language designed to control applications and parts of the os via inter application messages called appleevents these appleevent messages can be sent independently or easily scripted with applescript these events can locate open windows send keystrokes and interact with almost any open application locally or remotely scripts can be run from the command line via code osascript or code osascript script here aside from the command line scripts can be executed in numerous ways including mail rules calendar app alarms and automator workflows applescripts can also be executed as plain text shell scripts by adding code to the start of the script file applescripts do not need to call code osascript to execute however they may be executed from within mach binaries by using the macos native api code nsapplescript or code osascript both of which execute code independent of the code command line utility adversaries may abuse applescript to execute various behaviors such as interacting with an open ssh connection moving to remote machines and even presenting users with fake dialog boxes these events cannot start applications remotely they can start them locally but they can interact with applications if they re already running remotely on macos yosemite and higher applescript has the ability to execute native api which otherwise would require compilation and execution in mach binary file format since this is scripting language it can be used to launch more common techniques as well such as reverse shell via python,0
adversaries may execute commands and perform malicious tasks using autoit and autohotkey automation scripts autoit and autohotkey ahk are scripting languages that enable users to automate windows tasks these automation scripts can be used to perform wide variety of actions such as clicking on buttons entering text and opening and closing programs adversaries may use ahk ahk and autoit au3 scripts to execute malicious code on victim system for example adversaries have used for ahk to execute payloads and other modular malware such as keyloggers adversaries have also used custom ahk files containing embedded malware as phishing payloads these scripts may also be compiled into self contained executable payloads exe,0
adversaries may abuse cloud apis to execute malicious commands apis available in cloud environments provide various functionalities and are feature rich method for programmatic access to nearly all aspects of tenant these apis may be utilized through various methods such as command line interpreters clis in browser cloud shells powershell modules like azure for powershell or software developer kits sdks available for languages such as python cloud api functionality may allow for administrative access across all major services in tenant such as compute storage identity and access management iam networking and security policies with proper permissions often via use of credentials such as application access token and web session cookie adversaries may abuse cloud apis to invoke various functions that execute malicious actions for example cli and powershell functionality may be accessed through binaries installed on cloud hosted or on premises hosts or accessed through browser based cloud shell offered by many cloud platforms such as aws azure and gcp these cloud shells are often packaged unified environment to use cli and scripting modules hosted as container in the cloud environment,0
adversaries may abuse built in cli tools or api calls to execute malicious commands in containerized environments the docker cli is used for managing containers via an exposed api point from the dockerd daemon some common examples of docker cli include docker desktop cli and docker compose but users are also able to use sdks to interact with the api for example docker sdk for python can be used to run commands within python application adversaries may leverage the docker cli api or sdk to pull or build docker images ingress tool transfer build image on host run containers deploy container or execute commands inside running containers container administration command in some cases threat actors may pull legitimate images that include scripts or tools that they can leverage for example using an image that includes the curl command to download payloads adversaries may also utilize docker inspect and docker ps to scan for cloud environment variables and other running containers container and resource discovery kubernetes is responsible for the management and orchestration of containers across clusters the kubernetes control plane which manages the state of the cluster and is responsible for scheduling communication and resource monitoring can be invoked directly via the api or indirectly via cli tools such as kubectl it may also be accessed within client libraries such as go or python by utilizing the api administrators can interact with resources within the cluster such as listing or creating pods which is group of one or more containers adversaries call the api server via curl or other tools allowing them to obtain further information about the environment such as pods deployments daemonsets namespaces or sysvars they may also run various commands regarding resource management,0
adversaries may abuse hypervisor command line interpreters clis to execute malicious commands hypervisor clis typically enable wide variety of functionality for managing both the hypervisor itself and the guest virtual machines it hosts for example on esxi systems tools such as esxcli and vim cmd allow administrators to configure firewall rules and log forwarding on the hypervisor list virtual machines start and stop virtual machines and more adversaries may be able to leverage these tools in order to support further actions such as file and directory discovery or data encrypted for impact,0
adversaries may abuse various implementations of javascript for execution javascript js is platform independent scripting language compiled just in time at runtime commonly associated with scripts in webpages though js can be executed in runtime environments outside the browser jscript is the microsoft implementation of the same scripting standard jscript is interpreted via the windows script engine and thus integrated with many components of windows such as the component object model and internet explorer html application hta pages javascript for automation jxa is macos scripting language based on javascript included as part of apple open scripting architecture osa that was introduced in osx apple osa provides scripting capabilities to control applications interface with the operating system and bridge access into the rest of apple internal apis as of osx osa only supports two languages jxa and applescript scripts can be executed via the command line utility code osascript they can be compiled into applications or script files via code osacompile and they can be compiled and executed in memory of other programs by leveraging the osakit framework adversaries may abuse various implementations of javascript to execute various behaviors common uses include hosting malicious scripts on websites as part of drive by compromise or downloading and executing these script files as secondary payloads since these payloads are text based it is also very common for adversaries to obfuscate their content as part of obfuscated files or information,1
adversaries may abuse lua commands and scripts for execution lua is cross platform scripting and programming language primarily designed for embedded use in applications lua can be executed on the command line through the stand alone lua interpreter via scripts code lua or from lua embedded programs through the code struct lua state lua scripts may be executed by adversaries for malicious purposes adversaries may incorporate abuse or replace existing lua interpreters to allow for malicious lua command execution at runtime,1
adversaries may abuse scripting or built in command line interpreters cli on network devices to execute malicious command and payloads the cli is the primary means through which users and administrators interact with the device in order to view system information modify device operations or perform diagnostic and administrative functions clis typically contain various permission levels required for different commands scripting interpreters automate tasks and extend functionality beyond the command set included in the network os the cli and scripting interpreter are accessible through direct console connection or through remote means such as telnet or ssh adversaries can use the network cli to change how network devices behave and operate the cli may be used to manipulate traffic flows to intercept or manipulate data modify startup configuration parameters to load malicious system software or to disable security features or logging to avoid detection,0
adversaries may abuse powershell commands and scripts for execution powershell is powerful interactive command line interface and scripting environment included in the windows operating system adversaries can use powershell to perform number of actions including discovery of information and execution of code examples include the code start process cmdlet which can be used to run an executable and the code invoke command cmdlet which runs command locally or on remote computer though administrator permissions are required to use powershell to connect to remote systems powershell may also be used to download and run executables from the internet which can be executed from disk or in memory without touching disk number of powershell based offensive testing tools are available including empire powersploit poshc2 and psattack powershell commands can also be executed without directly invoking the code powershell exe binary through interfaces to powershell underlying code system management automation assembly dll exposed through the net framework and windows common language interface cli,0
adversaries may abuse python commands and scripts for execution python is very popular scripting language with capabilities to perform many functions python can be executed interactively from the command line via the code python exe interpreter or via scripts py that can be written and distributed to different systems python code can also be compiled into binary executables python comes with many built in packages to interact with the underlying system such as file operations and device adversaries can use these libraries to download and execute commands or other scripts as well as perform various malicious behaviors,1
adversaries may abuse unix shell commands and scripts for execution unix shells are the primary command prompt on linux macos and esxi systems though many variations of the unix shell exist sh ash bash zsh etc depending on the specific os or distribution unix shells can control every aspect of system with certain commands requiring elevated privileges unix shells also support scripts that enable sequential execution of commands as well as other typical programming operations such as conditionals and loops common uses of shell scripts include long or repetitive tasks or the need to run the same set of commands on multiple systems adversaries may abuse unix shells to execute various commands or payloads interactive shells may be accessed through command and control channels or during lateral movement such as with ssh adversaries may also leverage shell scripts to deliver and execute multiple commands on victims or as part of payloads used for persistence some systems such as embedded devices lightweight linux distributions and esxi servers may leverage stripped down unix shells via busybox small executable that contains variety of tools including simple shell,1
adversaries may abuse visual basic vb for execution vb is programming language created by microsoft with interoperability with many windows technologies such as component object model and the native api through the windows api although tagged as legacy with no planned future evolutions vb is integrated and supported in the net framework and cross platform net core derivative languages based on vb have also been created such as visual basic for applications vba and vbscript vba is an event driven programming language built into microsoft office as well as several third party applications vba enables documents to contain macros used to automate the execution of tasks and other functionality on the host vbscript is default scripting language on windows hosts and can also be used in place of javascript on html application hta webpages served to internet explorer though most modern browsers do not come with vbscript support adversaries may use vb payloads to execute malicious commands common malicious usage includes automating execution of behaviors with vbscript or embedding vba content into spearphishing attachment payloads which may also involve mark of the web bypass to enable execution,1
adversaries may abuse the windows command shell for execution the windows command shell cmd is the primary command prompt on windows systems the windows command prompt can be used to control almost any aspect of system with various permission levels required for different subsets of commands the command prompt can be invoked remotely via remote services such as ssh batch files ex bat or cmd also provide the shell with list of sequential commands to run as well as normal scripting operations such as conditionals and loops common uses of batch files include long or repetitive tasks or the need to run the same set of commands on multiple systems adversaries may leverage cmd to execute various commands and payloads common uses include cmd to execute single command or abusing cmd interactively with input and output forwarded over command and control channel,0
adversaries can perform command and control between compromised hosts on potentially disconnected networks using removable media to transfer commands from system to system both systems would need to be compromised with the likelihood that an internet connected system was compromised first and the second through lateral movement by replication through removable media commands and files would be relayed from the disconnected system to the internet connected system to which the adversary has direct access,1
adversaries may compromise accounts with services that can be used during targeting for operations incorporating social engineering the utilization of an online persona may be important rather than creating and cultivating accounts establish accounts adversaries may compromise existing accounts utilizing an existing persona may engender level of trust in potential victim if they have relationship or knowledge of the compromised persona variety of methods exist for compromising accounts such as gathering credentials via phishing for information purchasing credentials from third party sites brute forcing credentials ex password reuse from breach credential dumps or paying employees suppliers or business partners for access to credentials prior to compromising accounts adversaries may conduct reconnaissance to inform decisions about which accounts to compromise to further their operation personas may exist on single site or across multiple sites ex facebook linkedin twitter google etc compromised accounts may require additional development this could include filling out or modifying profile information further developing social networks or incorporating photos adversaries may directly leverage compromised email accounts for phishing for information or phishing,0
adversaries may compromise cloud accounts that can be used during targeting adversaries can use compromised cloud accounts to further their operations including leveraging cloud storage services such as dropbox microsoft onedrive or aws s3 buckets for exfiltration to cloud storage or to upload tool cloud accounts can also be used in the acquisition of infrastructure such as virtual private server or serverless infrastructure additionally cloud based messaging services such as twilio sendgrid aws end user messaging aws sns simple notification service or aws ses simple email service may be leveraged for spam or phishing compromising cloud accounts may allow adversaries to develop sophisticated capabilities without managing their own servers variety of methods exist for compromising cloud accounts such as gathering credentials via phishing for information purchasing credentials from third party sites conducting password spraying attacks or attempting to steal application access token prior to compromising cloud accounts adversaries may conduct reconnaissance to inform decisions about which accounts to compromise to further their operation in some cases adversaries may target privileged service provider accounts with the intent of leveraging trusted relationship between service providers and their customers,0
adversaries may compromise email accounts that can be used during targeting adversaries can use compromised email accounts to further their operations such as leveraging them to conduct phishing for information phishing or large scale spam email campaigns utilizing an existing persona with compromised email account may engender level of trust in potential victim if they have relationship with or knowledge of the compromised persona compromised email accounts can also be used in the acquisition of infrastructure ex domains variety of methods exist for compromising email accounts such as gathering credentials via phishing for information purchasing credentials from third party sites brute forcing credentials ex password reuse from breach credential dumps or paying employees suppliers or business partners for access to credentials prior to compromising email accounts adversaries may conduct reconnaissance to inform decisions about which accounts to compromise to further their operation adversaries may target compromising well known email accounts or domains from which malicious spam or phishing emails may evade reputation based email filtering rules adversaries can use compromised email account to hijack existing email threads with targets of interest,0
adversaries may compromise social media accounts that can be used during targeting for operations incorporating social engineering the utilization of an online persona may be important rather than creating and cultivating social media profiles social media accounts adversaries may compromise existing social media accounts utilizing an existing persona may engender level of trust in potential victim if they have relationship or knowledge of the compromised persona variety of methods exist for compromising social media accounts such as gathering credentials via phishing for information purchasing credentials from third party sites or by brute forcing credentials ex password reuse from breach credential dumps prior to compromising social media accounts adversaries may conduct reconnaissance to inform decisions about which accounts to compromise to further their operation personas may exist on single site or across multiple sites ex facebook linkedin twitter etc compromised social media accounts may require additional development this could include filling out or modifying profile information further developing social networks or incorporating photos adversaries can use compromised social media profile to create new or hijack existing connections to targets of interest these connections may be direct or may include trying to connect through others compromised profiles may be leveraged during other phases of the adversary lifecycle such as during initial access ex spearphishing via service,0
adversaries may modify host software binaries to establish persistent access to systems software binaries provide wide range of system commands or services programs and libraries common software binaries are ssh clients ftp clients email clients web browsers and many other user or server applications adversaries may establish persistence though modifications to host software binaries for example an adversary may replace or otherwise infect legitimate application binary or support files with backdoor since these binaries may be routinely executed by applications or the user the adversary can leverage this for persistent access to the host an adversary may also modify software binary such as an ssh client in order to persistently collect credentials during logins modify authentication process an adversary may also modify an existing binary by patching in malicious functionality iat hooking point patching prior to the binary legitimate execution for example an adversary may modify the entry point of binary to point to malicious code patched in by the adversary before resuming normal execution flow after modifying binary an adversary may attempt to impair defenses by preventing it from updating via the yum versionlock command or versionlock list file in linux systems that use the yum package manager,1
adversaries may compromise third party infrastructure that can be used during targeting infrastructure solutions include physical or cloud servers domains network devices and third party web and dns services instead of buying leasing or renting infrastructure an adversary may compromise infrastructure and use it during other phases of the adversary lifecycle additionally adversaries may compromise numerous machines to form botnet they can leverage use of compromised infrastructure allows adversaries to stage launch and execute operations compromised infrastructure can help adversary operations blend in with traffic that is seen as normal such as contact with high reputation or trusted sites for example adversaries may leverage compromised infrastructure potentially also in conjunction with digital certificates to further blend in and support staged information gathering and phishing campaigns adversaries may also compromise numerous machines to support proxy and proxyware services or to form botnet additionally adversaries may compromise infrastructure residing in close proximity to target in order to gain initial access via wi fi networks by using compromised infrastructure adversaries may enable follow on malicious operations prior to targeting adversaries may also compromise the infrastructure of other adversaries,0
adversaries may compromise numerous third party systems to form botnet that can be used during targeting botnet is network of compromised systems that can be instructed to perform coordinated tasks instead of purchasing botnet from booter service adversaries may build their own botnet by compromising numerous third party systems adversaries may also conduct takeover of an existing botnet such as redirecting bots to adversary controlled c2 servers with botnet at their disposal adversaries may perform follow on activity such as large scale phishing or distributed denial of service ddos,0
adversaries may compromise third party dns servers that can be used during targeting during post compromise activity adversaries may utilize dns traffic for various tasks including for command and control ex application layer protocol instead of setting up their own dns servers adversaries may compromise third party dns servers in support of operations by compromising dns servers adversaries can alter dns records such control can allow for redirection of an organization traffic facilitating collection and credential access efforts for the adversary additionally adversaries may leverage such control in conjunction with digital certificates to redirect traffic to adversary controlled infrastructure mimicking normal trusted network communications alternatively they may be able to prove ownership of domain to saas service in order to assert control of the service or create new administrative cloud account adversaries may also be able to silently create subdomains pointed at malicious servers without tipping off the actual owner of the dns server,0
adversaries may hijack domains and subdomains that can be used during targeting domain registration hijacking is the act of changing the registration of domain name without the permission of the original registrant adversaries may gain access to an email account for the person listed as the owner of the domain the adversary can then claim that they forgot their password in order to make changes to the domain registration other possibilities include social engineering domain registration help desk to gain access to an account taking advantage of renewal process gaps or compromising cloud service that enables managing domains aws route53 subdomain hijacking can occur when organizations have dns entries that point to non existent or deprovisioned resources in such cases an adversary may take control of subdomain to conduct operations with the benefit of the trust associated with that domain adversaries who compromise domain may also engage in domain shadowing by creating malicious subdomains under their control while keeping any existing dns records as service will not be disrupted the malicious subdomains may go unnoticed for long periods of time,0
adversaries may compromise third party network devices that can be used during targeting network devices such as small office office soho routers may be compromised where the adversary ultimate goal is not initial access to that environment but rather to leverage these devices to support additional targeting once an adversary has control compromised network devices can be used to launch additional operations such as hosting payloads for phishing campaigns link target or enabling the required access to execute content injection operations adversaries may also be able to harvest reusable credentials valid accounts from compromised network devices adversaries often target internet facing edge devices and related network appliances that specifically do not support robust host based defenses compromised network devices may be used to support subsequent command and control activity such as hide infrastructure through an established proxy and botnet network,0
adversaries may compromise third party servers that can be used during targeting use of servers allows an adversary to stage launch and execute an operation during post compromise activity adversaries may utilize servers for various tasks including for command and control instead of purchasing server or virtual private server adversaries may compromise third party servers in support of operations adversaries may also compromise web servers to support watering hole operations as in drive by compromise or email servers to support phishing operations,0
adversaries may compromise serverless cloud infrastructure such as cloudflare workers aws lambda functions or google apps scripts that can be used during targeting by utilizing serverless infrastructure adversaries can make it more difficult to attribute infrastructure used during operations back to them once compromised the serverless runtime environment can be leveraged to either respond directly to infected machines or to proxy traffic to an adversary owned command and control server as traffic generated by these functions will appear to come from subdomains of common cloud providers it may be difficult to distinguish from ordinary traffic to these providers making it easier to hide infrastructure,0
adversaries may compromise third party virtual private servers vpss that can be used during targeting there exist variety of cloud service providers that will sell virtual machines as service adversaries may compromise vpss purchased by third party entities by compromising vps to use as infrastructure adversaries can make it difficult to physically tie back operations to themselves compromising vps for use in later stages of the adversary lifecycle such as command and control can allow adversaries to benefit from the ubiquity and trust associated with higher reputation cloud service providers as well as that added by the compromised third party,0
adversaries may compromise access to third party web services that can be used during targeting variety of popular websites exist for legitimate users to register for web based services such as github twitter dropbox google sendgrid etc adversaries may try to take ownership of legitimate user access to web service and use that web service as infrastructure in support of cyber operations such web services can be abused during later stages of the adversary lifecycle such as during command and control web service exfiltration over web service or phishing using common services such as those offered by google or twitter makes it easier for adversaries to hide in expected noise by utilizing web service particularly when access is stolen from legitimate users adversaries can make it difficult to physically tie back operations to them additionally leveraging compromised web based email services may allow adversaries to leverage the trust associated with legitimate domains,0
adversaries may abuse container administration service to execute commands within container container administration service such as the docker daemon the kubernetes api server or the kubelet may allow remote management of containers within an environment in docker adversaries may specify an entrypoint during container deployment that executes script or command or they may use command such as code docker exec to execute command within running container in kubernetes if an adversary has sufficient permissions they may gain remote execution in container in the cluster via interaction with the kubernetes api server the kubelet or by running command such as code kubectl exec,0
adversaries may attempt to discover containers and other resources that are available within containers environment other resources may include images deployments pods nodes and other information such as the status of cluster these resources can be viewed within web applications such as the kubernetes dashboard or can be queried via the docker and kubernetes apis in docker logs may leak information about the environment such as the environment configuration which services are available and what cloud provider the victim may be utilizing the discovery of these resources may inform an adversary next steps in the environment such as how to perform lateral movement and which methods to utilize for execution,0
adversaries may gain access and continuously communicate with victims by injecting malicious content into systems through online network traffic rather than luring victims to malicious payloads hosted on compromised website drive by target followed by drive by compromise adversaries may initially access victims through compromised data transfer channels where they can manipulate traffic and inject their own content these compromised online network channels may also be used to deliver additional payloads ingress tool transfer and other data to already compromised systems adversaries may inject content to victim systems in various ways including from the middle where the adversary is in between legitimate online client server communications note this is similar but distinct from adversary in the middle which describes aitm activity solely within an enterprise environment from the side where malicious content is injected and races to the client as fake response to requests of legitimate online server content injection is often the result of compromised upstream communication channels for example at the level of an internet service provider isp as is the case with lawful interception,1
adversaries may create an account to maintain access to victim systems with sufficient level of access creating such accounts may be used to establish secondary credentialed access that do not require persistent remote access tools to be deployed on the system accounts may be created on the local system or within domain or cloud tenant in cloud environments adversaries may create accounts that only have access to specific services which can reduce the chance of detection,1
adversaries may create cloud account to maintain access to victim systems with sufficient level of access such accounts may be used to establish secondary credentialed access that does not require persistent remote access tools to be deployed on the system in addition to user accounts cloud accounts may be associated with services cloud providers handle the concept of service accounts in different ways in azure service accounts include service principals and managed identities which can be linked to various resources such as oauth applications serverless functions and virtual machines in order to grant those resources permissions to perform various activities in the environment in gcp service accounts can also be linked to specific resources as well as be impersonated by other accounts for temporary elevated cloud access while aws has no specific concept of service accounts resources can be directly granted permission to assume roles adversaries may create accounts that only have access to specific cloud services which can reduce the chance of detection once an adversary has created cloud account they can then manipulate that account to ensure persistence and allow access to additional resources for example by adding additional cloud credentials or assigning additional cloud roles,0
adversaries may create domain account to maintain access to victim systems domain accounts are those managed by active directory domain services where access and permissions are configured across systems and services that are part of that domain domain accounts can cover user administrator and service accounts with sufficient level of access the code net user command can be used to create domain account such accounts may be used to establish secondary credentialed access that do not require persistent remote access tools to be deployed on the system,1
adversaries may create local account to maintain access to victim systems local accounts are those configured by an organization for use by users remote support services or for administration on single system or service for example with sufficient level of access the windows code net user command can be used to create local account in linux the useradd command can be used while on macos systems the code dscl create command can be used local accounts may also be added to network devices often via common network device cli commands such as code username to esxi servers via esxcli system account add or to kubernetes clusters using the kubectl utility adversaries may also create new local accounts on network firewall management consoles for example by exploiting vulnerable firewall management system threat actors may be able to establish super admin accounts that could be used to modify firewall rules and gain further access to the network such accounts may be used to establish secondary credentialed access that do not require persistent remote access tools to be deployed on the system,1
adversaries may create or modify system level processes to repeatedly execute malicious payloads as part of persistence when operating systems boot up they can start processes that perform background system functions on windows and linux these system processes are referred to as services on macos launchd processes known as launch daemon and launch agent are run to finish system initialization and load user specific parameters adversaries may install new services daemons or agents that can be configured to execute at startup or repeatable interval in order to establish persistence similarly adversaries may modify existing services daemons or agents to achieve the same effect services daemons or agents may be created with administrator privileges but executed under root privileges adversaries may leverage this functionality to create or modify system processes in order to escalate privileges,1
adversaries may create or modify container or container cluster management tools that run as daemons agents or services on individual hosts these include software for creating and managing individual containers such as docker and podman as well as container cluster node level agents such as kubelet by modifying these services an adversary may be able to achieve persistence or escalate their privileges on host for example by using the docker run or podman run command with the restart always directive container can be configured to persistently restart on the host user with access to the rootful docker command may also be able to escalate their privileges on the host in kubernetes environments daemonsets allow an adversary to persistently deploy container on all nodes including ones added later to the cluster pods can also be deployed to specific nodes using the nodeselector or nodename fields in the pod spec note that containers can also be configured to run as systemd service,0
adversaries may create or modify launch agents to repeatedly execute malicious payloads as part of persistence when user logs in per user launchd process is started which loads the parameters for each launch on demand user agent from the property list plist file found in code code and code property list files use the code label code programarguments and code runatload keys to identify the launch agent name executable location and execution time launch agents are often installed to perform updates to programs launch user specified programs at login or to conduct other developer tasks launch agents can also be executed using the launchctl command adversaries may install new launch agent that executes at login by placing plist file into the appropriate folders with the code runatload or code keepalive keys set to code true the launch agent name may be disguised by using name from the related operating system or benign software launch agents are created with user level privileges and execute with user level permissions,0
adversaries may create or modify launch daemons to execute malicious payloads as part of persistence launch daemons are plist files used to interact with launchd the service management framework used by macos launch daemons require elevated privileges to install are executed for every user on system prior to login and run in the background without the need for user interaction during the macos initialization startup the launchd process loads the parameters for launch on demand system level daemons from plist files found in code and code required launch daemons parameters include code label to identify the task code program to provide path to the executable and code runatload to specify when the task is run launch daemons are often used to provide access to shared resources updates to software or conduct automation tasks adversaries may install launch daemon configured to execute at startup by using the code runatload parameter set to code true and the code program parameter set to the malicious executable path the daemon name may be disguised by using name from related operating system or benign software masquerading when the launch daemon is executed the program inherits administrative permissions additionally system configuration changes such as the installation of third party package managing software may cause folders such as code usr to become globally writeable so it is possible for poor configurations to allow an adversary to modify executables referenced by current launch daemon plist files,0
adversaries may create or modify systemd services to repeatedly execute malicious payloads as part of persistence systemd is system and service manager commonly used for managing background daemon processes also known as services and other system resources systemd is the default initialization init system on many linux distributions replacing legacy init systems including sysvinit and upstart while remaining backwards compatible systemd utilizes unit configuration files with the service file extension to encode information about service process by default system level unit files are stored in the directory of the root owned directories user level unit files are stored in the directories of the user owned directories home inside the service unit files the following directives are used to execute commands execstart execstartpre and execstartpost directives execute when service is started manually by systemctl or on system start if the service is set to automatically start execreload directive executes when service restarts execstop execstoppre and execstoppost directives execute when service is stopped adversaries have created new service files altered the commands service file directive executes and modified the user directive service file executes as which could result in privilege escalation adversaries may also place symbolic links in these directories enabling systemd to find these payloads regardless of where they reside on the filesystem the service file user directive can be used to run service as specific user which could result in privilege escalation based on specific user permissions systemd services can be created via systemd generators which support the dynamic generation of unit files systemd generators are small executables that run during boot or configuration reloads to dynamically create or modify systemd unit files by converting non native configurations into services symlinks or drop ins boot or logon initialization scripts,1
adversaries may create or modify windows services to repeatedly execute malicious payloads as part of persistence when windows boots up it starts programs or applications called services that perform background system functions windows service configuration information including the file path to the service executable or recovery programs is stored in the windows registry adversaries may install new service or modify an existing service to execute at startup in order to persist on system service configurations can be set or modified using system utilities such as sc exe by directly modifying the registry or by interacting directly with the windows api adversaries may also use services to install and execute malicious drivers for example after dropping driver file ex sys to disk the payload can be loaded and registered via native api functions such as createservicew or manually via functions such as zwloaddriver and zwsetvaluekey by creating the required service registry values modify registry or by using command line utilities such as pnputil exe adversaries may leverage these drivers as rootkit to hide the presence of malicious activity on system adversaries may also load signed yet vulnerable driver onto compromised machine known as bring your own vulnerable driver byovd as part of exploitation for privilege escalation services may be created with administrator privileges but are executed under system privileges so an adversary may also use service to escalate privileges adversaries may also directly start services through service execution to make detection analysis more challenging malicious services may also incorporate masquerade task or service ex using service and payload name related to legitimate os or benign software component adversaries may also create hidden services hide artifacts for example by using the sc sdset command to set service permissions via the service descriptor definition language sddl this may hide windows service from the view of standard service enumeration methods such as get service sc query and services exe,0
adversaries may search for common password storage locations to obtain user credentials passwords are stored in several places on system depending on the operating system or application holding the credentials there are also specific applications and services that store passwords to make them easier for users to manage and maintain such as password managers and cloud secrets vaults once credentials are obtained they can be used to perform lateral movement and access restricted information,1
adversaries may acquire credentials from cloud native secret management solutions such as aws secrets manager gcp secret manager azure key vault and terraform vault secrets managers support the secure centralized management of passwords api keys and other credential material where secrets managers are in use cloud services can dynamically acquire credentials via api requests rather than accessing secrets insecurely stored in plain text files or environment variables if an adversary is able to gain sufficient privileges in cloud environment for example by obtaining the credentials of high privileged cloud accounts or compromising service that has permission to retrieve secrets they may be able to request secrets from the secrets manager this can be accomplished via commands such as get secret value in aws gcloud secrets describe in gcp and az key vault secret show in azure note this technique is distinct from cloud instance metadata api in that the credentials are being directly requested from the cloud secrets manager rather than through the medium of the instance metadata api,0
adversaries may acquire credentials from web browsers by reading files specific to the target browser web browsers commonly save credentials such as website usernames and passwords so that they do not need to be entered manually in the future web browsers typically store the credentials in an encrypted format within credential store however methods exist to extract plaintext credentials from web browsers for example on windows systems encrypted credentials may be obtained from google chrome by reading database file code appdata local google chrome user data default login data and executing sql query code select action url username value password value from logins the plaintext password can then be obtained by passing the encrypted credentials to the windows api function code cryptunprotectdata which uses the victim cached logon credentials as the decryption key adversaries have executed similar procedures for common web browsers such as firefox safari edge etc windows stores internet explorer and microsoft edge credentials in credential lockers managed by the windows credential manager adversaries may also acquire credentials by searching web browser process memory for patterns that commonly match credentials after acquiring credentials from web browsers adversaries may attempt to recycle the credentials across different systems and accounts in order to expand access this can result in significantly furthering an adversary objective in cases where credentials gained from web browsers overlap with privileged accounts domain administrator,1
adversaries may acquire credentials from keychain keychain or keychain services is the macos credential management system that stores account names passwords private keys certificates sensitive application data payment data and secure notes there are three types of keychains login keychain system keychain and local items icloud keychain the default keychain is the login keychain which stores user passwords and information the system keychain stores items accessed by the operating system such as items shared among users on host the local items icloud keychain is used for items synced with apple icloud service keychains can be viewed and edited through the keychain access application or using the command line utility code security keychain files are located in code code and code adversaries may gather user credentials from keychain storage for example the command code security dump keychain will dump all login keychain credentials from code adversaries may also directly read login keychain credentials from the code file both methods require password where the default password for the login keychain is the current user password to login to the macos host,0
adversaries may acquire user credentials from third party password managers password managers are applications designed to store user credentials normally in an encrypted database credentials are typically accessible after user provides master password that unlocks the database after the database is unlocked these credentials may be copied to memory these databases can be stored as files on disk adversaries may acquire user credentials from password managers by extracting the master password and plain text credentials from memory adversaries may extract credentials from memory via exploitation for credential access adversaries may also try brute forcing via password guessing to obtain the master password of password manager,1
an adversary with root access may gather credentials by reading securityd memory securityd is service responsible for implementing security protocols such as encryption and authorization privileged adversary may be able to scan through securityd memory to find the correct sequence of keys to decrypt the user logon keychain this may provide the adversary with various plaintext passwords such as those for users wifi mail browsers certificates secure notes etc in os prior to el capitan users with root access can read plaintext keychain passwords of logged in users because apple keychain implementation allows these credentials to be cached so that users are not repeatedly prompted for passwords apple securityd utility takes the user logon password encrypts it with pbkdf2 and stores this master key in memory apple also uses set of keys and algorithms to encrypt the user password but once the master key is found an adversary need only iterate over the other values to unlock the final password,1
adversaries may acquire credentials from the windows credential manager the credential manager stores credentials for signing into websites applications and devices that request authentication through ntlm or kerberos in credential lockers previously known as windows vaults the windows credential manager separates website credentials from application or network credentials in two lockers as part of credentials from web browsers internet explorer and microsoft edge website credentials are managed by the credential manager and are stored in the web credentials locker application and network credentials are stored in the windows credentials locker credential lockers store credentials in encrypted vcrd files located under systemdrive users username appdata local microsoft vault the encryption key can be found in file named code policy vpol typically located in the same folder as the credentials adversaries may list credentials managed by the windows credential manager through several mechanisms code vaultcmd exe is native windows executable that can be used to enumerate credentials stored in the credential locker through command line interface adversaries may also gather credentials by directly reading files located inside of the credential lockers windows apis such as code credenumeratea may also be absued to list credentials managed by the credential manager adversaries may also obtain credentials from credential backups credential backups and restorations may be performed by running code rundll32 exe keymgr dll krshowkeymgr then selecting the back up button on the stored user names and passwords gui password recovery tools may also obtain plain text passwords from the credential manager,0
adversaries may destroy data and files on specific systems or in large numbers on network to interrupt availability to systems services and network resources data destruction is likely to render stored data irrecoverable by forensic techniques through overwriting files or data on local and remote drives common operating system file deletion commands such as code del and code rm often only remove pointers to files without wiping the contents of the files themselves making the files recoverable by proper forensic methodology this behavior is distinct from disk content wipe and disk structure wipe because individual files are destroyed rather than sections of storage disk or the disk logical structure adversaries may attempt to overwrite files and directories with randomly generated data to make it irrecoverable in some cases politically oriented image files have been used to overwrite data to maximize impact on the target organization in operations where network wide availability interruption is the goal malware designed for destroying data may have worm like features to propagate across network by leveraging additional techniques like valid accounts os credential dumping and smb admin shares in cloud environments adversaries may leverage access to delete cloud storage objects machine images database instances and other infrastructure crucial to operations to damage an organization or their customers similarly they may delete virtual machines from on prem virtualized environments,1
adversaries may modify the lifecycle policies of cloud storage bucket to destroy all objects stored within cloud storage buckets often allow users to set lifecycle policies to automate the migration archival or deletion of objects after set period of time if threat actor has sufficient permissions to modify these policies they may be able to delete all objects at once for example in aws environments an adversary with the putlifecycleconfiguration permission may use the putbucketlifecycle api call to apply lifecycle policy to an s3 bucket that deletes all objects in the bucket after one day in addition to destroying data for purposes of extortion and financial theft adversaries may also perform this action on buckets storing cloud logs for indicator removal,0
adversaries may encode data to make the content of command and control traffic more difficult to detect command and control c2 information can be encoded using standard data encoding system use of data encoding may adhere to existing protocol specifications and includes use of ascii unicode base64 mime or other binary to text and character encoding systems some data encoding systems may also result in data compression such as gzip,1
adversaries may encode data with non standard data encoding system to make the content of command and control traffic more difficult to detect command and control c2 information can be encoded using non standard data encoding system that diverges from existing protocol specifications non standard data encoding schemes may be based on or related to standard data encoding schemes such as modified base64 encoding for the message body of an http request,1
adversaries may encode data with standard data encoding system to make the content of command and control traffic more difficult to detect command and control c2 information can be encoded using standard data encoding system that adheres to existing protocol specifications common data encoding schemes include ascii unicode hexadecimal base64 and mime some data encoding systems may also result in data compression such as gzip,1
adversaries may encrypt data on target systems or on large numbers of systems in network to interrupt availability to system and network resources they can attempt to render stored data inaccessible by encrypting files or data on local and remote drives and withholding access to decryption key this may be done in order to extract monetary compensation from victim in exchange for decryption or decryption key ransomware or to render data permanently inaccessible in cases where the key is not saved or transmitted in the case of ransomware it is typical that common user files like office documents pdfs images videos audio text and source code files will be encrypted and often renamed and tagged with specific file markers adversaries may need to first employ other behaviors such as file and directory permissions modification or system shutdown in order to unlock and gain access to manipulate these files in some cases adversaries may encrypt critical system files disk partitions and the mbr adversaries may also encrypt virtual machines hosted on esxi or other hypervisors to maximize impact on the target organization malware designed for encrypting data may have worm like features to propagate across network by leveraging other attack techniques like valid accounts os credential dumping and smb admin shares encryption malware may also leverage internal defacement such as changing victim wallpapers or esxi server login messages or otherwise intimidate victims by sending ransom notes or other messages to connected printers known as print bombing in cloud environments storage objects within compromised accounts may also be encrypted for example in aws environments adversaries may leverage services such as aws server side encryption with customer provided keys sse to encrypt data,1
adversaries may insert delete or manipulate data in order to influence external outcomes or hide activity thus threatening the integrity of the data by manipulating data adversaries may attempt to affect business process organizational understanding or decision making the type of modification and the impact it will have depends on the target application and process as well as the goals and objectives of the adversary for complex systems an adversary would likely need special expertise and possibly access to specialized software related to the system that would typically be gained through prolonged information gathering campaign in order to have the desired impact,1
adversaries may modify systems in order to manipulate the data as it is accessed and displayed to an end user thus threatening the integrity of the data by manipulating runtime data adversaries may attempt to affect business process organizational understanding and decision making adversaries may alter application binaries used to display data in order to cause runtime manipulations adversaries may also conduct change default file association and masquerading to cause similar effect the type of modification and the impact it will have depends on the target application and process as well as the goals and objectives of the adversary for complex systems an adversary would likely need special expertise and possibly access to specialized software related to the system that would typically be gained through prolonged information gathering campaign in order to have the desired impact,1
adversaries may insert delete or manipulate data at rest in order to influence external outcomes or hide activity thus threatening the integrity of the data by manipulating stored data adversaries may attempt to affect business process organizational understanding and decision making stored data could include variety of file formats such as office files databases stored emails and custom file formats the type of modification and the impact it will have depends on the type of data as well as the goals and objectives of the adversary for complex systems an adversary would likely need special expertise and possibly access to specialized software related to the system that would typically be gained through prolonged information gathering campaign in order to have the desired impact,1
adversaries may alter data en route to storage or other systems in order to manipulate external outcomes or hide activity thus threatening the integrity of the data by manipulating transmitted data adversaries may attempt to affect business process organizational understanding and decision making manipulation may be possible over network connection or between system processes where there is an opportunity deploy tool that will intercept and change information the type of modification and the impact it will have depends on the target transmission mechanism as well as the goals and objectives of the adversary for complex systems an adversary would likely need special expertise and possibly access to specialized software related to the system that would typically be gained through prolonged information gathering campaign in order to have the desired impact,1
adversaries may obfuscate command and control traffic to make it more difficult to detect command and control c2 communications are hidden but not necessarily encrypted in an attempt to make the content more difficult to discover or decipher and to make the communication less conspicuous and hide commands from being seen this encompasses many methods such as adding junk data to protocol traffic using steganography or impersonating legitimate protocols,1
adversaries may add junk data to protocols used for command and control to make detection more difficult by adding random or meaningless data to the protocols used for command and control adversaries can prevent trivial methods for decoding deciphering or otherwise analyzing the traffic examples may include appending data with junk characters or writing junk characters between significant characters,1
adversaries may impersonate legitimate protocols or web service traffic to disguise command and control activity and thwart analysis efforts by impersonating legitimate protocols or web services adversaries can make their command and control traffic blend in with legitimate network traffic adversaries may impersonate fake ssl handshake to make it look like subsequent traffic is ssl encrypted potentially interfering with some security tooling or to make the traffic look like it is related with trusted entity adversaries may also leverage legitimate protocols to impersonate expected web traffic or trusted services for example adversaries may manipulate http headers uri endpoints ssl certificates and transmitted data to disguise c2 communications or mimic legitimate services such as gmail google drive and yahoo messenger,1
adversaries may use steganographic techniques to hide command and control traffic to make detection efforts more difficult steganographic techniques can be used to hide data in digital messages that are transferred between systems this hidden information can be used for command and control of compromised systems in some cases the passing of files embedded using steganography such as image or document files can be used for command and control,1
adversaries may stage collected data in central location or directory prior to exfiltration data may be kept in separate files or combined into one file through techniques such as archive collected data interactive command shells may be used and common functionality within cmd and bash may be used to copy data into staging location in cloud environments adversaries may stage data within particular instance or virtual machine before exfiltration an adversary may create cloud instance and stage data in that instance adversaries may choose to stage data from victim network in centralized location prior to exfiltration to minimize the number of connections made to their c2 server and better evade detection,1
adversaries may stage collected data in central location or directory on the local system prior to exfiltration data may be kept in separate files or combined into one file through techniques such as archive collected data interactive command shells may be used and common functionality within cmd and bash may be used to copy data into staging location adversaries may also stage collected data in various available formats of system including local storage databases or the windows registry,1
adversaries may stage data collected from multiple systems in central location or directory on one system prior to exfiltration data may be kept in separate files or combined into one file through techniques such as archive collected data interactive command shells may be used and common functionality within cmd and bash may be used to copy data into staging location in cloud environments adversaries may stage data within particular instance or virtual machine before exfiltration an adversary may create cloud instance and stage data in that instance by staging data on one system prior to exfiltration adversaries can minimize the number of connections made to their c2 server and better evade detection,1
an adversary may exfiltrate data in fixed size chunks instead of whole files or limit packet sizes below certain thresholds this approach may be used to avoid triggering network data transfer threshold alerts,1
adversaries may access data from cloud storage many iaas providers offer solutions for online data object storage such as amazon s3 azure storage and google cloud storage similarly saas enterprise platforms such as office and google workspace provide cloud based document storage to users through services such as onedrive and google drive while saas application providers such as slack confluence salesforce and dropbox may provide cloud storage solutions as peripheral or primary use case of their platform in some cases as with iaas based cloud storage there exists no overarching application such as sql or elasticsearch with which to interact with the stored objects instead data from these solutions is retrieved directly though the cloud api in saas applications adversaries may be able to collect this data directly from apis or backend cloud storage objects rather than through their front end application or interface data from information repositories adversaries may collect sensitive data from these cloud storage solutions providers typically offer security guides to help end users configure systems though misconfigurations are common problem there have been numerous incidents where cloud storage has been improperly secured typically by unintentionally allowing public access to unauthenticated users overly broad access by all users or even access for any anonymous person outside the control of the identity access management system without even needing basic user permissions this open access may expose various types of sensitive data such as credit cards personally identifiable information or medical records adversaries may also obtain then abuse leaked credentials from source repositories logs or other means as way to gain access to cloud storage objects,0
adversaries may collect data related to managed devices from configuration repositories configuration repositories are used by management systems in order to configure manage and control data on remote systems configuration repositories may also facilitate remote access and administration of devices adversaries may target these repositories in order to collect large quantities of sensitive system administration data data from configuration repositories may be exposed by various protocols and software and can store wide variety of data much of which may align with adversary discovery objectives,0
adversaries may access network configuration files to collect sensitive data about the device and the network the network configuration is file containing parameters that determine the operation of the device the device typically stores an in memory copy of the configuration while operating and separate configuration on non volatile storage to load after device reset adversaries can inspect the configuration files to reveal information about the target network and its layout the network device and its software or identifying legitimate accounts and credentials for later use adversaries can use common management tools and protocols such as simple network management protocol snmp and smart install smi to access network configuration files these tools may be used to query specific data from configuration repository or configure the device to export the configuration for later analysis,0
adversaries may target the management information base mib to collect and mine valuable information in network managed using simple network management protocol snmp the mib is configuration repository that stores variable information accessible via snmp in the form of object identifiers oid each oid identifies variable that can be read or set and permits active management tasks such as configuration changes through remote modification of these variables snmp can give administrators great insight in their systems such as system information description of hardware physical location and software packages the mib may also contain device operational information including running configuration routing table and interface details adversaries may use snmp queries to collect mib content directly from snmp managed devices in order to collect network information that allows the adversary to build network maps and facilitate future targeted exploitation,0
adversaries may leverage information repositories to mine valuable information information repositories are tools that allow for storage of information typically to facilitate collaboration or information sharing between users and can store wide variety of data that may aid adversaries in further objectives such as credential access lateral movement or defense evasion or direct access to the target information adversaries may also abuse external sharing features to share sensitive documents with recipients outside of the organization transfer data to cloud account the following is brief list of example information that may hold potential value to an adversary and may also be found on an information repository policies procedures and standards physical logical network diagrams system architecture diagrams technical system documentation testing development credentials unsecured credentials work project schedules source code snippets links to network shares and other internal resources contact or other sensitive information about business partners and customers including personally identifiable information pii information stored in repository may vary based on the specific instance or environment specific common information repositories include the following storage services such as iaas databases enterprise databases and more specialized platforms such as customer relationship management crm databases collaboration platforms such as sharepoint confluence and code repositories messaging platforms such as slack and microsoft teams in some cases information repositories have been improperly secured typically by unintentionally allowing for overly broad access by all users or even public access to unauthenticated users this is particularly common with cloud native or cloud hosted services such as aws relational database service rds redis or elasticsearch,1
adversaries may leverage code repositories to collect valuable information code repositories are tools that store source code and automate software builds they may be hosted internally or privately on third party sites such as github gitlab sourceforge and bitbucket users typically interact with code repositories through web application or command line utilities such as git once adversaries gain access to victim network or private code repository they may collect sensitive information such as proprietary source code or unsecured credentials contained within software source code having access to software source code may allow adversaries to develop exploits while credentials may provide access to additional resources using valid accounts note this is distinct from code repositories which focuses on conducting reconnaissance via public code repositories,0
adversaries may leverage confluence repositories to mine valuable information often found in development environments alongside atlassian jira confluence is generally used to store development related documentation however in general may contain more diverse categories of useful information such as policies procedures and standards physical logical network diagrams system architecture diagrams technical system documentation testing development credentials unsecured credentials work project schedules source code snippets links to network shares and other internal resources,0
adversaries may leverage customer relationship management crm software to mine valuable information crm software is used to assist organizations in tracking and managing customer interactions as well as storing customer data once adversaries gain access to victim organization they may mine crm software for customer data this may include personally identifiable information pii such as full names emails phone numbers and addresses as well as additional details such as purchase histories and it support interactions by collecting this data an adversary may be able to send personalized phishing emails engage in sim swapping or otherwise target the organization customers in ways that enable financial gain or the compromise of additional organizations crm software may be hosted on premises or in the cloud information stored in these solutions may vary based on the specific instance or environment examples of crm software include microsoft dynamics salesforce zoho zendesk and hubspot,0
adversaries may leverage databases to mine valuable information these databases may be hosted on premises or in the cloud both in platform as service and software as service environments examples of databases from which information may be collected include mysql postgresql mongodb amazon relational database service azure sql database google firebase and snowflake databases may include variety of information of interest to adversaries such as usernames hashed passwords personally identifiable information and financial data data collected from databases may be used for lateral movement command and control or exfiltration data exfiltrated from databases may also be used to extort victims or may be sold for profit,1
adversaries may leverage chat and messaging applications such as microsoft teams google chat and slack to mine valuable information the following is brief list of example information that may hold potential value to an adversary and may also be found on messaging applications testing development credentials chat messages source code snippets links to network shares and other internal resources proprietary data discussions about ongoing incident response efforts in addition to exfiltrating data from messaging applications adversaries may leverage data from chat messages in order to improve their targeting for example by learning more about an environment or evading ongoing incident response efforts,0
adversaries may leverage the sharepoint repository as source to mine valuable information sharepoint will often contain useful information for an adversary to learn about the structure and functionality of the internal network and systems for example the following is list of example information that may hold potential value to an adversary and may also be found on sharepoint policies procedures and standards physical logical network diagrams system architecture diagrams technical system documentation testing development credentials unsecured credentials work project schedules source code snippets links to network shares and other internal resources,0
adversaries may search local system sources such as file systems configuration files local databases virtual machine files or process memory to find files of interest and sensitive data prior to exfiltration adversaries may do this using command and scripting interpreter such as cmd as well as network device cli which have functionality to interact with the file system to gather information adversaries may also use automated collection on the local system,1
adversaries may search network shares on computers they have compromised to find files of interest sensitive data can be collected from remote systems via shared network drives host shared directory network file server etc that are accessible from the current system prior to exfiltration interactive command shells may be in use and common functionality within cmd may be used to gather information,1
adversaries may search connected removable media on computers they have compromised to find files of interest sensitive data can be collected from any removable media optical disk drive usb memory etc connected to the compromised system prior to exfiltration interactive command shells may be in use and common functionality within cmd may be used to gather information some adversaries may also use automated collection on removable media,1
adversaries may employ various means to detect and avoid debuggers debuggers are typically used by defenders to trace and analyze the execution of potential malware payloads debugger evasion may include changing behaviors based on the results of the checks for the presence of artifacts indicative of debugged environment similar to virtualization evasion if the adversary detects debugger they may alter their malware to disengage from the victim or conceal the core functions of the implant they may also search for debugger artifacts before dropping secondary or additional payloads specific checks will vary based on the target and adversary on windows this may involve native api function calls such as code isdebuggerpresent and code ntqueryinformationprocess or manually checking the code beingdebugged flag of the process environment block peb on linux this may involve querying for the tracerpid field which indicates whether or not the process is being traced by dynamic analysis tools other checks for debugging artifacts may also seek to enumerate hardware breakpoints interrupt assembly opcodes time checks or measurements if exceptions are raised in the current process assuming present debugger would swallow or handle the potential error malware may also leverage structured exception handling seh to detect debuggers by throwing an exception and detecting whether the process is suspended seh handles both hardware and software expectations providing control over the exceptions including support for debugging if debugger is present the program control will be transferred to the debugger and the execution of the code will be suspended if the debugger is not present control will be transferred to the seh handler which will automatically handle the exception and allow the program execution to continue adversaries may use the information learned from these debugger checks during automated discovery to shape follow on behaviors debuggers can also be evaded by detaching the process or flooding debug logs with meaningless data via messages produced by looping native api function calls such as code outputdebugstringw,1
adversaries may modify visual content available internally or externally to an enterprise network thus affecting the integrity of the original content reasons for defacement include delivering messaging intimidation or claiming possibly false credit for an intrusion disturbing or offensive images may be used as part of defacement in order to cause user discomfort or to pressure compliance with accompanying messages,1
an adversary may deface systems external to an organization in an attempt to deliver messaging intimidate or otherwise mislead an organization or users external defacement may ultimately cause users to distrust the systems and to question the system integrity externally facing websites are common victim of defacement often targeted by adversary and hacktivist groups in order to push political message or spread propaganda external defacement may be used as catalyst to trigger events or as response to actions taken by an organization or government similarly website defacement may also be used as setup or precursor for future attacks such as drive by compromise,1
an adversary may deface systems internal to an organization in an attempt to intimidate or mislead users thus discrediting the integrity of the systems this may take the form of modifications to internal websites or server login messages or directly to user systems with the replacement of the desktop wallpaper disturbing or offensive images may be used as part of internal defacement in order to cause user discomfort or to pressure compliance with accompanying messages since internally defacing systems exposes an adversary presence it often takes place after other intrusion goals have been accomplished,1
adversaries may employ various time based methods to evade detection and analysis these techniques often exploit system clocks delays or timing mechanisms to obscure malicious activity blend in with benign activity and avoid scrutiny adversaries can perform this behavior within virtualization environments or natively on host systems adversaries may utilize programmatic sleep commands or native system scheduling functionality for example scheduled task benign commands or other operations may also be used to delay malware execution or ensure prior commands have had time to execute properly loops or otherwise needless repetitions of commands such as ping may be used to delay malware execution and potentially exceed time thresholds of automated analysis environments another variation commonly referred to as api hammering involves making various calls to native api functions in order to delay execution while also potentially overloading analysis environments with junk data,1
adversaries may use obfuscated files or information to hide artifacts of an intrusion from analysis they may require separate mechanisms to decode or deobfuscate that information depending on how they intend to use it methods for doing that include built in functionality of malware or by using utilities present on the system one such example is the use of certutil to decode remote access tool portable executable file that has been hidden inside certificate file another example is using the windows code copy or code type command to reassemble binary fragments into malicious payload sometimes user action may be required to open it for deobfuscation or decryption as part of user execution the user may also be required to input password to open password protected compressed file that was provided by the adversary,1
adversaries may deploy container into an environment to facilitate execution or evade defenses in some cases adversaries may deploy new container to execute processes associated with particular image or deployment such as processes that execute or download malware in others an adversary may deploy new container configured without network rules user limitations etc to bypass existing defenses within the environment in kubernetes environments an adversary may attempt to deploy privileged or vulnerable container into specific node in order to escape to host and access other containers running on the node containers can be deployed by various means such as via docker code create and code start apis or via web application such as the kubernetes dashboard or kubeflow in kubernetes environments containers may be deployed through workloads such as replicasets or daemonsets which can allow containers to be deployed across multiple nodes adversaries may deploy containers based on retrieved or built malicious images or from benign images that download and execute malicious payloads at runtime,0
adversaries may build capabilities that can be used during targeting rather than purchasing freely downloading or stealing capabilities adversaries may develop their own capabilities in house this is the process of identifying development requirements and building solutions such as malware exploits and self signed certificates adversaries may develop capabilities to support their operations throughout numerous phases of the adversary lifecycle as with legitimate development efforts different skill sets may be required for developing capabilities the skills needed may be located in house or may need to be contracted out use of contractor may be considered an extension of that adversary development capabilities provided the adversary plays role in shaping requirements and maintains degree of exclusivity to the capability,0
adversaries may create self signed code signing certificates that can be used during targeting code signing is the process of digitally signing executables and scripts to confirm the software author and guarantee that the code has not been altered or corrupted code signing provides level of authenticity for program from the developer and guarantee that the program has not been tampered with users and security tools may trust signed piece of code more than an unsigned piece of code even if they don know who issued the certificate or who the author is prior to code signing adversaries may develop self signed code signing certificates for use in operations,0
adversaries may create self signed ssl certificates that can be used during targeting ssl certificates are designed to instill trust they include information about the key information about its owner identity and the digital signature of an entity that has verified the certificate contents are correct if the signature is valid and the person examining the certificate trusts the signer then they know they can use that key to communicate with its owner in the case of self signing digital certificates will lack the element of trust associated with the signature of third party certificate authority ca adversaries may create self signed ssl certificates that can be used to further their operations such as encrypting c2 traffic ex asymmetric cryptography with web protocols or even enabling adversary in the middle if added to the root of trust install root certificate after creating digital certificate an adversary may then install that certificate see install digital certificate on infrastructure under their control,0
adversaries may develop exploits that can be used during targeting an exploit takes advantage of bug or vulnerability in order to cause unintended or unanticipated behavior to occur on computer hardware or software rather than finding exploits from online or purchasing them from exploit vendors an adversary may develop their own exploits adversaries may use information acquired via vulnerabilities to focus exploit development efforts as part of the exploit development process adversaries may uncover exploitable vulnerabilities through methods such as fuzzing and patch analysis as with legitimate development efforts different skill sets may be required for developing exploits the skills needed may be located in house or may need to be contracted out use of contractor may be considered an extension of that adversary exploit development capabilities provided the adversary plays role in shaping requirements and maintains an initial degree of exclusivity to the exploit adversaries may use exploits during various phases of the adversary lifecycle exploit public facing application exploitation for client execution exploitation for privilege escalation exploitation for stealth exploitation for credential access exploitation of remote services and application or system exploitation,0
adversaries may develop malware and malware components that can be used during targeting building malicious software can include the development of payloads droppers post compromise tools backdoors including backdoored images packers c2 protocols and the creation of infected removable media adversaries may develop malware to support their operations creating means for maintaining control of remote machines evading defenses and executing post compromise behaviors during malware development adversaries may intentionally include indicators aligned with other known actors in order to mislead attribution by defenders as with legitimate development efforts different skill sets may be required for developing malware the skills needed may be located in house or may need to be contracted out use of contractor may be considered an extension of that adversary malware development capabilities provided the adversary plays role in shaping requirements and maintains degree of exclusivity to the malware some aspects of malware development such as c2 protocol development may require adversaries to obtain additional infrastructure for example malware developed that will communicate with twitter for c2 may require use of web services,0
adversaries may attempt to enumerate local device drivers on victim host information about device drivers may highlight various insights that shape follow on behaviors such as the function of the host present security tools security software discovery or other defenses virtualization evasion as well as potential exploitable vulnerabilities exploitation for privilege escalation many os utilities may provide information about local device drivers such as driverquery exe and the enumdevicedrivers api function on windows information about device drivers as well as associated services system service discovery may also be available in the registry on linux device drivers in the form of kernel modules may be visible within or using utilities such as lsmod and modinfo,1
adversaries may directly access volume to bypass file access controls and file system monitoring windows allows programs to have direct access to logical volumes programs with direct access may read and write files directly from the drive by analyzing file system data structures this technique may bypass windows file access controls as well as file system monitoring tools utilities such as ninjacopy exist to perform these actions in powershell adversaries may also use built in or third party utilities such as vssadmin wbadmin and esentutl to create shadow copies or backups of data from system volumes,0
adversaries may disable or modify host based or network firewalls to impair defensive mechanisms and enable further action once an adversary has gathered sufficient privileges they can tamper with firewall services policies or rule sets to remove restrictions on inbound or outbound traffic for example this may include turning off firewall profiles altering existing rules to permit previously blocked ports or protocols or adding new rules that create covert communication paths adding new firewall rule for well known protocol such as rdp using non traditional and potentially less securitized port adversaries may disable or modify firewalls using different behaviors depending on the platform for example in esxi firewall rules may be modified directly via the esxcli via esxcli network firewall set or via the vcenter user interface,1
adversaries may disable or modify firewall within cloud environment to bypass controls that limit access to cloud resources cloud environments typically utilize restrictive security groups and firewall rules that only allow network activity from trusted ip addresses via expected ports and protocols an adversary with appropriate permissions may introduce new firewall rules or policies to allow access into victim cloud environment and move laterally from the cloud control plane to the data plane for example an adversary may use script or utility that creates new ingress rules in existing security groups or creates new security groups entirely to allow any tcp connectivity to cloud hosted instance they may also remove networking limitations to support traffic associated with malicious activity such as cryptomining,0
adversaries may disable network device based firewall mechanisms entirely or add delete or modify particular rules in order to bypass controls limiting network usage adversaries may obtain access to devices such as routers switches or other perimeter devices and change access control lists acls security zones or policy rules to permit otherwise blocked traffic for example adversaries may add new network firewall rules to allow access to all internal network subnets without restrictions allowing access to internal network subsets may enable unrestricted inbound connectivity or open paths for command and control and lateral movement adversaries may obtain access to network device management interfaces via valid accounts or by exploiting vulnerabilities in some cases threat actors may target firewalls and other network infrastructure that are exposed to the internet by leveraging weaknesses in public facing applications exploit public facing application adversaries may also modify host networking configurations that indirectly manipulate system firewalls such as adjusting interface bandwidth or network connection request thresholds,0
adversaries may disable or modify the windows host firewall to bypass controls limiting network usage this can include disabling the windows host firewall entirely suppressing specific profiles domain private public or adding deleting and modifying firewall rules to allow or restrict traffic adversaries may perform these modifications through multiple mechanisms depending on the windows operating system and access level for example adversaries may use command line utilities netsh advfirewall or powershell cmdlets like set netfirewallprofile new netfirewallrule windows registry modifications altering firewall states and rule configurations via registry keys or the windows control panel to modify firewall settings through the windows security interface by disabling or modifying windows firewall services adversaries may enable access to remote services open ports for command and control traffic or configure rules for further actions,0
adversaries may disable degrade or tamper with security tools or applications endpoint detection and response edr tools intrusion detection systems ids antivirus logging agents sensors etc to impair or reduce visibility of defensive capabilities this may include stopping specific services killing processes modifying or deleting tool configuration files and registry keys or preventing tools from updating this may also include impairing defenses more broadly by disrupting preventative detection and response mechanisms across host network and cloud environments in addition to directly targeting tools adversaries may block or manipulate indicators and telemetry used for detection this includes maliciously disabling or redirecting sensors such as event tracing for windows etw modifying event log configurations redirecting security logs or interfering with logging pipelines and forwarding mechanisms siem ingestion more advanced techniques include leveraging legitimate drivers or debugging mechanisms to render tools non functional bypassing anti tampering protections and targeting specific defenses such as sysmon or cloud monitoring agents adversaries may also disrupt broader defensive operations including update mechanisms logging infrastructure syslog or event aggregation further degrading an organization ability to detect and respond to malicious activity,1
adversaries may clear system logs to hide evidence of an intrusion macos and linux both keep track of system or user initiated actions via system logs the majority of native system logging is stored under the directory subfolders in this directory categorize logs by their related functions such as general and system related messages or authentication logs or login records kernel logs crond logs mail server logs web server access and error logs,1
adversaries may clear windows event logs to hide the activity of an intrusion windows event logs are record of computer alerts and notifications there are three system defined sources of events system application and security with five event types error warning information success audit and failure audit with administrator privileges the event logs can be cleared with the following utility commands wevtutil cl system wevtutil cl application wevtutil cl security these logs may also be cleared through other mechanisms such as the event viewer gui or powershell for example adversaries may use the powershell command remove eventlog logname security to delete the security eventlog and after reboot disable future logging note events may still be generated and logged in the evtx file between the time the command is run and the reboot adversaries may also attempt to clear logs by directly deleting the stored log files within,0
an adversary may disable or modify cloud logging capabilities and integrations to limit what data is collected on their activities and avoid detection cloud environments allow for collection and analysis of audit and application logs that provide insight into what activities user does within the environment if an adversary has sufficient permissions they can disable or modify logging to avoid detection of their activities for example in aws an adversary may disable cloudwatch integrations prior to conducting further malicious activity they may alternatively tamper with logging functionality for example by removing any associated sns topics disabling multi region logging or disabling settings that validate and encrypt log files in office an adversary may disable logging on mail collection activities for specific users by using the set mailboxauditbypassassociation cmdlet by disabling m365 advanced auditing for the user or by downgrading the user license from an enterprise e5 to an enterprise e3 license,0
adversaries may disable or modify the linux audit system to hide malicious activity and avoid detection linux admins use the linux audit system to track security relevant information on system the linux audit system operates at the kernel level and maintains event logs on application and system activity such as process network file and login events based on pre configured rules often referred to as auditd this is the name of the daemon used to write events to disk and is governed by the parameters set in the audit conf configuration file two primary ways to configure the log generation rules are through the command line auditctl utility and the file containing sequence of auditctl commands loaded at boot time with root privileges adversaries may be able to ensure their activity is not logged through disabling the audit system service editing the configuration files or by hooking the audit system library functions using the command line adversaries can disable the audit system service through killing processes associated with auditd daemon or use systemctl to stop the audit service adversaries can also hook audit system functions to disable logging or modify the rules contained in the or audit conf files to ignore malicious activity,1
adversaries may disable or modify the windows event log to limit data that can be leveraged for detections and audits windows event log records user and system activity such as login attempts and process creation this data is used by security tools and analysts to generate detections the eventlog service maintains event logs from various system components and applications by default the service automatically starts when system powers on an audit policy maintained by the local security policy secpol msc defines which system events the eventlog service logs security audit policy settings can be changed by running secpol msc then navigating to security settings local policies audit policy for basic audit policy settings or security settings advanced audit policy configuration for advanced audit policy settings auditpol exe may also be used to set audit policies adversaries may target system wide logging or just that of particular application for example the windows eventlog service may be disabled using the set service name eventlog status stopped or sc config eventlog start disabled commands followed by manually stopping the service using stop service name eventlog additionally the service may be disabled by modifying the start value in hkey local machine system currentcontrolset services eventlog then restarting the system for the change to take effect there are several ways to disable the eventlog service via registry key modification without administrator privileges adversaries may modify the start value in the key hkey local machine system currentcontrolset control wmi autologger eventlog security then reboot the system to disable the security eventlog with administrator privilege adversaries may modify the same values in hkey local machine system currentcontrolset control wmi autologger eventlog system and hkey local machine system currentcontrolset control wmi autologger eventlog application to disable the entire eventlog additionally adversaries may use auditpol and its sub commands in command prompt to disable auditing or clear the audit policy to enable or disable specified setting or audit category adversaries may use the or parameters for example auditpol logon turns off auditing for the account logon category to clear the audit policy adversaries may run the following lines auditpol or auditpol,0
adversaries may spoof or manipulate security tool user interfaces uis to falsely indicate tools are functioning normally and delay detection and response adversaries may present misleading or falsified security tool interfaces uis that display normal or healthy status indicators even when underlying security tools have been disabled degraded or otherwise tampered with security tools typically provide visibility into system health alerting and operational status by misrepresenting this information adversaries can undermine defender trust in these signals and obscure the true security posture of the system this behavior is often used in conjunction with efforts to disable or modify tools where adversaries first impair the functionality of defenses edr logging agents and then replace or mimic their interfaces to conceal the loss of visibility by maintaining the appearance of normal operations such as showing active protection successful updates or absence of threats adversaries can delay investigation and response enabling continued malicious activity for example adversaries may display fake windows security interface or system tray icon indicating protected or healthy state after disabling windows defender or related services,1
adversaries may wipe or corrupt raw disk data on specific systems or in large numbers in network to interrupt availability to system and network resources with direct write access to disk adversaries may attempt to overwrite portions of disk data adversaries may opt to wipe arbitrary portions of disk data and wipe disk structures like the master boot record mbr complete wipe of all disk sectors may be attempted to maximize impact on the target organization in operations where network wide availability interruption is the goal malware used for wiping disks may have worm like features to propagate across network by leveraging additional techniques like valid accounts os credential dumping and smb admin shares on network devices adversaries may wipe configuration files and other data from the device using network device cli commands such as erase,1
adversaries may erase the contents of storage devices on specific systems or in large numbers in network to interrupt availability to system and network resources adversaries may partially or completely overwrite the contents of storage device rendering the data irrecoverable through the storage interface instead of wiping specific disk structures or files adversaries with destructive intent may wipe arbitrary portions of disk content to wipe disk content adversaries may acquire direct access to the hard drive in order to overwrite arbitrarily sized portions of disk with random data adversaries have also been observed leveraging third party drivers like rawdisk to directly access disk content this behavior is distinct from data destruction because sections of the disk are erased instead of individual files to maximize impact on the target organization in operations where network wide availability interruption is the goal malware used for wiping disk content may have worm like features to propagate across network by leveraging additional techniques like valid accounts os credential dumping and smb admin shares,1
adversaries may corrupt or wipe the disk data structures on hard drive necessary to boot system targeting specific critical systems or in large numbers in network to interrupt availability to system and network resources adversaries may attempt to render the system unable to boot by overwriting critical data located in structures such as the master boot record mbr or partition table the data contained in disk structures may include the initial executable code for loading an operating system or the location of the file system partitions on disk if this information is not present the computer will not be able to load an operating system during the boot process leaving the computer unavailable disk structure wipe may be performed in isolation or along with disk content wipe if all sectors of disk are wiped on network devices adversaries may reformat the file system using network device cli commands such as format to maximize impact on the target organization malware designed for destroying disk structures may have worm like features to propagate across network by leveraging other techniques like valid accounts os credential dumping and smb admin shares,1
adversaries may attempt to gather information on domain trust relationships that may be used to identify lateral movement opportunities in windows multi domain environments domain trusts provide mechanism for domain to allow access to resources based on the authentication procedures of another domain domain trusts allow the users of the trusted domain to access resources in the trusting domain the information discovered may help the adversary conduct sid history injection pass the ticket and kerberoasting domain trusts can be enumerated using the dsenumeratedomaintrusts win32 api call net methods and ldap the windows utility nltest is known to be used by adversaries to enumerate domain trusts,0
adversaries may modify the configuration settings of domain or identity tenant to evade defenses and escalate privileges in centrally managed environments such services provide centralized means of managing identity resources such as devices and accounts and often include configuration settings that may apply between domains or tenants such as trust relationships identity syncing or identity federation modifications to domain or tenant settings may include altering domain group policy objects gpos in microsoft active directory ad or changing trust settings for domains including federation trusts relationships between domains or tenants with sufficient permissions adversaries can modify domain or tenant policy settings since configuration settings for these services apply to large number of identity resources there are great number of potential attacks malicious outcomes that can stem from this abuse examples of such abuse include modifying gpos to push malicious scheduled task to computers throughout the domain environment modifying domain trusts to include an adversary controlled domain allowing adversaries to forge access tokens that will subsequently be accepted by victim domain resources changing configuration settings within the ad environment to implement rogue domain controller adding new adversary controlled federated identity providers to identity tenants allowing adversaries to authenticate as any user managed by the victim tenant adversaries may temporarily modify domain or tenant policy carry out malicious action and then revert the change to remove suspicious indicators,0
adversaries may modify group policy objects gpos to subvert the intended discretionary access controls for domain usually with the intention of escalating privileges on the domain group policy allows for centralized management of user and computer settings in active directory ad gpos are containers for group policy settings made up of files stored within predictable network path domain sysvol domain policies like other objects in ad gpos have access controls associated with them by default all user accounts in the domain have permission to read gpos it is possible to delegate gpo access control permissions write access to specific users or groups in the domain malicious gpo modifications can be used to implement many other malicious behaviors such as scheduled task disable or modify tools ingress tool transfer create account service execution and more since gpos can control so many user and machine settings in the ad environment there are great number of potential attacks that can stem from this gpo abuse for example publicly available scripts such as code new gpoimmediatetask can be leveraged to automate the creation of malicious scheduled task by modifying gpo settings in this case modifying code lt gpo path gt machine preferences scheduledtasks scheduledtasks xml in some cases an adversary might modify specific user rights like seenabledelegationprivilege set in code lt gpo path gt machine microsoft windows nt secedit gpttmpl inf to achieve subtle ad backdoor with complete control of the domain because the user account under the adversary control would then be able to modify gpos,0
adversaries may add new domain trusts modify the properties of existing domain trusts or otherwise change the configuration of trust relationships between domains and tenants to evade defenses and elevate privileges trust details such as whether or not user identities are federated allow authentication and authorization properties to apply between domains or tenants for the purpose of accessing shared resources these trust objects may include accounts credentials and other authentication material applied to servers tokens and domains manipulating these trusts may allow an adversary to escalate privileges and evade defenses by modifying settings to add objects which they control for example in microsoft active directory ad environments this may be used to forge saml tokens without the need to compromise the signing certificate to forge new credentials instead an adversary can manipulate domain trusts to add their own signing certificate an adversary may also convert an ad domain to federated domain using active directory federation services ad fs which may enable malicious trust modifications such as altering the claim issuance rules to log in any valid set of credentials as specified user an adversary may also add new federated identity provider to an identity tenant such as okta or aws iam identity center which may enable the adversary to authenticate as any user of the tenant this may enable the threat actor to gain broad access into variety of cloud based services that leverage the identity tenant for example in aws environments an adversary that creates new identity provider for an aws organization will be able to federate into all of the aws organization member accounts without creating identities for each of the member accounts,0
adversaries may downgrade or use version of system features that may be outdated vulnerable and does not support updated security controls downgrade attacks typically take advantage of system backward compatibility to force it into less secure modes of operation adversaries may downgrade and use various less secure versions of features of system such as command and scripting interpreter or even network protocols that can be abused to enable adversary in the middle or network sniffing for example powershell versions includes script block logging sbl which can record executed script content however adversaries may attempt to execute previous version of powershell that does not support sbl with the intent to impair defenses while running malicious scripts that may have otherwise been detected adversaries may similarly target network traffic to downgrade from an encrypted connection to an unsecured http connection that exposes network data in clear text on windows systems adversaries may downgrade the boot manager to vulnerable version that bypasses secure boot granting the ability to disable various operating system security mechanisms,1
adversaries may gain access to system through user visiting website over the normal course of browsing multiple ways of delivering exploit code to browser exist drive by target including legitimate website is compromised allowing adversaries to inject malicious code script files served to legitimate website from publicly writeable cloud storage bucket are modified by an adversary malicious ads are paid for and served through legitimate ad providers malvertising built in web application interfaces that allow user controllable content are leveraged for the insertion of malicious scripts or iframes cross site scripting browser push notifications may also be abused by adversaries and leveraged for malicious code injection via user execution by clicking allow on browser push notifications users may be granting website permission to run javascript code on their browser often the website used by an adversary is one visited by specific community such as government particular industry or particular region where the goal is to compromise specific user or set of users based on shared interest this kind of targeted campaign is often referred to strategic web compromise or watering hole attack there are several known examples of this occurring typical drive by compromise process user visits website that is used to host the adversary controlled content scripts automatically execute typically searching versions of the browser and plugins for potentially vulnerable version the user may be required to assist in this process by enabling scripting notifications or active website components and ignoring warning dialog boxes upon finding vulnerable version exploit code is delivered to the browser if exploitation is successful the adversary will gain code execution on the user system unless other protections are in place in some cases second visit to the website after the initial scan is required before exploit code is delivered unlike exploit public facing application the focus of this technique is to exploit software on client endpoint upon visiting website this will commonly give an adversary access to systems on the internal network instead of external systems that may be in dmz,1
adversaries may dynamically establish connections to command and control infrastructure to evade common detections and remediations this may be achieved by using malware that shares common algorithm with the infrastructure the adversary uses to receive the malware communications these calculations can be used to dynamically adjust parameters such as the domain name ip address or port number the malware uses for command and control adversaries may use dynamic resolution for the purpose of fallback channels when contact is lost with the primary command and control server malware may employ dynamic resolution as means to reestablishing command and control,1
adversaries may perform calculations on addresses returned in dns results to determine which port and ip address to use for command and control rather than relying on predetermined port number or the actual returned ip address ip and port number calculation can be used to bypass egress filtering on c2 channel one implementation of dns calculation is to take the first three octets of an ip address in dns response and use those values to calculate the port for command and control traffic,1
adversaries may make use of domain generation algorithms dgas to dynamically identify destination domain for command and control traffic rather than relying on list of static ip addresses or domains this has the advantage of making it much harder for defenders to block track or take over the command and control channel as there potentially could be thousands of domains that malware can check for instructions dgas can take the form of apparently random or gibberish strings ex istgmxdejdnxuyla ru when they construct domain names by generating each letter alternatively some dgas employ whole words as the unit by concatenating words together instead of letters ex cityjulydish net many dgas are time based generating different domain for each time period hourly daily monthly etc others incorporate seed value as well to make predicting future domains more difficult for defenders adversaries may use dgas for the purpose of fallback channels when contact is lost with the primary command and control server malware may employ dga as means to reestablishing command and control,1
adversaries may use fast flux dns to hide command and control channel behind an array of rapidly changing ip addresses linked to single domain resolution this technique uses fully qualified domain name with multiple ip addresses assigned to it which are swapped with high frequency using combination of round robin ip addressing and short time to live ttl for dns resource record the simplest single flux method involves registering and de registering an addresses as part of the dns address record list for single dns name these registrations have five minute average lifespan resulting in constant shuffle of ip address resolution in contrast the double flux method registers and de registers an address as part of the dns name server record list for the dns zone providing additional resilience for the connection with double flux additional hosts can act as proxy to the c2 host further insulating the true source of the c2 channel,1
adversaries may abuse esxi administration services to execute commands on guest machines hosted within an esxi virtual environment persistent background services on esxi hosted vms such as the vmware tools daemon service allow for remote management from the esxi server the tools daemon service runs as vmtoolsd exe on windows guest operating systems vmware tools daemon on macos and vmtoolsd on linux adversaries may leverage variety of tools to execute commands on esxi hosted vms for example by using the vsphere web services sdk to programmatically execute commands and scripts via apis such as startprograminguest listprocessesinguest listfileinguest and initiatefiletransferfromguest this may enable follow on behaviors on the guest vms such as file and directory discovery data from local system or os credential dumping,0
adversaries may flood targeted email addresses with an overwhelming volume of messages this may bury legitimate emails in flood of spam and disrupt business operations an adversary may accomplish email bombing by leveraging an automated bot to register targeted address for mail lists that do not validate new signups such as online newsletters the result can be wave of thousands of mails that effectively overloads the victim inbox by sending hundreds or thousands of mails in quick succession adversaries may successfully divert attention away from and bury legitimate messages including security alerts daily business processes like help desk tickets and client correspondence or ongoing scams this behavior can also be used as tool of harassment this behavior may be precursor for spearphishing voice for example an adversary may email bomb target and then follow up with phone call to fraudulently offer assistance this social engineering may lead to the use of remote access software to steal credentials deploy ransomware conduct financial theft or engage in other malicious activity,1
adversaries may target user email to collect sensitive information emails may contain sensitive data including trade secrets or personal information that can prove valuable to adversaries emails may also contain details of ongoing incident response operations which may allow adversaries to adjust their techniques in order to maintain persistence or evade defenses adversaries can collect or forward email from mail servers or clients,1
adversaries may setup email forwarding rules to collect sensitive information adversaries may abuse email forwarding rules to monitor the activities of victim steal information and further gain intelligence on the victim or the victim organization to use as part of further exploits or operations furthermore email forwarding rules can allow adversaries to maintain persistent access to victim emails even after compromised credentials are reset by administrators most email clients allow users to create inbox rules for various email functions including forwarding to different recipient these rules may be created through local email application web interface or by command line interface messages can be forwarded to internal or external recipients and there are no restrictions limiting the extent of this rule administrators may also create forwarding rules for user accounts with the same considerations and outcomes any user or administrator within the organization or adversary with valid credentials can create rules to automatically forward all received messages to another recipient forward emails to different locations based on the sender and more adversaries may also hide the rule by making use of the microsoft messaging api mapi to modify the rule properties making it hidden and not visible from outlook owa or most exchange administration tools in some environments administrators may be able to enable email forwarding rules that operate organization wide rather than on individual inboxes for example microsoft exchange supports transport rules that evaluate all mail an organization receives against user specified conditions then performs user specified action on mail that adheres to those conditions adversaries that abuse such features may be able to enable forwarding on all or specific mail an organization receives,1
adversaries may target user email on local systems to collect sensitive information files containing email data can be acquired from user local system such as outlook storage or cache files outlook stores data locally in offline data files with an extension of ost outlook and later supports ost file sizes up to 50gb while earlier versions of outlook support up to 20gb imap accounts in outlook and earlier and pop accounts use outlook data files pst as opposed to ost whereas imap accounts in outlook and later use ost files both types of outlook data files are typically stored in files or,0
adversaries may target an exchange server office or google workspace to collect sensitive information adversaries may leverage user credentials and interact directly with the exchange server to acquire information from within network adversaries may also access externally facing exchange services office or google workspace to access email using credentials or access tokens tools such as mailsniper can be used to automate searches for specific keywords,0
adversaries may employ an encryption algorithm to conceal command and control traffic rather than relying on any inherent protections provided by communication protocol despite the use of secure algorithm these implementations may be vulnerable to reverse engineering if secret keys are encoded and generated within malware samples files,1
adversaries may employ known asymmetric encryption algorithm to conceal command and control traffic rather than relying on any inherent protections provided by communication protocol asymmetric cryptography also known as public key cryptography uses keypair per party one public that can be freely distributed and one private due to how the keys are generated the sender encrypts data with the receiver public key and the receiver decrypts the data with their private key this ensures that only the intended recipient can read the encrypted data common public key encryption algorithms include rsa and elgamal for efficiency many protocols including ssl use symmetric cryptography once connection is established but use asymmetric cryptography to establish or transmit key as such these protocols are classified as asymmetric cryptography,1
adversaries may employ known symmetric encryption algorithm to conceal command and control traffic rather than relying on any inherent protections provided by communication protocol symmetric encryption algorithms use the same key for plaintext encryption and ciphertext decryption common symmetric encryption algorithms include aes des 3des blowfish and rc4,1
adversaries may perform endpoint denial of service dos attacks to degrade or block the availability of services to users endpoint dos can be performed by exhausting the system resources those services are hosted on or exploiting the system to cause persistent crash condition example services include websites email services dns and web based applications adversaries have been observed conducting dos attacks for political purposes and to support other malicious activities including distraction hacktivism and extortion an endpoint dos denies the availability of service without saturating the network used to provide access to the service adversaries can target various layers of the application stack that is hosted on the system used to provide the service these layers include the operating systems os server applications such as web servers dns servers databases and the typically web based applications that sit on top of them attacking each layer requires different techniques that take advantage of bottlenecks that are unique to the respective components dos attack may be generated by single system or multiple systems spread across the internet which is commonly referred to as distributed dos ddos to perform dos attacks against endpoint resources several aspects apply to multiple methods including ip address spoofing and botnets adversaries may use the original ip address of an attacking system or spoof the source ip address to make the attack traffic more difficult to trace back to the attacking system or to enable reflection this can increase the difficulty defenders have in defending against the attack by reducing or eliminating the effectiveness of filtering by the source address on network defense devices botnets are commonly used to conduct ddos attacks against networks and services large botnets can generate significant amount of traffic from systems spread across the global internet adversaries may have the resources to build out and control their own botnet infrastructure or may rent time on an existing botnet to conduct an attack in some of the worst cases for ddos so many systems are used to generate requests that each one only needs to send out small amount of traffic to produce enough volume to exhaust the target resources in such circumstances distinguishing ddos traffic from legitimate clients becomes exceedingly difficult botnets have been used in some of the most high profile ddos attacks such as the series of incidents that targeted major us banks in cases where traffic manipulation is used there may be points in the global network such as high traffic gateway routers where packets can be altered and cause legitimate clients to execute code that directs network packets toward target in high volume this type of capability was previously used for the purposes of web censorship where client http traffic was modified to include reference to javascript that generated the ddos code to overwhelm target web servers for attacks attempting to saturate the providing network see network denial of service,1
adversaries may target resource intensive features of applications to cause denial of service dos denying availability to those applications for example specific features in web applications may be highly resource intensive repeated requests to those features may be able to exhaust system resources and deny access to the application or the server itself,1
adversaries may exploit software vulnerabilities that can cause an application or system to crash and deny availability to users some systems may automatically restart critical applications and services when crashes occur but they can likely be re exploited to cause persistent denial of service dos condition adversaries may exploit known or zero day vulnerabilities to crash applications and systems which may also lead to dependent applications and systems to be in dos condition crashed or restarted applications or systems may also have other effects such as data destruction firmware corruption service stop etc which may further cause dos condition and deny availability to critical information applications and systems,1
adversaries may launch denial of service dos attack targeting an endpoint operating system os system os is responsible for managing the finite resources as well as preventing the entire system from being overwhelmed by excessive demands on its capacity these attacks do not need to exhaust the actual resources on system the attacks may simply exhaust the limits and available resources that an os self imposes different ways to achieve this exist including tcp state exhaustion attacks such as syn floods and ack floods with syn floods excessive amounts of syn packets are sent but the way tcp handshake is never completed because each os has maximum number of concurrent tcp connections that it will allow this can quickly exhaust the ability of the system to receive new requests for tcp connections thus preventing access to any tcp service provided by the server ack floods leverage the stateful nature of the tcp protocol flood of ack packets are sent to the target this forces the os to search its state table for related tcp connection that has already been established because the ack packets are for connections that do not exist the os will have to search the entire state table to confirm that no match exists when it is necessary to do this for large flood of packets the computational requirements can cause the server to become sluggish and unresponsive due to the work it must do to eliminate the rogue ack packets this greatly reduces the resources available for providing the targeted service,1
adversaries may target the different network services provided by systems to conduct denial of service dos adversaries often target the availability of dns and web services however others have been targeted as well web server software can be attacked through variety of means some of which apply generally while others are specific to the software being used to provide the service one example of this type of attack is known as simple http flood where an adversary sends large number of http requests to web server to overwhelm it and an application that runs on top of it this flood relies on raw volume to accomplish the objective exhausting any of the various resources required by the victim software to provide the service another variation known as ssl renegotiation attack takes advantage of protocol feature in ssl the ssl protocol suite includes mechanisms for the client and server to agree on an encryption algorithm to use for subsequent secure connections if ssl renegotiation is enabled request can be made for renegotiation of the crypto algorithm in renegotiation attack the adversary establishes ssl connection and then proceeds to make series of renegotiation requests because the cryptographic renegotiation has meaningful cost in computation cycles this can cause an impact to the availability of the service when done in volume,1
adversaries may break out of container or virtualized environment to gain access to the underlying host this can allow an adversary access to other containerized or virtualized resources from the host level or to the host itself in principle containerized virtualized resources should provide clear separation of application functionality and be isolated from the host environment there are multiple ways an adversary may escape from container to host environment examples include creating container configured to mount the host filesystem using the bind parameter which allows the adversary to drop payloads and execute control utilities such as cron on the host utilizing privileged container to run commands or load malicious kernel module on the underlying host or abusing system calls such as unshare and keyctl to escalate privileges and steal secrets additionally an adversary may be able to exploit compromised container with mounted container management socket such as docker sock to break out of the container via container administration command adversaries may also escape via exploitation for privilege escalation such as exploiting vulnerabilities in global symbolic links in order to access the root directory of host machine in esxi environments an adversary may exploit vulnerability in order to escape from virtual machine into the hypervisor gaining access to the host may provide the adversary with the opportunity to achieve follow on objectives such as establishing persistence moving laterally within the environment accessing other containers or virtual machines running on the host or setting up command and control channel on the host,1
adversaries may create and cultivate accounts with services that can be used during targeting adversaries can create accounts that can be used to build persona to further operations persona development consists of the development of public information presence history and appropriate affiliations this development could be applied to social media website or other publicly available information that could be referenced and scrutinized for legitimacy over the course of an operation using that persona or identity for operations incorporating social engineering the utilization of an online persona may be important these personas may be fictitious or impersonate real people the persona may exist on single site or across multiple sites ex facebook linkedin twitter google github docker hub etc establishing persona may require development of additional documentation to make them seem real this could include filling out profile information developing social networks or incorporating photos establishing accounts can also include the creation of accounts with email providers which may be directly leveraged for phishing for information or phishing in addition establishing accounts may allow adversaries to abuse free services such as registering for trial periods to acquire infrastructure for malicious purposes,0
adversaries may create accounts with cloud providers that can be used during targeting adversaries can use cloud accounts to further their operations including leveraging cloud storage services such as dropbox mega microsoft onedrive or aws s3 buckets for exfiltration to cloud storage or to upload tool cloud accounts can also be used in the acquisition of infrastructure such as virtual private server or serverless infrastructure establishing cloud accounts may allow adversaries to develop sophisticated capabilities without managing their own servers creating cloud accounts may also require adversaries to establish email accounts to register with the cloud provider,0
adversaries may create email accounts that can be used during targeting adversaries can use accounts created with email providers to further their operations such as leveraging them to conduct phishing for information or phishing establishing email accounts may also allow adversaries to abuse free services such as trial periods to acquire infrastructure for follow on purposes adversaries may also take steps to cultivate persona around the email account such as through use of social media accounts to increase the chance of success of follow on behaviors created email accounts can also be used in the acquisition of infrastructure ex domains to decrease the chance of physically tying back operations to themselves adversaries may make use of disposable email services,0
adversaries may create and cultivate social media accounts that can be used during targeting adversaries can create social media accounts that can be used to build persona to further operations persona development consists of the development of public information presence history and appropriate affiliations for operations incorporating social engineering the utilization of persona on social media may be important these personas may be fictitious or impersonate real people the persona may exist on single social media site or across multiple sites ex facebook linkedin twitter etc establishing persona on social media may require development of additional documentation to make them seem real this could include filling out profile information developing social networks or incorporating photos once persona has been developed an adversary can use it to create connections to targets of interest these connections may be direct or may include trying to connect through others these accounts may be leveraged during other phases of the adversary lifecycle such as during initial access ex spearphishing via service,0
adversaries may establish persistence and elevate privileges using system mechanisms that trigger execution based on specific events various operating systems have means to monitor and subscribe to events such as logons or other user activity such as running specific applications cloud environments may also support various functions and services that monitor and can be invoked in response to specific cloud events adversaries may abuse these mechanisms as means of maintaining persistent access to victim via repeatedly executing malicious code after gaining access to victim system adversaries may create event triggers to point to malicious content that will be executed whenever the event trigger is invoked since the execution can be proxied by an account with higher permissions such as system or service accounts an adversary may be able to abuse these triggered execution mechanisms to escalate their privileges,1
adversaries may establish persistence and elevate privileges by executing malicious content triggered by accessibility features windows contains accessibility features that may be launched with key combination before user has logged in ex when the user is on the windows logon screen an adversary can modify the way these programs are launched to get command prompt or backdoor without logging in to the system two common accessibility programs are code launched when the shift key is pressed five times and code launched when the windows key combination is pressed the sethc exe program is often referred to as sticky keys and has been used by adversaries for unauthenticated access through remote desktop login screen depending on the version of windows an adversary may take advantage of these features in different ways common methods used by adversaries include replacing accessibility feature binaries or pointers to these binaries in the registry in newer versions of windows the replaced binary needs to be digitally signed for x64 systems the binary must reside in code systemdir and it must be protected by windows file or resource protection wfp the image file execution options injection debugger method was likely discovered as potential workaround because it does not require the corresponding accessibility feature binary to be replaced for simple binary replacement on windows xp and later as well as and windows server and later for example the program code may be replaced with cmd exe or another program that provides backdoor access subsequently pressing the appropriate key combination at the login screen while sitting at the keyboard or when connected over remote desktop protocol will cause the replaced file to be executed with system privileges other accessibility features exist that may also be leveraged in similar fashion on screen keyboard code magnifier code narrator code display switcher code app switcher code,0
adversaries may establish persistence and elevate privileges by executing malicious content triggered by appcert dlls loaded into processes dynamic link libraries dlls that are specified in the code appcertdlls registry key under code hkey local machine system currentcontrolset control session manager are loaded into every process that calls the ubiquitously used application programming interface api functions code createprocess code createprocessasuser code createprocesswithloginw code createprocesswithtokenw or code winexec similar to process injection this value can be abused to obtain elevated privileges by causing malicious dll to be loaded and run in the context of separate processes on the computer malicious appcert dlls may also provide persistence by continuously being triggered by api activity,0
adversaries may establish persistence and elevate privileges by executing malicious content triggered by appinit dlls loaded into processes dynamic link libraries dlls that are specified in the code appinit dlls value in the registry keys code hkey local machine software microsoft windows nt currentversion windows or code hkey local machine software wow6432node microsoft windows nt currentversion windows are loaded by user32 dll into every process that loads user32 dll in practice this is nearly every program since user32 dll is very common library similar to process injection these values can be abused to obtain elevated privileges by causing malicious dll to be loaded and run in the context of separate processes on the computer malicious appinit dlls may also provide persistence by continuously being triggered by api activity the appinit dll functionality is disabled in windows and later versions when secure boot is enabled,0
adversaries may establish persistence and elevate privileges by executing malicious content triggered by application shims the microsoft windows application compatibility infrastructure application shim was created to allow for backward compatibility of software as the operating system codebase changes over time for example the application shimming feature allows developers to apply fixes to applications without rewriting code that were created for windows xp so that it will work with windows within the framework shims are created to act as buffer between the program or more specifically the import address table and the windows os when program is executed the shim cache is referenced to determine if the program requires the use of the shim database sdb if so the shim database uses hooking to redirect the code as necessary in order to communicate with the os list of all shims currently installed by the default windows installer sdbinst exe is kept in code windir apppatch sysmain sdb and code hklm software microsoft windows nt currentversion appcompatflags installedsdb custom databases are stored in code windir apppatch custom windir apppatch apppatch64 custom and code hklm software microsoft windows nt currentversion appcompatflags custom to keep shims secure windows designed them to run in user mode so they cannot modify the kernel and you must have administrator privileges to install shim however certain shims can be used to bypass user account control uac and redirectexe inject dlls into processes injectdll disable data execution prevention disablenx and structure exception handling disableseh and intercept memory addresses getprocaddress utilizing these shims may allow an adversary to perform several malicious acts such as elevate privileges install backdoors disable defenses like windows defender etc shims can also be abused to establish persistence by continuously being invoked by affected programs,0
adversaries may establish persistence by executing malicious content triggered by file type association when file is opened the default program used to open the file also called the file association or handler is checked file association selections are stored in the windows registry and can be edited by users administrators or programs that have registry access or by administrators using the built in assoc utility applications can modify the file association for given file extension to call an arbitrary program when file with the given extension is opened system file associations are listed under code hkey classes root extension for example code hkey classes root txt the entries point to handler for that extension located at code hkey classes root handler the various commands are then listed as subkeys underneath the shell key at code hkey classes root handler shell action command for example code hkey classes root txtfile shell open command code hkey classes root txtfile shell print command code hkey classes root txtfile shell printto command the values of the keys listed are commands that are executed when the handler opens the file extension adversaries can modify these values to continually execute arbitrary commands,0
adversaries may establish persistence by executing malicious content triggered by hijacked references to component object model com objects com is system within windows to enable interaction between software components through the operating system references to various com objects are stored in the registry adversaries may use the com system to insert malicious code that can be executed in place of legitimate software through hijacking the com references and relationships as means for persistence hijacking com object requires change in the registry to replace reference to legitimate system component which may cause that component to not work when executed when that system component is executed through normal system operation the adversary code will be executed instead an adversary is likely to hijack objects that are used frequently enough to maintain consistent level of persistence but are unlikely to break noticeable functionality within the system as to avoid system instability that could lead to detection one variation of com hijacking involves abusing type libraries typelibs which provide metadata about com objects such as their interfaces and methods adversaries may modify registry keys associated with typelibs to redirect legitimate com object functionality to malicious scripts or payloads unlike traditional com hijacking which commonly uses local dlls this variation may leverage the script moniker to execute remote scripts hosted on external servers this approach enables stealthy execution of code while maintaining persistence as the remote payload would be automatically downloaded whenever the hijacked com object is accessed,0
adversaries may gain persistence and elevate privileges by executing malicious content triggered by the event monitor daemon emond emond is launch daemon that accepts events from various services runs them through simple rules engine and takes action the emond binary at code will load any rules from the code directory and take action once an explicitly defined event takes place the rule files are in the plist format and define the name event type and action to take some examples of event types include system startup and user authentication examples of actions are to run system command or send an email the emond service will not launch if there is no file present in the queuedirectories path code specified in the launch daemon configuration file at code adversaries may abuse this service by writing rule to execute commands when defined event occurs such as system start up or user authentication adversaries may also be able to escalate privileges from administrator to root as the emond service is executed with root privileges by the launch daemon service,0
adversaries may establish persistence and elevate privileges by executing malicious content triggered by image file execution options ifeo debuggers ifeos enable developer to attach debugger to an application when process is created debugger present in an application ifeo will be prepended to the application name effectively launching the new process under the debugger code notepad exe ifeos can be set directly via the registry or in global flags via the gflags tool ifeos are represented as code debugger values in the registry under code hklm software wow6432node microsoft windows nt currentversion image file execution options executable where code lt executable gt is the binary on which the debugger is attached ifeos can also enable an arbitrary monitor program to be launched when specified program silently exits is prematurely terminated by itself or second non kernel mode process similar to debuggers silent exit monitoring can be enabled through gflags and by directly modifying ifeo and silent process exit registry values in code hkey local machine software microsoft windows nt currentversion silentprocessexit similar to accessibility features on windows vista and later as well as windows server and later registry key may be modified that configures cmd exe or another program that provides backdoor access as debugger for an accessibility program ex utilman exe after the registry is modified pressing the appropriate key combination at the login screen while at the keyboard or when connected with remote desktop protocol will cause the debugger program to be executed with system privileges similar to process injection these values may also be abused to obtain privilege escalation by causing malicious executable to be loaded and run in the context of separate processes on the computer installing ifeo mechanisms may also provide persistence via continuous triggered invocation malware may also use ifeo to impair defenses by registering invalid debuggers that redirect and effectively disable various system and security applications,0
adversaries may establish persistence and elevate privileges by using an installer to trigger the execution of malicious content installer packages are os specific and contain the resources an operating system needs to install applications on system installer packages can include scripts that run prior to installation as well as after installation is complete installer scripts may inherit elevated permissions when executed developers often use these scripts to prepare the environment for installation check requirements download dependencies and remove files after installation using legitimate applications adversaries have distributed applications with modified installer scripts to execute malicious content when user installs the application they may be required to grant administrative permissions to allow the installation at the end of the installation process of the legitimate application content such as macos postinstall scripts can be executed with the inherited elevated permissions adversaries can use these scripts to execute malicious executable or install other malicious components such as launch daemon with the elevated permissions depending on the distribution linux versions of package installer scripts are sometimes called maintainer scripts or post installation scripts these scripts can include preinst postinst prerm postrm scripts and run as root when executed for windows the microsoft installer services uses msi files to manage the installing updating and uninstalling of applications these installation routines may also include instructions to perform additional actions that may be abused by adversaries,1
adversaries may establish persistence by executing malicious content triggered by the execution of tainted binaries mach binaries have series of headers that are used to perform certain operations when binary is loaded the lc load dylib header in mach binary tells macos and os which dynamic libraries dylibs to load during execution time these can be added ad hoc to the compiled binary as long as adjustments are made to the rest of the fields and dependencies there are tools available to perform these changes adversaries may modify mach binary headers to load and execute malicious dylibs every time the binary is executed although any changes will invalidate digital signatures on binaries because the binary is being modified this can be remediated by simply removing the lc code signature command from the binary so that the signature isn checked at load time,0
adversaries may establish persistence by executing malicious content triggered by netsh helper dlls netsh exe also referred to as netshell is command line scripting utility used to interact with the network configuration of system it contains functionality to add helper dlls for extending functionality of the utility the paths to registered netsh exe helper dlls are entered into the windows registry at code hklm software microsoft netsh adversaries can use netsh exe helper dlls to trigger execution of arbitrary code in persistent manner this execution would take place anytime netsh exe is executed which could happen automatically with another persistence technique or if other software ex vpn is present on the system that executes netsh exe as part of its normal functionality,0
adversaries may gain persistence and elevate privileges by executing malicious content triggered by powershell profiles powershell profile code profile ps1 is script that runs when powershell starts and can be used as logon script to customize user environments powershell supports several profiles depending on the user or host program for example there can be different profiles for powershell host programs such as the powershell console powershell ise or visual studio code an administrator can also configure profile that applies to all users and host programs on the local computer adversaries may modify these profiles to include arbitrary commands functions modules and powershell drives to gain persistence every time user opens powershell session the modified script will be executed unless the code noprofile flag is used when it is launched an adversary may also be able to escalate privileges if script in powershell profile is loaded and executed by an account with higher privileges such as domain administrator,0
adversaries may achieve persistence by leveraging python startup mechanisms including path configuration pth files and the sitecustomize py or usercustomize py modules these files are automatically processed during the initialization of the python interpreter allowing for the execution of arbitrary code whenever python is invoked path configuration files are designed to extend python module search paths through the use of import statements if pth file is placed in python site packages or dist packages directories any lines beginning with import will be executed automatically on python invocation similarly if sitecustomize py or usercustomize py is present in the python path these files will be imported during interpreter startup and any code they contain will be executed adversaries may abuse these mechanisms to establish persistence on systems where python is widely used for automation or scripting in production environments,1
adversaries may establish persistence by executing malicious content triggered by user inactivity screensavers are programs that execute after configurable time of user inactivity and consist of portable executable pe files with scr file extension the windows screensaver application scrnsave scr is located in code and code on bit windows systems along with screensavers included with base windows installations the following screensaver settings are stored in the registry code hkcu control panel desktop and could be manipulated to achieve persistence code scrnsave exe set to malicious pe path code screensaveactive set to to enable the screensaver code screensaverissecure set to to not require password to unlock code screensavetimeout sets user inactivity timeout before screensaver is executed adversaries can use screensaver settings to maintain persistence by setting the screensaver to run malware after certain timeframe of user inactivity,0
adversaries may establish persistence by executing malicious content triggered by an interrupt signal the code trap command allows programs and shells to specify commands that will be executed upon receiving interrupt signals common situation is script allowing for graceful termination and handling of common keyboard interrupts like code ctrl and code ctrl adversaries can use this to register code to be executed when the shell encounters specific interrupts as persistence mechanism trap commands are of the following format code trap command list signals where command list will be executed when signals are received,1
adversaries may maintain persistence through executing malicious content triggered using udev rules udev is the linux kernel device manager that dynamically manages device nodes handles access to pseudo device files in the directory and responds to hardware events such as when external devices like hard drives or keyboards are plugged in or removed udev uses rule files with match keys to specify the conditions hardware event must meet and action keys to define the actions that should follow root permissions are required to create modify or delete rule files located in and rule priority is determined by both directory and by the digit prefix in the rule filename adversaries may abuse the udev subsystem by adding or modifying rules in udev rule files to execute malicious content for example an adversary may configure rule to execute their binary each time the pseudo device file such as is accessed by an application although udev is limited to running short tasks and is restricted by systemd udevd sandbox blocking network and filesystem access attackers may use scripting commands under the action key run to detach and run the malicious content process in the background to bypass these controls,1
adversaries may establish persistence through executing malicious commands triggered by user shell user unix shell execute several configuration scripts at different points throughout the session based on events for example when user opens command line interface or remotely logs in such as via ssh login shell is initiated the login shell executes scripts from the system code and the user home directory code to configure the environment all login shells on system use when initiated these configuration scripts run at the permission level of their directory and are often used to set environment variables create aliases and customize the user environment when the shell exits or terminates additional shell scripts are executed to ensure the shell exits appropriately adversaries may attempt to establish persistence by inserting commands into scripts automatically executed by shells using bash as an example the default shell for most gnu systems adversaries may add commands that launch malicious binaries into the code and code files these files typically require root permissions to modify and are executed each time any shell on system launches for user level permissions adversaries can insert malicious commands into code code or code which are sourced when user opens command line interface or connects remotely since the system only executes the first existing file in the listed order adversaries have used code to ensure execution adversaries have also leveraged the code file which is additionally executed if the connection is established remotely or an additional interactive shell is opened such as new tab in the command line interface some malware targets the termination of program to trigger execution adversaries can use the code file to execute malicious commands at the end of session for macos the functionality of this technique is similar but may leverage zsh the default shell for macos when the terminal app is opened the application launches zsh login shell and zsh interactive shell the login shell configures the system environment using code code code and code the login shell then configures the user environment with code and code the interactive shell uses the code to configure the user environment upon exiting code and code are executed for legacy programs macos executes code on startup,1
adversaries may establish persistence and elevate privileges by executing malicious content triggered by windows management instrumentation wmi event subscription wmi can be used to install event filters providers consumers and bindings that execute code when defined event occurs examples of events that may be subscribed to are the wall clock time user login or the computer uptime adversaries may use the capabilities of wmi to subscribe to an event and execute arbitrary code when that event occurs providing persistence on system adversaries may also compile wmi scripts using mofcomp exe into windows management object mof files mof extension that can be used to create malicious subscription wmi subscription execution is proxied by the wmi provider host process wmiprvse exe and thus may result in elevated system privileges,0
adversaries who successfully compromise system may attempt to maintain persistence by closing the door behind them in other words by preventing other threat actors from initially accessing or maintaining foothold on the same system for example adversaries may patch vulnerable compromised system to prevent other threat actors from leveraging that vulnerability in the future they may close the door in other ways such as disabling vulnerable services stripping privileges from accounts or removing other malware already on the compromised device hindering other threat actors may allow an adversary to maintain sole access to compromised system or network this prevents the threat actor from needing to compete with or even being removed themselves by other threat actors it also reduces the noise in the environment lowering the possibility of being caught and evicted by defenders finally in the case of resource hijacking leveraging compromised device full power allows the threat actor to maximize profit,1
adversaries may use execution guardrails to constrain execution or actions based on adversary supplied and environment specific conditions that are expected to be present on the target guardrails ensure that payload only executes against an intended target and reduces collateral damage from an adversary campaign values an adversary can provide about target system or environment to use as guardrails may include specific network share names attached physical devices files joined active directory ad domains and local ip addresses guardrails can be used to prevent exposure of capabilities in environments that are not intended to be compromised or operated within this use of guardrails is distinct from typical virtualization evasion while use of virtualization evasion may involve checking for known sandbox values and continuing with execution only if there is no match the use of guardrails will involve checking for an expected target specific value and only continuing with execution if there is such match adversaries may identify and block certain user agents to evade defenses and narrow the scope of their attack to victims and platforms on which it will be most effective user agent self identifies data such as user software application operating system vendor and version adversaries may check user agents for operating system identification and then only serve malware for the exploitable software while ignoring all other operating systems,1
adversaries may environmentally key payloads or other features of malware to evade defenses and constraint execution to specific target environment environmental keying uses cryptography to constrain execution or actions based on adversary supplied environment specific conditions that are expected to be present on the target environmental keying is an implementation of execution guardrails that utilizes cryptographic techniques for deriving encryption keys from specific types of values in given computing environment values can be derived from target specific elements and used to generate decryption key for an encrypted payload target specific values can be derived from specific network shares physical devices software versions files joined ad domains system time and local ip addresses by generating the decryption keys from target specific environmental values environmental keying can make sandbox detection anti virus detection crowdsourcing of information and reverse engineering difficult these difficulties can slow down the incident response process and help adversaries hide their tactics techniques and procedures ttps similar to obfuscated files or information adversaries may use environmental keying to help protect their ttps and evade detection environmental keying may be used to deliver an encrypted payload to the target that will use target specific values to decrypt the payload before execution by utilizing target specific values to decrypt the payload the adversary can avoid packaging the decryption key with the payload or sending it over potentially monitored network connection depending on the technique for gathering target specific values reverse engineering of the encrypted payload can be exceptionally difficult this can be used to prevent exposure of capabilities in environments that are not intended to be compromised or operated within like other execution guardrails environmental keying can be used to prevent exposure of capabilities in environments that are not intended to be compromised or operated within this activity is distinct from typical virtualization evasion while use of virtualization evasion may involve checking for known sandbox values and continuing with execution only if there is no match the use of environmental keying will involve checking for an expected target specific value that must match for decryption and subsequent execution to be successful,1
adversaries may constrain execution or actions based on the presence of mutex associated with malware mutex is locking mechanism used to synchronize access to resource only one thread or process can acquire mutex at given time while local mutexes only exist within given process allowing multiple threads to synchronize access to resource system mutexes can be used to synchronize the activities of multiple processes by creating unique system mutex associated with particular malware adversaries can verify whether or not system has already been compromised in linux environments malware may instead attempt to acquire lock on mutex file if the malware is able to acquire the lock it continues to execute if it fails it exits to avoid creating second instance of itself mutex names may be hard coded or dynamically generated using predictable algorithm,1
adversaries may steal data by exfiltrating it over different protocol than that of the existing command and control channel the data may also be sent to an alternate network location from the main command and control server alternate protocols include ftp smtp dns smb or any other network protocol not being used as the main command and control channel adversaries may also opt to encrypt and obfuscate these alternate channels exfiltration over alternative protocol can be done using various common operating system utilities such as net or ftp on macos and linux code curl may be used to invoke protocols such as or ftp to exfiltrate data from system many iaas and saas platforms such as microsoft exchange microsoft sharepoint github and aws s3 support the direct download of files emails source code and other sensitive information via the web console or cloud api,1
adversaries may steal data by exfiltrating it over an asymmetrically encrypted network protocol other than that of the existing command and control channel the data may also be sent to an alternate network location from the main command and control server asymmetric encryption algorithms are those that use different keys on each end of the channel also known as public key cryptography this requires pairs of cryptographic keys that can encrypt data from the corresponding key each end of the communication channels requires private key only in the procession of that entity and the public key of the other entity the public keys of each entity are exchanged before encrypted communications begin network protocols that use asymmetric encryption such as often utilize symmetric encryption once keys are exchanged adversaries may opt to use these encrypted mechanisms that are baked into protocol,1
adversaries may steal data by exfiltrating it over symmetrically encrypted network protocol other than that of the existing command and control channel the data may also be sent to an alternate network location from the main command and control server symmetric encryption algorithms are those that use shared or the same keys on each end of the channel this requires an exchange or pre arranged agreement of the value used to encrypt and decrypt data network protocols that use asymmetric encryption often utilize symmetric encryption once keys are exchanged but adversaries may opt to manually share keys and implement symmetric cryptographic algorithms ex rc4 aes vice using mechanisms that are baked into protocol this may result in multiple layers of encryption in protocols that are natively encrypted such as or encryption in protocols that not typically encrypted such as http or ftp,1
adversaries may steal data by exfiltrating it over an un encrypted network protocol other than that of the existing command and control channel the data may also be sent to an alternate network location from the main command and control server adversaries may opt to obfuscate this data without the use of encryption within network protocols that are natively unencrypted such as ftp or dns this may include custom or publicly available encoding algorithms such as base64 as well as embedding data within protocol headers and fields,1
adversaries may steal data by exfiltrating it over an existing command and control channel stolen data is encoded into the normal communications channel using the same protocol as command and control communications,1
adversaries may attempt to exfiltrate data over different network medium than the command and control channel if the command and control network is wired internet connection the exfiltration may occur for example over wifi connection modem cellular data connection bluetooth or another radio frequency rf channel adversaries may choose to do this if they have sufficient access or proximity and the connection might not be secured or defended as well as the primary internet connected channel because it is not routed through the same enterprise network,1
adversaries may attempt to exfiltrate data over bluetooth rather than the command and control channel if the command and control network is wired internet connection an adversary may opt to exfiltrate data using bluetooth communication channel adversaries may choose to do this if they have sufficient access and proximity bluetooth connections might not be secured or defended as well as the primary internet connected channel because it is not routed through the same enterprise network,1
adversaries may attempt to exfiltrate data via physical medium such as removable drive in certain circumstances such as an air gapped network compromise exfiltration could occur via physical medium or device introduced by user such media could be an external hard drive usb drive cellular phone mp3 player or other removable storage and processing device the physical medium or device could be used as the final exfiltration point or to hop between otherwise disconnected systems,1
adversaries may attempt to exfiltrate data over usb connected physical device in certain circumstances such as an air gapped network compromise exfiltration could occur via usb device introduced by user the usb device could be used as the final exfiltration point or to hop between otherwise disconnected systems,1
adversaries may use an existing legitimate external web service to exfiltrate data rather than their primary command and control channel popular web services acting as an exfiltration mechanism may give significant amount of cover due to the likelihood that hosts within network are already communicating with them prior to compromise firewall rules may also already exist to permit traffic to these services web service providers also commonly use ssl encryption giving adversaries an added level of protection,1
adversaries may exfiltrate data to webhook endpoint rather than over their primary command and control channel webhooks are simple mechanisms for allowing server to push data over to client without the need for the client to continuously poll the server many public and commercial services such as discord slack and webhook site support the creation of webhook endpoints that can be used by other services such as github jira or trello when changes happen in the linked services such as pushing repository update or modifying ticket these services will automatically post the data to the webhook endpoint for use by the consuming application adversaries may link an adversary owned environment to victim owned saas service to achieve repeated automated exfiltration of emails chat messages and other data alternatively instead of linking the webhook endpoint to service an adversary can manually post staged data directly to the url in order to exfiltrate it access to webhook endpoints is often over which gives the adversary an additional level of protection exfiltration leveraging webhooks can also blend in with normal network traffic if the webhook endpoint points to commonly used saas application or collaboration service,1
adversaries may exfiltrate data to cloud storage service rather than over their primary command and control channel cloud storage services allow for the storage edit and retrieval of data from remote cloud storage server over the internet examples of cloud storage services include dropbox and google docs exfiltration to these cloud storage services can provide significant amount of cover to the adversary if hosts within the network are already communicating with the service,1
adversaries may exfiltrate data to code repository rather than over their primary command and control channel code repositories are often accessible via an api ex access to these apis are often over which gives the adversary an additional level of protection exfiltration to code repository can also provide significant amount of cover to the adversary if it is popular service already used by hosts within the network,1
adversaries may exfiltrate data to text storage sites instead of their primary command and control channel text storage sites such as code pastebin com are commonly used by developers to share code and other information text storage sites are often used to host malicious code for c2 communication stage capabilities but adversaries may also use these sites to exfiltrate collected data furthermore paid features and encryption options may allow adversaries to conceal and store data more securely note this is distinct from exfiltration to code repository which highlight access to code repositories via apis,1
adversaries may attempt to exploit weakness in an internet facing host or system to initially access network the weakness in the system can be software bug temporary glitch or misconfiguration exploited applications are often websites servers but can also include databases like sql standard services like smb or ssh network device administration and management protocols like snmp and smart install and any other system with internet accessible open sockets on esxi infrastructure adversaries may exploit exposed openslp services they may alternatively exploit exposed vmware vcenter servers depending on the flaw being exploited this may also involve exploitation for stealth or exploitation for client execution if an application is hosted on cloud based infrastructure and is containerized then exploiting it may lead to compromise of the underlying instance or container this can allow an adversary path to access the cloud or container apis via the cloud instance metadata api exploit container host access via escape to host or take advantage of weak identity and access management policies adversaries may also exploit edge network infrastructure and related appliances specifically targeting devices that do not support robust host based defenses for websites and databases the owasp top and cwe top highlight the most common web based vulnerabilities,1
adversaries may exploit software vulnerabilities in client applications to execute code vulnerabilities can exist in software due to unsecure coding practices that can lead to unanticipated behavior adversaries can take advantage of certain vulnerabilities through targeted exploitation for the purpose of arbitrary code execution oftentimes the most valuable exploits to an offensive toolkit are those that can be used to obtain code execution on remote system because they can be used to gain access to that system users will expect to see files related to the applications they commonly used to do work so they are useful target for exploit research and development because of their high utility several types exist browser based exploitation web browsers are common target through drive by compromise and spearphishing link endpoint systems may be compromised through normal web browsing or from certain users being targeted by links in spearphishing emails to adversary controlled sites used to exploit the web browser these often do not require an action by the user for the exploit to be executed office applications common office and productivity applications such as microsoft office are also targeted through phishing malicious files will be transmitted directly as attachments or through links to download them these require the user to open the document or file for the exploit to run common third party applications other applications that are commonly seen or are part of the software deployed in target network may also be used for exploitation applications such as adobe reader and flash which are common in enterprise environments have been routinely targeted by adversaries attempting to gain access to systems depending on the software and nature of the vulnerability some may be exploited in the browser or require the user to open file for instance some flash exploits have been delivered as objects within microsoft office documents,1
adversaries may exploit software vulnerabilities in an attempt to collect credentials exploitation of software vulnerability occurs when an adversary takes advantage of programming error in program service or within the operating system software or kernel itself to execute adversary controlled code credentialing and authentication mechanisms may be targeted for exploitation by adversaries as means to gain access to useful credentials or circumvent the process to gain authenticated access to systems one example of this is ms14 which targets kerberos and can be used to forge kerberos tickets using domain user permissions another example of this is replay attacks in which the adversary intercepts data packets sent between parties and then later replays these packets if services don properly validate authentication requests these replayed packets may allow an adversary to impersonate one of the parties and gain unauthorized access or privileges such exploitation has been demonstrated in cloud environments as well for example adversaries have exploited vulnerabilities in public cloud infrastructure that allowed for unintended authentication token creation and renewal exploitation for credential access may also result in privilege escalation depending on the process targeted or credentials obtained,1
adversaries may exploit vulnerabilities in security software infrastructure or defensive components to degrade disable or otherwise continue to impair their ability to prevent detect or respond to malicious activity adversaries may exploit system or application vulnerability to directly interfere with defensive mechanisms exploitation occurs when an adversary takes advantage of programming error in software services or the operating system to execute adversary controlled code often with the goal of weakening or disabling protections vulnerabilities may exist in security tools such as antivirus endpoint detection and response edr firewalls or other monitoring solutions adversaries may use prior reconnaissance or perform discovery activities software discovery to identify defensive tools present in an environment and target them for exploitation successful exploitation may allow adversaries to terminate security processes disable protections bypass enforcement mechanisms or reduce the effectiveness of defensive controls in some cases vulnerabilities in cloud based or saas infrastructure may also be leveraged to bypass built in security boundaries or disrupt visibility and enforcement across environments,1
adversaries may exploit software vulnerabilities in an attempt to elevate privileges exploitation of software vulnerability occurs when an adversary takes advantage of programming error in program service or within the operating system software or kernel itself to execute adversary controlled code security constructs such as permission levels will often hinder access to information and use of certain techniques so adversaries will likely need to perform privilege escalation to include use of software exploitation to circumvent those restrictions when initially gaining access to system an adversary may be operating within lower privileged process which will prevent them from accessing certain resources on the system vulnerabilities may exist usually in operating system components and software commonly running at higher permissions that can be exploited to gain higher levels of access on the system this could enable someone to move from unprivileged or user level permissions to system or root permissions depending on the component that is vulnerable this could also enable an adversary to move from virtualized environment such as within virtual machine or container onto the underlying host this may be necessary step for an adversary compromising an endpoint system that has been properly configured and limits other privilege escalation methods adversaries may bring signed vulnerable driver onto compromised machine so that they can exploit the vulnerability to execute code in kernel mode this process is sometimes referred to as bring your own vulnerable driver byovd adversaries may include the vulnerable driver with files delivered during initial access or download it to compromised system via ingress tool transfer or lateral tool transfer,1
adversaries may exploit vulnerabilities to evade detection by hiding activity suppressing logging or operating within trusted or unmonitored components adversaries may exploit system or application vulnerability to avoid detection while maintaining access within an environment exploitation occurs when an adversary leverages programming flaw to execute code in manner that minimizes visibility or blends in with legitimate activity rather than directly disabling defenses adversaries may use exploitation to circumvent monitoring and logging mechanisms this can include abusing vulnerabilities in logging pipelines security tools or cloud infrastructure to evade audit trails suppress alerts or operate without generating telemetry adversaries may identify these opportunities through prior reconnaissance or by performing discovery of security controls after initial access in some cases vulnerabilities in saas or public cloud environments may be exploited to evade logging obscure activity or deploy infrastructure that remains hidden from standard monitoring tools,1
adversaries may exploit remote services to gain unauthorized access to internal systems once inside of network exploitation of software vulnerability occurs when an adversary takes advantage of programming error in program service or within the operating system software or kernel itself to execute adversary controlled code common goal for post compromise exploitation of remote services is for lateral movement to enable access to remote system an adversary may need to determine if the remote system is in vulnerable state which may be done through network service discovery or other discovery methods looking for common vulnerable software that may be deployed in the network the lack of certain patches that may indicate vulnerabilities or security software that may be used to detect or contain remote exploitation servers are likely high value target for lateral movement exploitation but endpoint systems may also be at risk if they provide an advantage or access to additional resources there are several well known vulnerabilities that exist in common services such as smb and rdp as well as applications that may be used within internal networks such as mysql and web server services additionally there have been number of vulnerabilities in vmware vcenter installations which may enable threat actors to move laterally from the compromised vcenter server to virtual machines or even to esxi hypervisors depending on the permissions level of the vulnerable remote service an adversary may achieve exploitation for privilege escalation as result of lateral movement exploitation as well,1
adversaries may leverage external facing remote services to initially access and persist within network remote services such as vpns citrix and other access mechanisms allow users to connect to internal enterprise network resources from external locations there are often remote service gateways that manage connections and credential authentication for these services services such as windows remote management and vnc can also be used externally access to valid accounts to use the service is often requirement which could be obtained through credential pharming or by obtaining the credentials from users after compromising the enterprise network access to remote services may be used as redundant or persistent access mechanism during an operation access may also be gained through an exposed service that doesn require authentication in containerized environments this may include an exposed docker api kubernetes api server kubelet or web application such as the kubernetes dashboard adversaries may also establish persistence on network by configuring tor hidden service on compromised system adversaries may utilize the tool shadowlink to facilitate the installation and configuration of the tor hidden service tor hidden service is then accessible via the tor network because shadowlink sets up onion address on the compromised system shadowlink may be used to forward any inbound connections to rdp allowing the adversaries to have remote access adversaries may get shadowlink to persist on system by masquerading it as an ms defender application,1
adversaries may use fallback or alternate communication channels if the primary channel is compromised or inaccessible in order to maintain reliable command and control and to avoid data transfer thresholds,1
adversaries may enumerate files and directories or may search in specific locations of host or network share for certain information within file system adversaries may use the information from file and directory discovery during automated discovery to shape follow on behaviors including whether or not the adversary fully infects the target and attempts specific actions many command shell utilities can be used to obtain this information examples include code dir code tree code ls code find and code locate custom tools may also be used to gather file and directory information and interact with the native api adversaries may also leverage network device cli on network devices to gather file and directory information code dir code show flash and code nvram some files and directories may require elevated or specific user permissions to access,1
adversaries may modify file or directory permissions to evade access control lists acls and access protected files file and directory permissions are commonly managed by acls configured by the file or directory owner or users with the appropriate permissions file and directory acl implementations vary by platform but generally explicitly designate which users or groups can perform which actions read write execute etc modifications may include changing specific access rights which may require taking ownership of file or directory and elevated permissions depending on the file or directory existing permissions this may enable malicious activity such as modifying replacing or deleting specific files or directories specific file and directory modifications may be required step for many techniques such as establishing persistence via accessibility features boot or logon initialization scripts unix shell configuration modification or tainting other instrumental binary files via hijack execution flow adversaries may also change permissions of symbolic links for example malware particularly ransomware may modify symbolic links and associated settings to enable access to files from local shortcuts with remote paths,1
adversaries may modify file or directory permissions to evade access control lists acls and access protected files file and directory permissions are commonly managed by acls configured by the file or directory owner or users with the appropriate permissions file and directory acl implementations vary by platform but generally explicitly designate which users or groups can perform which actions read write execute etc most linux and linux based platforms provide standard set of permission groups user group and other and standard set of permissions read write and execute that are applied to each group while nuances of each platform permissions implementation may vary most of the platforms provide two primary commands used to manipulate file and directory acls code chown short for change owner and code chmod short for change mode adversarial may use these commands to make themselves the owner of files and directories or change the mode if current permissions allow it they could subsequently lock others out of the file specific file and directory modifications may be required step for many techniques such as establishing persistence via unix shell configuration modification or tainting other instrumental binary files via hijack execution flow,1
adversaries may modify file or directory permissions to evade access control lists acls and access protected files file and directory permissions are commonly managed by acls configured by the file or directory owner or users with the appropriate permissions file and directory acl implementations vary by platform but generally explicitly designate which users or groups can perform which actions read write execute etc windows implements file and directory acls as discretionary access control lists dacls similar to standard acl dacls identifies the accounts that are allowed or denied access to securable object when an attempt is made to access securable object the system checks the access control entries in the dacl in order if matching entry is found access to the object is granted otherwise access is denied adversaries can interact with the dacls using built in windows commands such as icacls cacls takeown and attrib which can grant adversaries higher permissions on specific files and folders further powershell provides cmdlets that can be used to retrieve or modify file and directory dacls specific file and directory modifications may be required step for many techniques such as establishing persistence via accessibility features boot or logon initialization scripts or tainting other instrumental binary files via hijack execution flow,0
adversaries may steal monetary resources from targets through extortion social engineering technical theft or other methods aimed at their own financial gain at the expense of the availability of these resources for victims financial theft is the ultimate objective of several popular campaign types including extortion by ransomware business email compromise bec and fraud pig butchering bank hacking and exploiting cryptocurrency networks adversaries may compromise accounts to conduct unauthorized transfers of funds in the case of business email compromise or email fraud an adversary may utilize impersonation of trusted entity once the social engineering is successful victims can be deceived into sending money to financial accounts controlled by an adversary this creates the potential for multiple victims compromised accounts as well as the ultimate monetary loss in incidents involving financial theft extortion by ransomware may occur for example when an adversary demands payment from victim after data encrypted for impact and exfiltration of data followed by threatening to leak sensitive data to the public unless payment is made to the adversary adversaries may use dedicated leak sites to distribute victim data due to the potentially immense business impact of financial theft an adversary may abuse the possibility of financial theft and seeking monetary gain to divert attention from their true goals such as data destruction and business disruption,1
adversaries may overwrite or corrupt the flash memory contents of system bios or other firmware in devices attached to system in order to render them inoperable or unable to boot thus denying the availability to use the devices and the system firmware is software that is loaded and executed from non volatile memory on hardware devices in order to initialize and manage device functionality these devices may include the motherboard hard drive or video cards in general adversaries may manipulate overwrite or corrupt firmware in order to deny the use of the system or devices for example corruption of firmware responsible for loading the operating system for network devices may render the network devices inoperable depending on the device this attack may also result in data destruction,1
adversaries may gather credential material by invoking or forcing user to automatically provide authentication information through mechanism in which they can intercept the server message block smb protocol is commonly used in windows networks for authentication and communication between systems for access to resources and file sharing when windows system attempts to connect to an smb resource it will automatically attempt to authenticate and send credential information for the current user to the remote system this behavior is typical in enterprise environments so that users do not need to enter credentials to access network resources web distributed authoring and versioning webdav is also typically used by windows systems as backup protocol when smb is blocked or fails webdav is an extension of http and will typically operate over tcp ports and adversaries may take advantage of this behavior to gain access to user account hashes through forced smb authentication an adversary can send an attachment to user through spearphishing that contains resource link to an external server controlled by the adversary template injection or place specially crafted file on navigation path for privileged accounts scf file placed on desktop or on publicly accessible share to be accessed by victim when the user system accesses the untrusted resource it will attempt authentication and send information including the user hashed credentials over smb to the adversary controlled server with access to the credential hash an adversary can perform off line brute force cracking to gain access to plaintext credentials there are several different ways this can occur some specifics from in the wild use include spearphishing attachment containing document with resource that is automatically loaded when the document is opened template injection the document can include for example request similar to code file address to trigger the smb request modified lnk or scf file with the icon filename pointing to an external reference such as code remote address pic png that will force the system to load the resource when the icon is rendered to repeatedly gather credentials alternatively by leveraging the code efsrpcopenfileraw function an adversary can send smb requests to remote system ms efsrpc interface and force the victim computer to initiate an authentication procedure and share its authentication details the encrypting file system remote protocol efsrpc is protocol used in windows networks for maintenance and management operations on encrypted data that is stored remotely to be accessed over network utilization of code efsrpcopenfileraw function in efsrpc is used to open an encrypted object on the server for backup or restore adversaries can collect this data and abuse it as part of ntlm relay attack to gain access to remote systems on the same internal network,0
adversaries may forge credential materials that can be used to gain access to web applications or internet services web applications and services hosted in cloud saas environments or on premise servers often use session cookies tokens or other materials to authenticate and authorize user access adversaries may generate these credential materials in order to gain access to web resources this differs from steal web session cookie steal application access token and other similar behaviors in that the credentials are new and forged by the adversary rather than stolen or intercepted from legitimate users the generation of web credentials often requires secret values such as passwords private keys or other cryptographic seed values adversaries may also forge tokens by taking advantage of features such as the assumerole and getfederationtoken apis in aws which allow users to request temporary security credentials temporary elevated cloud access or the zmprov gdpak command in zimbra which generates pre authentication key that can be used to generate tokens for any user in the domain once forged adversaries may use these web credentials to access resources ex use alternate authentication material which may bypass multi factor and other authentication protection mechanisms,1
an adversary may forge saml tokens with any permissions claims and lifetimes if they possess valid saml token signing certificate the default lifetime of saml token is one hour but the validity period can be specified in the code notonorafter value of the code conditions element in token this value can be changed using the code accesstokenlifetime in code lifetimetokenpolicy forged saml tokens enable adversaries to authenticate across services that use saml as an sso single sign on mechanism an adversary may utilize private keys to compromise an organization token signing certificate to create forged saml tokens if the adversary has sufficient permissions to establish new federation trust with their own active directory federation services ad fs server they may instead generate their own trusted token signing certificate this differs from steal application access token and other similar behaviors in that the tokens are new and forged by the adversary rather than stolen or intercepted from legitimate users an adversary may gain administrative entra id privileges if saml token is forged which claims to represent highly privileged account this may lead to use alternate authentication material which may bypass multi factor and other authentication protection mechanisms,0
adversaries may forge web cookies that can be used to gain access to web applications or internet services web applications and services hosted in cloud saas environments or on premise servers often use session cookies to authenticate and authorize user access adversaries may generate these cookies in order to gain access to web resources this differs from steal web session cookie and other similar behaviors in that the cookies are new and forged by the adversary rather than stolen or intercepted from legitimate users most common web applications have standardized and documented cookie values that can be generated using provided tools or interfaces the generation of web cookies often requires secret values such as passwords private keys or other cryptographic seed values once forged adversaries may use these web cookies to access resources web session cookie which may bypass multi factor and other authentication protection mechanisms,1
adversaries may gather information about the victim hosts that can be used during targeting information about hosts may include variety of details including administrative data ex name assigned ip functionality etc as well as specifics regarding its configuration ex operating system language etc adversaries may gather this information in various ways such as direct collection actions via active scanning or phishing for information adversaries may also compromise sites then include malicious content designed to collect host information from visitors information about hosts may also be exposed to adversaries via online or other accessible data sets ex social media or search victim owned websites gathering this information may reveal opportunities for other forms of reconnaissance ex search open websites or search open technical databases establishing operational resources ex develop capabilities or obtain capabilities and initial access ex supply chain compromise or external remote services adversaries may also gather victim host information via user agent http headers which are sent to server to identify the application operating system vendor and version of the requesting user agent this can be used to inform the adversary follow on action for example adversaries may check user agents for the requesting operating system then only serve malware for target operating systems while ignoring others,0
adversaries may gather information about the victim client configurations that can be used during targeting information about client configurations may include variety of details and settings including operating system virtualization architecture ex or bit language and time zone adversaries may gather this information in various ways such as direct collection actions via active scanning ex listening ports server banners user agent strings or phishing for information adversaries may also compromise sites then include malicious content designed to collect host information from visitors information about the client configurations may also be exposed to adversaries via online or other accessible data sets ex job postings network maps assessment reports resumes or purchase invoices gathering this information may reveal opportunities for other forms of reconnaissance ex search open websites or search open technical databases establishing operational resources ex develop capabilities or obtain capabilities and initial access ex supply chain compromise or external remote services,0
adversaries may gather information about the victim host firmware that can be used during targeting information about host firmware may include variety of details such as type and versions on specific hosts which may be used to infer more information about hosts in the environment ex configuration purpose age level etc adversaries may gather this information in various ways such as direct elicitation via phishing for information information about host firmware may only be exposed to adversaries via online or other accessible data sets ex job postings network maps assessment reports resumes or purchase invoices gathering this information may reveal opportunities for other forms of reconnaissance ex search open websites or search open technical databases establishing operational resources ex develop capabilities or obtain capabilities and initial access ex supply chain compromise or exploit public facing application,0
adversaries may gather information about the victim host hardware that can be used during targeting information about hardware infrastructure may include variety of details such as types and versions on specific hosts as well as the presence of additional components that might be indicative of added defensive protections ex card readers dedicated encryption hardware etc adversaries may gather this information in various ways such as direct collection actions via active scanning ex hostnames server banners user agent strings or phishing for information adversaries may also compromise sites then include malicious content designed to collect host information from visitors information about the hardware infrastructure may also be exposed to adversaries via online or other accessible data sets ex job postings network maps assessment reports resumes or purchase invoices gathering this information may reveal opportunities for other forms of reconnaissance ex search open websites or search open technical databases establishing operational resources ex develop capabilities or obtain capabilities and initial access ex compromise hardware supply chain or hardware additions,0
adversaries may gather information about the victim host software that can be used during targeting information about installed software may include variety of details such as types and versions on specific hosts as well as the presence of additional components that might be indicative of added defensive protections ex antivirus siems etc adversaries may gather this information in various ways such as direct collection actions via active scanning ex listening ports server banners user agent strings or phishing for information adversaries may also compromise sites then include malicious content designed to collect host information from visitors information about the installed software may also be exposed to adversaries via online or other accessible data sets ex job postings network maps assessment reports resumes or purchase invoices additionally adversaries may analyze metadata from victim owned files pdfs docs images and sound files hosted on victim owned websites to extract information about the software and hardware used to create or process those files metadata may reveal software versions configurations or timestamps that indicate outdated or vulnerable software this information can be cross referenced with known cves to identify potential vectors for exploitation in future operations gathering this information may reveal opportunities for other forms of reconnaissance ex search open websites or search open technical databases establishing operational resources ex develop capabilities or obtain capabilities and for initial access ex supply chain compromise or external remote services,0
adversaries may gather information about the victim identity that can be used during targeting information about identities may include variety of details including personal data ex employee names email addresses security question responses etc as well as sensitive details such as credentials or multi factor authentication mfa configurations adversaries may gather this information in various ways such as direct elicitation via phishing for information information about users could also be enumerated via other active means active scanning such as probing and analyzing responses from authentication services that may reveal valid usernames in system or permitted mfa associated with those usernames information about victims may also be exposed to adversaries via online or other accessible data sets ex social media or search victim owned websites gathering this information may reveal opportunities for other forms of reconnaissance ex search open websites or phishing for information establishing operational resources ex compromise accounts and initial access ex phishing or valid accounts,0
adversaries may gather credentials that can be used during targeting account credentials gathered by adversaries may be those directly associated with the target victim organization or attempt to take advantage of the tendency for users to use the same passwords across personal and business accounts adversaries may gather credentials from potential victims in various ways such as direct elicitation via phishing for information adversaries may also compromise sites then add malicious content designed to collect website authentication cookies from visitors where multi factor authentication mfa based on out of band communications is in use adversaries may compromise service provider to gain access to mfa codes and one time passwords otp credential information may also be exposed to adversaries via leaks to online or other accessible data sets ex search engines breach dumps code repositories etc adversaries may purchase credentials from dark web markets such as russian market and 2easy or through access to telegram channels that distribute logs from infostealer malware gathering this information may reveal opportunities for other forms of reconnaissance ex search open websites or phishing for information establishing operational resources ex compromise accounts and initial access ex external remote services or valid accounts,0
adversaries may gather email addresses that can be used during targeting even if internal instances exist organizations may have public facing email infrastructure and addresses for employees adversaries may easily gather email addresses since they may be readily available and exposed via online or other accessible data sets ex social media or search victim owned websites email addresses could also be enumerated via more active means active scanning such as probing and analyzing responses from authentication services that may reveal valid usernames in system for example adversaries may be able to enumerate email addresses in office environments by querying variety of publicly available api endpoints such as autodiscover and getcredentialtype gathering this information may reveal opportunities for other forms of reconnaissance ex search open websites or phishing for information establishing operational resources ex email accounts and initial access ex phishing or brute force via external remote services,0
adversaries may gather employee names that can be used during targeting employee names be used to derive email addresses as well as to help guide other reconnaissance efforts and craft more believable lures adversaries may easily gather employee names since they may be readily available and exposed via online or other accessible data sets ex social media or search victim owned websites gathering this information may reveal opportunities for other forms of reconnaissance ex search open websites or phishing for information establishing operational resources ex compromise accounts and initial access ex phishing or valid accounts,0
adversaries may gather information about the victim networks that can be used during targeting information about networks may include variety of details including administrative data ex ip ranges domain names etc as well as specifics regarding its topology and operations adversaries may gather this information in various ways such as direct collection actions via active scanning or phishing for information information about networks may also be exposed to adversaries via online or other accessible data sets ex search open technical databases gathering this information may reveal opportunities for other forms of reconnaissance ex active scanning or search open websites establishing operational resources ex acquire infrastructure or compromise infrastructure and initial access ex trusted relationship,0
adversaries may gather information about the victim dns that can be used during targeting dns information may include variety of details including registered name servers as well as records that outline addressing for target subdomains mail servers and other hosts dns mx txt and spf records may also reveal the use of third party cloud and saas providers such as office suite salesforce or zendesk adversaries may gather this information in various ways such as querying or otherwise collecting details via dns dns dns information may also be exposed to adversaries via online or other accessible data sets ex search open technical databases gathering this information may reveal opportunities for other forms of reconnaissance ex search open technical databases search open websites or active scanning establishing operational resources ex acquire infrastructure or compromise infrastructure and initial access ex external remote services adversaries may also use dns zone transfer dns query type axfr to collect all records from misconfigured dns server,0
adversaries may gather information about the victim network domain that can be used during targeting information about domains and their properties may include variety of details including what domain the victim owns as well as administrative data ex name registrar etc and more directly actionable information such as contacts email addresses and phone numbers business addresses and name servers adversaries may gather this information in various ways such as direct collection actions via active scanning or phishing for information information about victim domains and their properties may also be exposed to adversaries via online or other accessible data sets ex whois where third party cloud providers are in use this information may also be exposed through publicly available api endpoints such as getuserrealm and autodiscover in office environments gathering this information may reveal opportunities for other forms of reconnaissance ex search open technical databases search open websites or phishing for information establishing operational resources ex acquire infrastructure or compromise infrastructure and initial access ex phishing,0
adversaries may gather the victim ip addresses that can be used during targeting public ip addresses may be allocated to organizations by block or range of sequential addresses information about assigned ip addresses may include variety of details such as which ip addresses are in use ip addresses may also enable an adversary to derive other details about victim such as organizational size physical location internet service provider and or where their publicly facing infrastructure is hosted adversaries may gather this information in various ways such as direct collection actions via active scanning or phishing for information information about assigned ip addresses may also be exposed to adversaries via online or other accessible data sets ex search open technical databases gathering this information may reveal opportunities for other forms of reconnaissance ex active scanning or search open websites establishing operational resources ex acquire infrastructure or compromise infrastructure and initial access ex external remote services,0
adversaries may gather information about the victim network security appliances that can be used during targeting information about network security appliances may include variety of details such as the existence and specifics of deployed firewalls content filters and proxies hosts adversaries may also target information about victim network based intrusion detection systems nids or other appliances related to defensive cybersecurity operations adversaries may gather this information in various ways such as direct collection actions via active scanning or phishing for information information about network security appliances may also be exposed to adversaries via online or other accessible data sets ex search victim owned websites gathering this information may reveal opportunities for other forms of reconnaissance ex search open technical databases or search open websites establishing operational resources ex develop capabilities or obtain capabilities and initial access ex external remote services,0
adversaries may gather information about the victim network topology that can be used during targeting information about network topologies may include variety of details including the physical and logical arrangement of both external facing and internal network environments this information may also include specifics regarding network devices gateways routers etc and other infrastructure adversaries may gather this information in various ways such as direct collection actions via active scanning or phishing for information information about network topologies may also be exposed to adversaries via online or other accessible data sets ex search victim owned websites gathering this information may reveal opportunities for other forms of reconnaissance ex search open technical databases or search open websites establishing operational resources ex acquire infrastructure or compromise infrastructure and initial access ex external remote services,0
adversaries may gather information about the victim network trust dependencies that can be used during targeting information about network trusts may include variety of details including second or third party organizations ex managed service providers contractors etc that have connected and potentially elevated network access adversaries may gather this information in various ways such as direct elicitation via phishing for information information about network trusts may also be exposed to adversaries via online or other accessible data sets ex search open technical databases gathering this information may reveal opportunities for other forms of reconnaissance ex active scanning or search open websites establishing operational resources ex acquire infrastructure or compromise infrastructure and initial access ex trusted relationship,0
adversaries may gather information about the victim organization that can be used during targeting information about an organization may include variety of details including the names of divisions specifics of business operations as well as the roles and responsibilities of key employees adversaries may gather this information in various ways such as direct elicitation via phishing for information information about an organization may also be exposed to adversaries via online or other accessible data sets ex social media or search victim owned websites gathering this information may reveal opportunities for other forms of reconnaissance ex phishing for information or search open websites establishing operational resources ex establish accounts or compromise accounts and initial access ex phishing or trusted relationship,0
adversaries may gather information about the victim business relationships that can be used during targeting information about an organization business relationships may include variety of details including second or third party organizations ex managed service providers contractors etc that have connected and potentially elevated network access this information may also reveal supply chains and shipment paths for the victim hardware and software resources adversaries may gather this information in various ways such as direct elicitation via phishing for information information about business relationships may also be exposed to adversaries via online or other accessible data sets ex social media or search victim owned websites gathering this information may reveal opportunities for other forms of reconnaissance ex phishing for information or search open websites establishing operational resources ex establish accounts or compromise accounts and initial access ex supply chain compromise drive by compromise or trusted relationship,0
adversaries may gather the victim physical location that can be used during targeting information about physical locations of target organization may include variety of details including where key resources and infrastructure are housed physical locations may also indicate what legal jurisdiction and authorities the victim operates within adversaries may gather this information in various ways such as direct elicitation via phishing for information physical locations of target organization may also be exposed to adversaries via online or other accessible data sets ex search victim owned websites or social media gathering this information may reveal opportunities for other forms of reconnaissance ex phishing for information or search open websites establishing operational resources ex develop capabilities or obtain capabilities and initial access ex phishing or hardware additions,0
adversaries may gather information about the victim business tempo that can be used during targeting information about an organization business tempo may include variety of details including operational hours of the week this information may also reveal times of purchases and shipments of the victim hardware and software resources adversaries may gather this information in various ways such as direct elicitation via phishing for information information about business tempo may also be exposed to adversaries via online or other accessible data sets ex social media or search victim owned websites gathering this information may reveal opportunities for other forms of reconnaissance ex phishing for information or search open websites establishing operational resources ex establish accounts or compromise accounts and initial access ex supply chain compromise or trusted relationship,0
adversaries may gather information about identities and roles within the victim organization that can be used during targeting information about business roles may reveal variety of targetable details including identifiable information for key personnel as well as what data they have access to adversaries may gather this information in various ways such as direct elicitation via phishing for information information about business roles may also be exposed to adversaries via online or other accessible data sets ex social media or search victim owned websites gathering this information may reveal opportunities for other forms of reconnaissance ex phishing for information or search open websites establishing operational resources ex establish accounts or compromise accounts and initial access ex phishing,0
adversaries may create or generate content to support targeting and operations this content may be used to establish personas impersonate known individuals or organizations and support social engineering fraud or influence activities written materials audio images video or other media may be developed and tailored to the target and objective content development may occur prior to or during an operation adversaries may develop or generate content in house source it through third parties or produce it using ai assisted tools adversaries may use ai to research targets develop pretexts and better understand the organizations and individuals they intend to target or deceive prior to generating content query public ai services for obtaining access to ai tools used in content generation see artificial intelligence content may be leveraged in support of techniques such as phishing phishing for information social engineering financial theft or establish accounts generated or developed content does not include malicious code or scripts develop capabilities and artificial intelligence,0
adversaries may create or manipulate audio image and video content to support targeting and malicious operations adversaries may also use synthetic voice recordings real time altered audio or video during live interactions fabricated profile photos and identity documents or video content depicting fabricated or impersonated individuals content may be produced manually through editing tools generated using ai assisted tools or produced using third party synthetic services ai assisted tools have enabled adversaries to produce synthetic media at scale and generate content that is more difficult to identify as inauthentic audio visual content produced through these methods may be used in support of other techniques such as phishing spearphishing via service phishing for information internal spearphishing social engineering financial theft or establish accounts,0
adversaries may create or tailor written materials to support targeting and malicious operations content may include phishing lures fraudulent financial communications fabricated job postings fabricated employment credentials and documentation decoy documents social media persona content and supporting narratives used to sustain fabricated personas over time content may be authored manually commissioned through third parties or produced using ai assisted tools written materials may impersonate legitimate government correspondence diplomatic communications or internal organizational documents to support targeting efforts ai assisted tools may also be used to tailor content to specific targets industries or regions for example adversaries may leverage ai to translate content into target native language or mimic the communication style of trusted senders written content produced through these methods may be used in support of other techniques such as phishing spearphishing via service phishing for information internal spearphishing social engineering financial theft or establish accounts written content does not include malicious code or scripts for development of malicious code and scripts see develop capabilities,0
adversaries may gather information on group policy settings to identify paths for privilege escalation security measures applied within domain and to discover patterns in domain objects that can be manipulated or used to blend in the environment group policy allows for centralized management of user and computer settings in active directory ad group policy objects gpos are containers for group policy settings made up of files stored within predictable network path domain sysvol domain policies adversaries may use commands such as code gpresult or various publicly available powershell functions such as code get domaingpo and code get domaingpolocalgroup to gather information on group policy settings adversaries may use this information to shape follow on behaviors including determining potential attack paths within the target network as well as opportunities to manipulate group policy settings domain or tenant policy modification for their benefit,0
adversaries may physically introduce computer accessories networking hardware or other computing devices into system or network that can be used as vector to gain access rather than just connecting and distributing payloads via removable storage replication through removable media more robust hardware additions can be used to introduce new functionalities and features into system that can then be abused while public references of usage by threat actors are scarce many red teams testers leverage hardware additions for initial access commercial and open source products can be leveraged with capabilities such as passive network tapping network traffic modification adversary in the middle keystroke injection kernel memory reading via dma addition of new wireless access points to an existing network and others,1
adversaries may attempt to hide artifacts associated with their behaviors to evade detection operating systems may have features to hide various artifacts such as important system files and administrative task execution to avoid disrupting user work environments and prevent users from changing files or features on the system adversaries may abuse these features to hide artifacts such as files directories user accounts or other system activity to evade detection adversaries may also attempt to hide artifacts associated with malicious behavior by creating computing regions that are isolated from common security instrumentation such as through the use of virtualization technology,1
adversaries may abuse bind mounts on file structures to hide their activity and artifacts from native utilities bind mount maps directory or file from one location on the filesystem to another similar to shortcut on windows it commonly used to provide access to specific files or directories across different environments such as inside containers or chroot environments and requires sudo access adversaries may use bind mounts to map either an empty directory or benign directory to malicious process directory using the commands mount bind or mount the malicious process directory is overlayed with the contents of benign process directory when system utilities query process activity such as ps and top the kernel follows the bind mount and presents the benign directory contents instead of the malicious process actual directory as result these utilities display information that appears to come from the benign process effectively hiding the malicious process metadata executable or other artifacts from detection,1
adversaries may use email rules to hide inbound emails in compromised user mailbox many email clients allow users to create inbox rules for various email functions including moving emails to other folders marking emails as read or deleting emails rules may be created or modified within email clients or through external features such as the code new inboxrule or code set inboxrule powershell cmdlets on windows systems adversaries may utilize email rules within compromised user mailbox to delete and move emails to less noticeable folders adversaries may do this to hide security alerts c2 communication or responses to internal spearphishing emails sent from the compromised account any user or administrator within the organization or adversary with valid credentials may be able to create rules to automatically move or delete emails these rules can be abused to impair detection had the email content been immediately seen by user or defender malicious rules commonly filter out emails based on key words such as code malware code suspicious code phish and code hack found in message bodies and subject lines in some environments administrators may be able to enable email rules that operate organization wide rather than on individual inboxes for example microsoft exchange supports transport rules that evaluate all mail an organization receives against user specified conditions then performs user specified action on mail that adheres to those conditions adversaries that abuse such features may be able to automatically modify or delete all emails related to specific topics such as internal security incident notifications,1
adversaries may abuse extended attributes xattrs on macos and linux to hide their malicious data in order to evade detection extended attributes are key value pairs of file and directory metadata used by both macos and linux they are not visible through standard tools like finder ls or cat and require utilities such as xattr macos or getfattr linux for inspection operating systems and applications use xattrs for tagging integrity checks and access control on linux xattrs are organized into namespaces such as user user permissions trusted root permissions security and system each with specific permissions on macos xattrs are flat strings without namespace prefixes commonly prefixed with com apple com apple quarantine com apple metadata kmditemusertags and used by system features like gatekeeper and spotlight an adversary may leverage xattrs by embedding second stage payload into the extended attribute of legitimate file on macos payload can be embedded into custom attribute using the xattr command separate loader can retrieve the attribute with xattr decode the content and execute it using scripting interpreter on linux an adversary may use setfattr to write payload into the user namespace of legitimate file loader script can later extract the payload with getfattr only values decode it and execute it using bash or another interpreter in both cases because the primary file content remains unchanged security tools and integrity checks that do not inspect extended attributes will observe the original file hash allowing the malicious payload to evade detection,1
adversaries may attempt to hide their file based artifacts by writing them to specific folders or file names excluded from antivirus av scanning and other defensive capabilities av and other file based scanners often include exclusions to optimize performance as well as ease installation and legitimate use of applications these exclusions may be contextual scans are only initiated in response to specific triggering events but are also often hardcoded strings referencing specific folders and files assumed to be trusted and legitimate adversaries may abuse these exclusions to hide their file based artifacts for example rather than tampering with tool settings to add new exclusion disable or modify tools adversaries may drop their file based payloads in default or otherwise well known exclusions adversaries may also use security software discovery and other discovery activities to both discover and verify existing exclusions in victim environment,1
adversaries may use hidden file system to conceal malicious activity from users and security tools file systems provide structure to store and access data from physical storage typically user engages with file system through applications that allow them to access files and directories which are an abstraction from their physical location ex disk sector standard file systems include fat ntfs ext4 and apfs file systems can also contain other structures such as the volume boot record vbr and master file table mft in ntfs adversaries may use their own abstracted file system separate from the standard file system present on the infected system in doing so adversaries can hide the presence of malicious components and file input from security tools hidden file systems sometimes referred to as virtual file systems can be implemented in numerous ways one implementation would be to store file system in reserved disk space unused by disk structures or standard file system partitions another implementation could be for an adversary to drop their own portable partition image as file on top of the standard file system adversaries may also fragment files across the existing file system structure in non standard ways,1
adversaries may set files and directories to be hidden to evade detection mechanisms to prevent normal users from accidentally changing special files on system most operating systems have the concept of hidden file these files don show up when user browses the file system with gui or when using normal commands on the command line users must explicitly ask to show the hidden files either via series of graphical user interface gui prompts or with command line switches code dir for windows and code ls for linux and macos on linux and mac users can mark specific files as hidden simply by putting as the first character in the file or folder name files and folders that start with period are by default hidden from being viewed in the finder application and standard command line utilities like ls users must specifically change settings to have these files viewable files on macos can also be marked with the uf hidden flag which prevents them from being seen in finder app but still allows them to be seen in terminal app on windows users can mark specific files as hidden by using the attrib exe binary many applications create these hidden files and folders to store information so that it doesn clutter up the user workspace for example ssh utilities create ssh folder that hidden and contains the user known hosts and keys additionally adversaries may name files in manner that would allow the file to be hidden such as naming file only space character adversaries can use this to their advantage to hide files and folders anywhere on the system and evading typical user or system analysis that does not incorporate investigation of hidden files,1
adversaries may use hidden users to hide the presence of user accounts they create or modify administrators may want to hide users when there are many user accounts on given system or if they want to hide their administrative or other management accounts from other users in macos adversaries can create or modify user to be hidden through manipulating plist files folder attributes and user attributes to prevent user from being shown on the login screen and in system preferences adversaries can set the userid to be under and set the key value code hide500users to code true in the code plist file every user has userid associated with it when the code hide500users key value is set to code true users with userid under do not appear on the login screen and in system preferences using the command line adversaries can use the code dscl utility to create hidden user accounts by setting the code ishidden attribute to code adversaries can also hide user home folder by changing the code chflags to hidden adversaries may similarly hide user accounts in windows adversaries can set the code hklm software microsoft windows nt currentversion winlogon specialaccounts userlist registry key value to code for specific user to prevent that user from being listed on the logon screen on linux systems adversaries may hide user accounts from the login screen also referred to as the greeter the method an adversary may use depends on which display manager the distribution is currently using for example on an ubuntu system using the gnome display manger gdm accounts may be hidden from the greeter using the code gsettings command ex code sudo gdm gsettings set org gnome login screen disable user list true display managers are not anchored to specific distributions and may be changed by user or adversary,1
adversaries may use hidden windows to conceal malicious activity from the plain sight of users in some cases windows that would typically be displayed when an application carries out an operation can be hidden this may be utilized by system administrators to avoid disrupting user work environments when carrying out administrative tasks adversaries may abuse these functionalities to hide otherwise visible windows from users so as not to alert the user to adversary activity on the system on macos the configurations for how applications run are listed in property list plist files one of the tags in these files can be code apple awt uielement which allows for java applications to prevent the application icon from appearing in the dock common use for this is when applications run in the system tray but don also want to show up in the dock similarly on windows there are variety of features in scripting languages such as powershell jscript and visual basic to make windows hidden one example of this is code powershell exe windowstyle hidden the windows registry can also be edited to hide application windows from the current user for example by setting the windowposition subkey in the hkey current user console systemroot system32 windowspowershell v1 powershell exe registry key to maximum value powershell windows will open off screen and be hidden in addition windows supports the createdesktop api that can create hidden desktop window with its own corresponding code explorer exe process all applications running on the hidden desktop window such as hidden vnc hvnc session will be invisible to other desktops windows adversaries may also leverage cmd exe as parent process and then utilize lolbin such as devicecredentialdeployment exe to hide windows,1
adversaries may evade defensive mechanisms by executing commands that hide from process interrupt signals many operating systems use signals to deliver messages to control process behavior command interpreters often include specific commands that ignore errors and other hangups such as when the user of the active session logs off these interrupt signals may also be used by defensive tools and analysts to pause or terminate specified running processes adversaries may invoke processes using nohup powershell erroraction silentlycontinue or similar commands that may be immune to hangups this may enable malicious commands and malware to continue execution through system events that would otherwise terminate its execution such as users logging off or the termination of its c2 network connection hiding from process interrupt signals may allow malware to continue execution but unlike trap this does not establish persistence since the process will not be re invoked once actually terminated,1
adversaries may use ntfs file attributes to hide their malicious data in order to evade detection every new technology file system ntfs formatted partition contains master file table mft that maintains record for every file on the partition within mft entries are file attributes such as extended attributes ea and data known as alternate data streams adss when more than one data attribute is present that can be used to store arbitrary data and even complete files adversaries may store malicious data or binaries in file attribute metadata instead of directly in files this may be done to evade some defenses such as static indicator scanning tools and anti virus,0
adversaries may attempt to hide process command line arguments by overwriting process memory process command line arguments are stored in the process environment block peb data structure used by windows to store various information about by process the peb includes the process command line arguments that are referenced when executing the process when process is created defensive tools that monitor process creations may retrieve the process arguments from the peb adversaries may manipulate process peb to evade defenses for example process hollowing can be abused to spawn process in suspended state with benign arguments after the process is spawned and the peb is initialized and process information is potentially logged by tools adversaries may override the peb to modify the command line arguments ex using the native api code writeprocessmemory function then resume process execution with malicious arguments adversaries may also execute process with malicious command line arguments then patch the memory with benign arguments that may bypass subsequent process memory analysis this behavior may also be combined with other tricks such as parent pid spoofing to manipulate or further evade process based detections,0
adversaries may abuse resource forks to hide malicious code or executables to evade detection and bypass security applications resource fork provides applications structured way to store resources such as thumbnail images menu definitions icons dialog boxes and code usage of resource fork is identifiable when displaying file extended attributes using code ls or code xattr commands resource forks have been deprecated and replaced with the application bundle structure non localized resources are placed at the top level directory of an application bundle while localized resources are placed in the code folder adversaries can use resource forks to hide malicious data that may otherwise be stored directly in files adversaries can execute content with an attached resource fork at specified offset that is moved to an executable location then invoked resource fork content may also be obfuscated until execution,0
adversaries may carry out malicious operations using virtual instance to avoid detection wide variety of virtualization technologies exist that allow for the emulation of computer or computing environment by running malicious code inside of virtual instance adversaries can hide artifacts associated with their behavior from security tools that are unable to monitor activity inside the virtual instance additionally depending on the virtual networking implementation ex bridged adapter network traffic generated by the virtual instance can be difficult to trace back to the compromised host as the ip address and hostname might not match known values adversaries may utilize native support for virtualization ex hyper deploy lightweight emulators ex qemu or drop the necessary files to run virtual instance ex virtualbox binaries after running virtual instance adversaries may create shared folder between the guest and host with permissions that enable the virtual instance to interact with the host file system threat actors may also leverage temporary virtualized environments such as the windows sandbox which supports the use of wsb configuration files for defining execution parameters for example the mappedfolder property supports the creation of shared folder while the logoncommand property allows the specification of payload in vmware environments adversaries may leverage the vcenter console to create new virtual machines however they may also create virtual machines directly on esxi servers by running valid vmx file with the utility adding this command to rc scripts will cause the vm to persistently restart creating vm this way prevents it from appearing in the vcenter console or in the output to the vim cmd vmsvc command on the esxi server thereby hiding it from typical administrative activities,1
adversaries may hide malicious visual basic for applications vba payloads embedded within ms office documents by replacing the vba source code with benign data ms office documents with embedded vba content store source code inside of module streams each module stream has code performancecache that stores separate compiled version of the vba source code known as code the code is executed when the ms office version specified in the code vba project stream which contains the version dependent description of the vba project matches the version of the host ms office application an adversary may hide malicious vba code by overwriting the vba source code location with zero benign code or random bytes while leaving the previously compiled malicious code tools that scan for malicious vba source code may be bypassed as the unwanted code is hidden in the compiled code if the vba source code is removed some tools might even think that there are no macros present if there is version match between the code vba project stream and host ms office application the code will be executed otherwise the benign vba source code will be decompressed and recompiled to code thus removing malicious code and potentially bypassing dynamic analysis,1
adversaries may manipulate network traffic in order to hide and evade detection of their c2 infrastructure this can be accomplished by identifying and filtering traffic from defensive tools masking malicious domains to obfuscate the true destination from both automated scanning tools and security researchers and otherwise hiding malicious artifacts to delay discovery and prolong the effectiveness of adversary infrastructure that could otherwise be identified blocked or taken down entirely c2 networks may include the use of proxy or vpns to disguise ip addresses which can allow adversaries to blend in with normal network traffic and bypass conditional access policies or anti abuse protections for example an adversary may use virtual private cloud to spoof their ip address to closer align with victim ip address ranges this may also bypass security measures relying on geolocation of the source ip address adversaries may also attempt to filter network traffic in order to evade defensive tools in numerous ways including blocking common incident responder or security appliance user agents filtering traffic based on ip and geo fencing may also avoid automated sandboxing or researcher activity virtualization evasion hiding c2 infrastructure may also be supported by resource development activities such as acquire infrastructure and compromise infrastructure for example using widely trusted hosting services or domains such as prominent url shortening providers or marketing services for c2 networks may enable adversaries to present benign content that later redirects victims to malicious web pages or infrastructure once specific conditions are met,1
adversaries may execute their own malicious payloads by hijacking the way operating systems run programs hijacking execution flow can be for the purposes of persistence since this hijacked execution may reoccur over time adversaries may also use these mechanisms to elevate privileges or evade defenses such as application control or other restrictions on execution there are many ways an adversary may hijack the flow of execution including by manipulating how the operating system locates programs to be executed how the operating system locates libraries to be used by program can also be intercepted locations where the operating system looks for programs such as file directories and in the case of windows the registry could also be poisoned to include malicious payloads,1
adversaries may execute their own malicious payloads by hijacking how the net appdomainmanager loads assemblies the net framework uses the appdomainmanager class to create and manage one or more isolated runtime environments called application domains inside process to host the execution of net applications assemblies exe or dll binaries compiled to run as net code may be loaded into an application domain as executable code known as appdomainmanager injection adversaries may execute arbitrary code by hijacking how net applications load assemblies for example malware may create custom application domain inside target process to load and execute an arbitrary assembly alternatively configuration files config or process environment variables that define net runtime settings may be tampered with to instruct otherwise benign net applications to load malicious assembly identified by name into the target process,0
adversaries may leverage the cor profiler environment variable to hijack the execution flow of programs that load the net clr the cor profiler is net framework feature which allows developers to specify an unmanaged or external of net profiling dll to be loaded into each net process that loads the common language runtime clr these profilers are designed to monitor troubleshoot and debug managed code executed by the net clr the cor profiler environment variable can be set at various scopes system user or process resulting in different levels of influence system and user wide environment variable scopes are specified in the registry where component object model com object can be registered as profiler dll process scope cor profiler can also be created in memory without modifying the registry starting with net framework the profiling dll does not need to be registered as long as the location of the dll is specified in the cor profiler path environment variable adversaries may abuse cor profiler to establish persistence that executes malicious dll in the context of all net processes every time the clr is invoked the cor profiler can also be used to elevate privileges ex bypass user account control if the victim net process executes at higher permission level as well as to hook and impair defenses provided by net processes,0
adversaries may abuse dynamic link library files dlls in order to achieve persistence escalate privileges and evade defenses dlls are libraries that contain code and data that can be simultaneously utilized by multiple programs while dlls are not malicious by nature they can be abused through mechanisms such as side loading hijacking search order and phantom dll hijacking specific ways dlls are abused by adversaries include dll sideloading adversaries may execute their own malicious payloads by side loading dlls side loading involves hijacking which dll program loads by planting and then invoking legitimate application that executes their payload side loading positions both the victim application and malicious payload alongside each other adversaries likely use side loading as means of masking actions they perform under legitimate trusted and potentially elevated system or software process benign executables used to side load payloads may not be flagged during delivery and execution adversary payloads may also be encrypted or otherwise obfuscated until loaded into the memory of the trusted process adversaries may also side load other packages such as bpls borland package library adversaries may chain dll sideloading multiple times to fragment functionality hindering analysis adversaries using multiple dll files can split the loader functions across different dlls with main dll loading the separated export functions spreading loader functions across multiple dlls makes analysis harder since all files must be collected to fully understand the malware behavior another method implements loader for loader where malicious dll sole role is to load second dll or chain of dlls that contain the real payload dll search order hijacking adversaries may execute their own malicious payloads by hijacking the search order that windows uses to load dlls this search order is sequence of special and standard search locations that program checks when loading dll an adversary can plant trojan dll in directory that will be prioritized by the dll search order over the location of legitimate library this will cause windows to load the malicious dll when it is called for by the victim program dll redirection adversaries may directly modify the search order via dll redirection which after being enabled in the registry or via the creation of redirection file may cause program to load dll from different location phantom dll hijacking adversaries may leverage phantom dll hijacking by targeting references to non existent dll files they may be able to load their own malicious dll by planting it with the correct name in the location of the missing module dll substitution adversaries may target existing valid dll files and substitute them with their own malicious dlls planting them with the same name and in the same location as the valid dll file programs that fall victim to dll hijacking may appear to behave normally because malicious dlls may be configured to also load the legitimate dlls they were meant to replace evading defenses remote dll hijacking can occur when program sets its current directory to remote location such as web share before loading dll if valid dll is configured to run at higher privilege level then the adversary controlled dll that is loaded will also be executed at the higher level in this case the technique could be used for privilege escalation,0
adversaries may execute their own payloads by placing malicious dynamic library dylib with an expected name in path victim application searches at runtime the dynamic loader will try to find the dylibs based on the sequential order of the search paths paths to dylibs may be prefixed with code rpath which allows developers to use relative paths to specify an array of search paths used at runtime based on the location of the executable additionally if weak linking is used such as the code lc load weak dylib function an application will still execute even if an expected dylib is not present weak linking enables developers to run an application on multiple macos versions as new apis are added adversaries may gain execution by inserting malicious dylibs with the name of the missing dylib in the identified path dylibs are loaded into an application address space allowing the malicious dylib to inherit the application privilege level and resources based on the application this could result in privilege escalation and uninhibited network access this method may also evade detection from security products since the execution is masked under legitimate process,0
adversaries may execute their own malicious payloads by hijacking environment variables the dynamic linker uses to load shared libraries during the execution preparation phase of program the dynamic linker loads specified absolute paths of shared libraries from various environment variables and files such as code ld preload on linux or code dyld insert libraries on macos libraries specified in environment variables are loaded first taking precedence over system libraries with the same function name each platform linker uses an extensive list of environment variables at different points in execution these variables are often used by developers to debug binaries without needing to recompile deconflict mapped symbols and implement custom functions in the original library hijacking dynamic linker variables may grant access to the victim process memory system resources and possibly elevated privileges on linux adversaries may set code ld preload to point to malicious libraries that match the name of legitimate libraries which are requested by victim program causing the operating system to load the adversary malicious code upon execution of the victim program for example adversaries have used ld preload to inject malicious library into every descendant process of the sshd daemon resulting in execution under legitimate process when the executing sub process calls the execve function for example the malicious library execve function is executed rather than the system function execve contained in the system library on disk this allows adversaries to hide artifacts from detection as hooking system functions such as execve and readdir enables malware to scrub its own artifacts from the results of commands such as ls ldd iptables and dmesg hijacking dynamic linker variables may grant access to the victim process memory system resources and possibly elevated privileges,1
adversaries may execute their own malicious payloads by hijacking the binaries used by an installer these processes may automatically execute specific binaries as part of their functionality or to perform other actions if the permissions on the file system directory containing target binary or permissions on the binary itself are improperly set then the target binary may be overwritten with another binary using user level permissions and executed by the original process if the original process and thread are running under higher permissions level then the replaced binary will also execute under higher level permissions which could include system another variation of this technique can be performed by taking advantage of weakness that is common in executable self extracting installers during the installation process it is common for installers to use subdirectory within the code temp directory to unpack binaries such as dlls exes or other payloads when installers create subdirectories and files they often do not set appropriate permissions to restrict write access which allows for execution of untrusted code placed in the subdirectories or overwriting of binaries used in the installation process this behavior is related to and may take advantage of dll search order hijacking adversaries may use this technique to replace legitimate binaries with malicious ones as means of executing code at higher permissions level some installers may also require elevated privileges that will result in privilege escalation when executing adversary controlled code this behavior is related to bypass user account control several examples of this weakness in existing common installers have been reported to software vendors if the executing process is set to run at specific time or during certain event system bootup then this technique can also be used for persistence,0
adversaries may abuse the code kernelcallbacktable of process to hijack its execution flow in order to run their own payloads the code kernelcallbacktable can be found in the process environment block peb and is initialized to an array of graphic functions available to gui process once code user32 dll is loaded an adversary may hijack the execution flow of process using the code kernelcallbacktable by replacing an original callback function with malicious payload modifying callback functions can be achieved in various ways involving related behaviors such as reflective code loading or process injection into another process pointer to the memory address of the code kernelcallbacktable can be obtained by locating the peb ex via call to the code ntqueryinformationprocess native api function once the pointer is located the code kernelcallbacktable can be duplicated and function in the table code fncopydata set to the address of malicious payload ex via code writeprocessmemory the peb is then updated with the new address of the table once the tampered function is invoked the malicious payload will be triggered the tampered function is typically invoked using windows message after the process is hijacked and malicious code is executed the code kernelcallbacktable may also be restored to its original state by the rest of the malicious payload use of the code kernelcallbacktable to hijack execution flow may evade detection from security products since the execution can be masked under legitimate process,0
adversaries may execute their own malicious payloads by hijacking environment variables used to load libraries the path environment variable contains list of directories user and system that the os searches sequentially through in search of the binary that was called from script or the command line adversaries can place malicious program in an earlier entry in the list of directories stored in the path environment variable resulting in the operating system executing the malicious binary rather than the legitimate binary when it searches sequentially through that path listing for example on windows if an adversary places malicious program named net exe in path which by default precedes in the path environment variable when net is executed from the command line the path will be called instead of the system legitimate executable at some methods of executing program rely on the path environment variable to determine the locations that are searched when the path for the program is not given such as executing programs from command and scripting interpreter adversaries may also directly modify the path variable specifying the directories to be searched an adversary can modify the path variable to point to directory they have write access when program using the path variable is called the os searches the specified directory and executes the malicious binary on macos this can also be performed through modifying the home variable these variables can be modified using the command line launchctl unix shell configuration modification or modifying the folder contents,1
adversaries may execute their own malicious payloads by hijacking the search order used to load other programs because some programs do not call other programs using the full path adversaries may place their own file in the directory where the calling program is located causing the operating system to launch their malicious software at the request of the calling program search order hijacking occurs when an adversary abuses the order in which windows searches for programs that are not given path unlike dll search order hijacking the search order differs depending on the method that is used to execute the program however it is common for windows to search in the directory of the initiating program before searching through the windows system directory an adversary who finds program vulnerable to search order hijacking program that does not specify the path to an executable may take advantage of this vulnerability by creating program named after the improperly specified program and placing it within the initiating program directory for example example exe runs cmd exe with the command line argument code net user an adversary may place program called net exe within the same directory as example exe net exe will be run instead of the windows system utility net in addition if an adversary places program called net com in the same directory as net exe then code cmd exe net user will execute net com instead of net exe due to the order of executable extensions defined under pathext search order hijacking is also common practice for hijacking dll loads and is covered in dll,0
adversaries may execute their own malicious payloads by hijacking vulnerable file path references adversaries can take advantage of paths that lack surrounding quotations by placing an executable in higher level directory within the path so that windows will choose the adversary executable to launch service paths and shortcut paths may also be vulnerable to path interception if the path has one or more spaces and is not surrounded by quotation marks code path with space program exe vs code path with space program exe stored in windows registry keys an adversary can place an executable in higher level directory of the path and windows will resolve that executable instead of the intended executable for example if the path in shortcut is code files myapp exe an adversary may create program at code that will be run instead of the intended program this technique can be used for persistence if executables are called on regular basis as well as privilege escalation if intercepted executables are started by higher privileged process,0
adversaries may execute their own malicious payloads by hijacking the binaries used by services adversaries may use flaws in the permissions of windows services to replace the binary that is executed upon service start these service processes may automatically execute specific binaries as part of their functionality or to perform other actions if the permissions on the file system directory containing target binary or permissions on the binary itself are improperly set then the target binary may be overwritten with another binary using user level permissions and executed by the original process if the original process and thread are running under higher permissions level then the replaced binary will also execute under higher level permissions which could include system adversaries may use this technique to replace legitimate binaries with malicious ones as means of executing code at higher permissions level if the executing process is set to run at specific time or during certain event system bootup then this technique can also be used for persistence,0
adversaries may execute their own malicious payloads by hijacking the registry entries used by services flaws in the permissions for registry keys related to services can allow adversaries to redirect the originally specified executable to one they control launching their own code when service starts windows stores local service configuration information in the registry under code hklm system currentcontrolset services the information stored under service registry keys can be manipulated to modify service execution parameters through tools such as the service controller sc exe powershell or reg access to registry keys is controlled through access control lists and user permissions if the permissions for users and groups are not properly set and allow access to the registry keys for service adversaries may change the service binpath to point to different executable under their control when the service starts or is restarted the adversary controlled program will execute allowing the adversary to establish persistence and privilege escalation to the account context the service is set to execute under local account system localservice or networkservice adversaries may also alter other registry keys in the service registry tree for example the code failurecommand key may be changed so that the service is executed in an elevated context anytime the service fails or is intentionally corrupted the code performance key contains the name of driver service performance dll and the names of several exported functions in the dll if the code performance key is not already present and if an adversary controlled user has the code create subkey permission adversaries may create the code performance key in the service registry tree to point to malicious dll adversaries may also add the code parameters key which can reference malicious drivers file paths this technique has been identified to be method of abuse by configuring dll file paths within the code parameters key of given services registry configuration by placing and configuring the code parameters key to reference malicious dll adversaries can ensure that their code is loaded persistently whenever the associated service or library is invoked for example the registry path code hkey local machine system currentcontrolset services winsock2 parameters contains the code autodiadll value which specifies the dll to be loaded for autodial funcitionality an adversary could set the code autodiadll to point to hijacked or malicious dll code autodialdll this ensures persistence as it causes the dll in this case foo dll to be loaded each time the winsock library is invoked,0
adversaries may implant cloud or container images with malicious code to establish persistence after gaining access to an environment amazon web services aws amazon machine images amis google cloud platform gcp images and azure images as well as popular container runtimes such as docker can be implanted or backdoored unlike upload malware this technique focuses on adversaries implanting an image in registry within victim environment depending on how the infrastructure is provisioned this could provide persistent access if the infrastructure provisioning tool is instructed to always use the latest image tool has been developed to facilitate planting backdoors in cloud container images if an adversary has access to compromised aws instance and permissions to list the available container images they may implant backdoor such as web shell,0
adversaries may selectively delete or modify artifacts generated to reduce indications of their presence and blend in with legitimate activity rather than broadly removing evidence adversaries may target specific artifacts that appear anomalous or are likely to draw scrutiny while leaving sufficient data intact to maintain the appearance of normal system behavior artifacts such as command histories log entries or file metadata may be altered in ways that align with expected user or system activity location format and type of artifact such as command or login history are often platform specific allowing adversaries to tailor modifications that minimize suspicion these actions may not prevent detection entirely but can delay recognition of malicious activity or reduce the fidelity of alerts by making events appear benign or consistent with routine operations additionally selectively removed or modified artifacts may still be recoverable through deeper forensic analysis though their absence or alteration can complicate timeline reconstruction and attribution,1
in addition to clearing system logs an adversary may clear the command history of compromised account to conceal the actions undertaken during an intrusion various command interpreters keep track of the commands users type in their terminal so that users can retrace what they ve done on linux and macos these command histories can be accessed in few different ways while logged in this command history is tracked in file pointed to by the environment variable code histfile when user logs off system this information is flushed to file in the user home directory called code the benefit of this is that it allows users to go back to commands they ve used before in different sessions adversaries may delete their commands from these logs by manually clearing the history code history or deleting the bash history file code rm adversaries may also leverage network device cli on network devices to clear command history data code clear logging and code clear history on esxi servers command history may be manually removed from the file on windows hosts powershell has two different command history providers the built in history and the command history managed by the code psreadline module the built in history only tracks the commands used in the current session this command history is not available to other sessions and is deleted when the session ends the code psreadline command history tracks the commands used in all powershell sessions and writes them to file code env appdata microsoft windows powershell psreadline consolehost history txt by default this history file is available to all sessions and contains all past history since the file is not deleted when the session ends adversaries may run the powershell command code clear history to flush the entire command history from current powershell session this however will not delete the code consolehost history txt file adversaries may also delete the code consolehost history txt file or edit its contents to hide powershell commands they have run,1
adversaries may modify mail and mail application data to remove evidence of their activity email applications allow users and other programs to export and delete mailbox data via command line tools or use of apis mail application data can be emails email metadata or logs generated by the application or operating system such as export requests adversaries may manipulate emails and mailbox data to remove logs artifacts and metadata such as evidence of phishing spearphishing email collection mail protocols for command and control or email based exfiltration such as exfiltration over alternative protocol for example to remove evidence on exchange servers adversaries have used the code exchangepowershell powershell module including code remove mailboxexportrequest to remove evidence of mailbox exports on linux and macos adversaries may also delete emails through command line utility called code mail or use applescript to interact with apis on macos adversaries may also remove emails and metadata indicative of spam or suspicious activity for example through the use of organization wide transport rules to reduce the likelihood of malicious emails being detected by security products,1
adversaries may clear or remove evidence of malicious network connections in order to clean up traces of their operations configuration settings as well as various artifacts that highlight connection history may be created on system and in application logs from behaviors that require network connections such as remote services or external remote services defenders may use these artifacts to monitor or otherwise analyze network connections created by adversaries network connection history may be stored in various locations for example rdp connection history may be stored in windows registry values under code hkey current user software microsoft terminal server client default code hkey current user software microsoft terminal server client servers windows may also store information about recent rdp connections in files such as code and server client cache similarly macos and linux hosts may store information highlighting connection history in system logs such as those stored in and malicious network connections may also require changes to third party applications or network configuration settings such as disable or modify system firewall or tampering to enable proxy adversaries may delete or modify this data to conceal indicators and impede defensive analysis,1
adversaries may clear artifacts associated with previously established persistence on host system to remove evidence of their activity this may involve various actions such as removing services deleting executables modify registry plist file modification or other methods of cleanup to prevent defenders from collecting evidence of their persistent presence adversaries may also delete accounts previously created to maintain persistence create account in some instances artifacts of persistence may also be removed once an adversary persistence is executed in order to prevent errors with the new instance of the malware,1
adversaries may delete files left behind by the actions of their intrusion activity malware tools or other non native files dropped or created on system by an adversary ex ingress tool transfer may leave traces to indicate to what was done within network and how removal of these files can occur during an intrusion or as part of post intrusion process to minimize the adversary footprint there are tools available from the host operating system to perform cleanup but adversaries may use other tools as well examples of built in command and scripting interpreter functions include code del on windows code rm or code unlink on linux and macos and rm on esxi,1
adversaries may remove share connections that are no longer useful in order to clean up traces of their operation windows shared drive and smb admin shares connections can be removed when no longer needed net is an example utility that can be used to remove network share connections with the code net use system share command,0
once payload is delivered adversaries may reproduce copies of the same malware on the victim system to remove evidence of their presence and avoid defenses copying malware payloads to new locations may also be combined with file deletion to cleanup older artifacts relocating malware may be part of many actions intended to evade defenses for example adversaries may copy and rename payloads to better blend into the local environment match legitimate resource name or location payloads may also be repositioned to target file exclusions as well as specific locations associated with establishing persistence relocating malicious payloads may also hinder defensive analysis especially to separate these payloads from earlier events such as user execution and phishing that may have generated alerts or otherwise drawn attention from defenders moving payloads into target directories does not alter the creation timestamp thereby evading detection logic reliant on modifications to this artifact timestomp,1
adversaries may modify file time attributes to hide new files or changes to existing files timestomping is technique that modifies the timestamps of file the modify access create and change times often to mimic files that are in the same folder and blend malicious files with legitimate files in windows systems both the standard information si and file name fn attributes record times in master file table mft file si dates stamps is displayed to the end user including in the file system view while fn is dealt with by the kernel modifying the si attribute is the most common method of timestomping because it can be modified at the user level using api calls fn timestomping however typically requires interacting with the system kernel or moving or renaming file adversaries modify timestamps on files so that they do not appear conspicuous to forensic investigators or file analysis tools in order to evade detections that rely on identifying discrepancies between the si and fn attributes adversaries may also engage in double timestomping by modifying times on both attributes simultaneously in linux systems and on esxi servers threat actors may attempt to perform timestomping using commands such as touch timestamp filename which sets access and modification times to specific value or touch filename filename which sets access and modification times to match those of another file timestomping may be used along with file name masquerading to hide malware and tools,1
adversaries may abuse utilities that allow for command execution to bypass security restrictions that limit the use of command line interpreters various windows utilities may be used to execute commands possibly without invoking cmd for example forfiles the program compatibility assistant pcalua exe components of the windows subsystem for linux wsl scriptrunner exe as well as other utilities may invoke the execution of programs and commands from command and scripting interpreter run window or via scripts adversaries may also abuse the ssh exe binary to execute malicious commands via the proxycommand and localcommand options which can be invoked via the flag or by modifying the ssh config file adversaries may abuse these features for stealth specifically to perform arbitrary execution while subverting detections and mitigation controls such as group policy that limit the usage of cmd or file extensions more commonly associated with malicious payloads,0
adversaries may transfer tools or other files from an external system into compromised environment tools or files may be copied from an external adversary controlled system to the victim network through the command and control channel or through alternate protocols such as ftp once present adversaries may also transfer tools between victim devices within compromised environment lateral tool transfer on windows adversaries may use various utilities to download tools such as copy finger certutil and powershell commands such as code iex new object net webclient downloadstring and code invoke webrequest on linux and macos systems variety of utilities also exist such as curl scp sftp tftp rsync finger and wget number of these tools such as wget curl and scp also exist on esxi after downloading file threat actor may attempt to verify its integrity by checking its hash value via certutil hashfile adversaries may also abuse installers and package managers such as yum or winget to download tools to victim hosts adversaries have also abused file application features such as the windows search ms protocol handler to deliver malicious files to victims through remote file searches invoked by user execution typically after interacting with phishing lures files can also be transferred using various web service as well as native or otherwise present tools on the victim system in some cases adversaries may be able to leverage services that sync between web based and an on premises client such as dropbox or onedrive to transfer files onto victim systems for example by compromising cloud account and logging into the service web portal an adversary may be able to trigger an automatic syncing process that transfers the file onto the victim machine,1
adversaries may delete or remove built in data and turn off services designed to aid in the recovery of corrupted system to prevent recovery this may deny access to available backups and recovery options operating systems may contain features that can help fix corrupted systems such as backup catalog volume shadow copies and automatic repair features adversaries may disable or delete system recovery features to augment the effects of data destruction and data encrypted for impact furthermore adversaries may disable recovery notifications then corrupt backups number of native windows utilities have been used by adversaries to disable or delete system recovery features code vssadmin exe can be used to delete all volume shadow copies on system code vssadmin exe delete shadows windows management instrumentation can be used to delete volume shadow copies code wmic shadowcopy delete code wbadmin exe can be used to delete the windows backup catalog code wbadmin exe delete catalog quiet code bcdedit exe can be used to disable automatic windows recovery features by modifying boot configuration data code bcdedit exe default bootstatuspolicy ignoreallfailures bcdedit default recoveryenabled no code reagentc exe can be used to disable windows recovery environment winre repair options of an infected system code diskshadow exe can be used to delete all volume shadow copies on system code diskshadow delete shadows all on network devices adversaries may leverage disk wipe to delete backup firmware images and reformat the file system then system shutdown to reload the device together this activity may leave network devices completely inoperable and inhibit recovery operations on esxi servers adversaries may delete or encrypt snapshots of virtual machines to support data encrypted for impact preventing them from being leveraged as backups via vim cmd vmsvc adversaries may also delete online backups that are connected to their network whether via network storage media or through folders that sync to cloud services in cloud environments adversaries may disable versioning and backup policies and delete snapshots database backups machine images and prior versions of objects designed to be used in disaster recovery scenarios,1
adversaries may use methods of capturing user input to obtain credentials or collect information during normal system usage users often provide credentials to various different locations such as login pages or system dialog boxes input capture mechanisms may be transparent to the user credential api hooking or rely on deceiving the user into providing input into what they believe to be genuine service web portal capture,1
adversaries may hook into windows application programming interface api functions and linux system functions to collect user credentials malicious hooking mechanisms may capture api or function calls that include parameters that reveal user authentication credentials unlike keylogging this technique focuses specifically on api functions that include parameters that reveal user credentials in windows hooking involves redirecting calls to these functions and can be implemented via hooks procedures which intercept and execute designated code in response to events such as messages keystrokes and mouse inputs import address table iat hooking which use modifications to process iat where pointers to imported api functions are stored inline hooking which overwrites the first bytes in an api function to redirect code flow in linux and macos adversaries may hook into system functions via the ld preload linux or dyld insert libraries macos environment variables which enables loading shared libraries into program address space for example an adversary may capture credentials by hooking into the libc read function leveraged by ssh or scp,1
adversaries may mimic common operating system gui components to prompt users for credentials with seemingly legitimate prompt when programs are executed that need additional privileges than are present in the current user context it is common for the operating system to prompt the user for proper credentials to authorize the elevated privileges for the task ex bypass user account control adversaries may mimic this functionality to prompt users for credentials with seemingly legitimate prompt for number of reasons that mimic normal usage such as fake installer requiring additional access or fake malware removal suite this type of prompt can be used to collect credentials via various languages such as applescript and powershell on linux systems adversaries may launch dialog boxes prompting users for credentials from malicious shell scripts or the command line unix shell adversaries may also mimic common software authentication requests such as those from browsers or email clients this may also be paired with user activity monitoring browser information discovery and application window discovery to spoof prompts when users are naturally accessing sensitive sites,1
adversaries may log user keystrokes to intercept credentials as the user types them keylogging is likely to be used to acquire credentials for new access opportunities when os credential dumping efforts are not effective and may require an adversary to intercept keystrokes on system for substantial period of time before credentials can be successfully captured in order to increase the likelihood of capturing credentials quickly an adversary may also perform actions such as clearing browser cookies to force users to reauthenticate to systems keylogging is the most prevalent type of input capture with many different ways of intercepting keystrokes some methods include hooking api callbacks used for processing keystrokes unlike credential api hooking this focuses solely on api functions intended for processing keystroke data reading raw keystroke data from the hardware buffer windows registry modifications custom drivers modify system image may provide adversaries with hooks into the operating system of network devices to read raw keystrokes for login sessions,1
adversaries may install code on externally facing portals such as vpn login page to capture and transmit credentials of users who attempt to log into the service for example compromised login page may log provided user credentials before logging the user in to the service this variation on input capture may be conducted post compromise using legitimate administrative access as backup measure to maintain network access through external remote services and valid accounts or as part of the initial compromise by exploitation of the externally facing web service,1
adversaries may simulate keystrokes on victim computer by various means to perform any type of action on behalf of the user such as launching the command interpreter using keyboard shortcuts typing an inline script to be executed or interacting directly with gui based application these actions can be preprogrammed into adversary tooling or executed through physical devices such as human interface devices hids for example adversaries have used tooling that monitors the windows message loop to detect when user visits bank specific urls if detected the tool then simulates keystrokes to open the developer console or select the address bar pastes malicious javascript from the clipboard and executes it enabling manipulation of content within the browser such as replacing bank account numbers during transactions adversaries have also used malicious usb devices to emulate keystrokes that launch powershell leading to the download and execution of malware from adversary controlled servers,1
adversaries may abuse inter process communication ipc mechanisms for local code or command execution ipc is typically used by processes to share data communicate with each other or synchronize execution ipc is also commonly used to avoid situations such as deadlocks which occurs when processes are stuck in cyclic waiting pattern adversaries may abuse ipc to execute arbitrary code or commands ipc mechanisms may differ depending on os but typically exists in form accessible through programming languages or native interfaces such as windows dynamic data exchange or component object model linux environments support several different ipc mechanisms two of which being sockets and pipes higher level execution mediums such as those of command and scripting interpreter may also leverage underlying ipc mechanisms adversaries may also use remote services such as distributed component object model to facilitate remote ipc execution,1
adversaries may use the windows component object model com for local code execution com is an inter process communication ipc component of the native windows application programming interface api that enables interaction between software objects or executable code that implements one or more interfaces through com client object can call methods of server objects which are typically binary dynamic link libraries dll or executables exe remote com execution is facilitated by remote services such as distributed component object model dcom various com interfaces are exposed that can be abused to invoke arbitrary execution via variety of programming languages such as java and visual basic specific com objects also exist to directly perform functions beyond code execution such as creating scheduled task fileless download and other adversary behaviors related to privilege escalation and persistence,0
adversaries may use windows dynamic data exchange dde to execute arbitrary commands dde is client server protocol for one time and continuous inter process communication ipc between applications once link is established applications can autonomously exchange transactions consisting of strings warm data links notifications when data item changes hot data links duplications of changes to data item and requests for command execution object linking and embedding ole or the ability to link data between documents was originally implemented through dde despite being superseded by component object model dde may be enabled in windows and most of microsoft office via registry keys microsoft office documents can be poisoned with dde commands directly or through embedded files and used to deliver execution via phishing campaigns or hosted web content avoiding the use of visual basic for applications vba macros similarly adversaries may infect payloads to execute applications and commands on victim device by way of embedding dde formulas within csv file intended to be opened through windows spreadsheet program dde could also be leveraged by an adversary operating on compromised machine who does not have direct access to command and scripting interpreter dde execution can be invoked remotely via remote services such as distributed component object model dcom,0
adversaries can provide malicious content to an xpc service daemon for local code execution macos uses xpc services for basic inter process communication between various processes such as between the xpc service daemon and third party application privileged helper tools applications can send messages to the xpc service daemon which runs as root using the low level xpc service code api or the high level code nsxpcconnection api in order to handle tasks that require elevated privileges such as network connections applications are responsible for providing the protocol definition which serves as blueprint of the xpc services developers typically use xpc services to provide applications stability and privilege separation between the application client and the daemon adversaries can abuse xpc services to execute malicious content requests for malicious execution can be passed through the application xpc services handler this may also include identifying and abusing improper xpc client validation and poor sanitization of input parameters to conduct exploitation for privilege escalation,0
after they already have access to accounts or systems within the environment adversaries may use internal spearphishing to gain access to additional information or compromise other users within the same organization internal spearphishing is multi staged campaign where legitimate account is initially compromised either by controlling the user device or by compromising the account credentials of the user adversaries may then attempt to take advantage of the trusted internal account to increase the likelihood of tricking more victims into falling for phish attempts often incorporating impersonation for example adversaries may leverage spearphishing attachment or spearphishing link as part of internal spearphishing to deliver payload or redirect to an external site to capture credentials through input capture on sites that mimic login interfaces adversaries may also leverage internal chat apps such as microsoft teams to spread malicious content or engage users in attempts to capture sensitive information and credentials,1
adversaries may transfer tools or other files between systems in compromised environment once brought into the victim environment ingress tool transfer files may then be copied from one system to another to stage adversary tools or other files over the course of an operation adversaries may copy files between internal victim systems to support lateral movement using inherent file sharing protocols such as file sharing over smb admin shares to connected network shares or with authenticated connections via remote desktop protocol files can also be transferred using native or otherwise present tools on the victim system such as scp rsync curl sftp and ftp in some cases adversaries may be able to leverage web service such as dropbox or onedrive to copy files from one machine to another via shared automatically synced folders,1
adversaries may enumerate local drives disks and volumes and their attributes like total or free space and volume serial number this can be done to prepare for ransomware related encryption to perform lateral movement or as precursor to direct volume access on esxi systems adversaries may use hypervisor cli commands such as esxcli to list storage connected to the host as well as vmdk files on windows systems adversaries can use wmic logicaldisk get to find information about local network drives they can also use get psdrive in powershell to retrieve drives and may additionally use windows api functions such as getdrivetype linux has commands such as parted lsblk fdisk lshw and df that can list information about disk partitions such as size type file system types and free space the command diskutil on macos can be used to list disks while system profiler spstoragedatatype can additionally show information such as volume mount path file system and the type of drive in the system infrastructure as service iaas cloud providers also have commands for storage discovery such as describe volume in aws gcloud compute disks list in gcp and az disk list in azure,1
adversaries may enumerate system and service logs to find useful data these logs may highlight various types of valuable insights for an adversary such as user authentication records account discovery security or vulnerable software software discovery or hosts within compromised network remote system discovery host binaries may be leveraged to collect system logs examples include using wevtutil exe or powershell on windows to access and export security event information in cloud environments adversaries may leverage utilities such as the azure vm agent collectguestlogs exe to collect security logs from cloud hosted infrastructure adversaries may also target centralized logging infrastructure such as siems logs may also be bulk exported and sent to adversary controlled infrastructure for offline analysis in addition to gaining better understanding of the environment adversaries may also monitor logs in real time to track incident response procedures this may allow them to adjust their techniques in order to maintain persistence or evade defenses,1
adversaries may attempt to manipulate features of their artifacts to make them appear legitimate or benign to users and security tools masquerading occurs when the name or location of an object legitimate or malicious is manipulated or abused for the sake of evading defenses and observation this may include manipulating file metadata tricking users into misidentifying the file type and giving legitimate task or service names renaming abusable system utilities to evade security monitoring is also form of masquerading,1
an adversary may attempt to evade process tree based analysis by modifying executed malware parent process id ppid if endpoint protection software leverages the parent child relationship for detection breaking this relationship could result in the adversary behavior not being associated with previous process tree activity on unix based systems breaking this process tree is common practice for administrators to execute software using scripts and programs on linux systems adversaries may execute series of native api calls to alter malware process tree for example adversaries can execute their payload without any arguments call the fork api call twice then have the parent process exit this creates grandchild process with no parent process that is immediately adopted by the init system process pid which successfully disconnects the execution of the adversary payload from its previous process tree another example is using the daemon syscall to detach from the current parent process and run in the background,1
adversaries may attempt to blend in with legitimate traffic by spoofing browser and system attributes like operating system system language platform user agent string resolution time zone etc the http user agent request header is string that lets servers and network peers identify the application operating system vendor and version of the requesting user agent adversaries may gather this information through system information discovery or by users navigating to adversary controlled websites and then use that information to craft their web traffic to evade defenses,1
adversaries may abuse double extension in the filename as means of masquerading the true file type file name may include secondary file type extension that may cause only the first extension to be displayed ex code file txt exe may render in some views as just code file txt however the second extension is the true file type that determines how the file is opened and executed the real file extension may be hidden by the operating system in the file browser ex explorer exe as well as in any software configured using or similar to the system policies adversaries may abuse double extensions to attempt to conceal dangerous file types of payloads very common usage involves tricking user into opening what they think is benign file type but is actually executable code such files often pose as email attachments and allow an adversary to gain initial access into user system via spearphishing attachment then user execution for example an executable file attachment named code evil txt exe may display as code evil txt to user the user may then view it as benign text file and open it inadvertently executing the hidden malware common file types such as text files txt doc etc and image files jpg gif etc are typically used as the first extension to appear benign executable extensions commonly regarded as dangerous such as exe lnk hta and scr often appear as the second extension and true file type,0
adversaries may attempt to mimic features of valid code signatures to increase the chance of deceiving user analyst or tool code signing provides level of authenticity on binary from the developer and guarantee that the binary has not been tampered with adversaries can copy the metadata and signature information from signed program then use it as template for an unsigned program files with invalid code signatures will fail digital signature validation checks but they may appear more legitimate to users and security tools may improperly handle these files unlike code signing this activity will not result in valid signature,0
adversaries may match or approximate the names of legitimate accounts to make newly created ones appear benign this will typically occur during create account although accounts may also be renamed at later date this may also coincide with account access removal if the actor first deletes an account before re creating one with the same name often adversaries will attempt to masquerade as service accounts such as those associated with legitimate software data backups or container cluster management they may also give accounts generic trustworthy names such as admin help or root sometimes adversaries may model account names off of those already existing in the system as follow on behavior to account discovery note that this is distinct from impersonation which describes impersonating specific trusted individuals or organizations rather than user or service account names,1
adversaries may masquerade malicious payloads as legitimate files through changes to the payload formatting including the file signature extension icon and contents various file types have typical standard format including how they are encoded and organized for example file signature also known as header or magic bytes is the beginning bytes of file and is often used to identify the file type for example the header of jpeg file is code and the file extension is either jpe jpeg or jpg adversaries may edit the header hex code and the file extension of malicious payload in order to bypass file validation checks and input sanitization this behavior is commonly used when payload files are transferred ingress tool transfer and stored upload malware so that adversaries may move their malware without triggering detections common non executable file types and extensions such as text files txt and image files jpg gif etc may be typically treated as benign based on this adversaries may use file extension to disguise malware such as naming php backdoor code with file name of code test gif user may not know that file is malicious due to the benign appearance and file extension polyglot files which are files that have multiple different file types and that function differently based on the application that will execute them may also be used to disguise malicious malware and capabilities,1
adversaries may attempt to manipulate the name of task or service to make it appear legitimate or benign tasks executed by the task scheduler or systemd will typically be given name and description windows services will have service name as well as display name many benign tasks and services exist that have commonly associated names adversaries may give tasks or services names that are similar or identical to those of legitimate ones tasks or services contain other fields such as description that adversaries may attempt to make appear legitimate,1
adversaries may match or approximate the name or location of legitimate files registry keys or other resources when naming them this is done for the sake of evading defenses and observation this may be done by placing an executable in commonly trusted directory ex under system32 or giving it the name of legitimate trusted program ex svchost exe alternatively windows registry key may be given close approximation to key used by legitimate program in containerized environments threat actor may create resource in trusted namespace or one that matches the naming convention of container pod or cluster,1
adversaries may modify process in memory arguments to change its name in order to appear as legitimate or benign process on linux the operating system stores command line arguments in the process stack and passes them to the main function as the argv array the first element argv typically contains the process name or path by default the command used to actually start the process cat by default the linux filesystem uses this value to represent the process name the file reflects the contents of this memory and tools like ps use it to display process information since arguments are stored in user space memory at launch this modification can be performed without elevated privileges during runtime adversaries can erase the memory used by all command line arguments for process overwriting each argument string with null bytes this removes evidence of how the process was originally launched they can then write spoofed string into the memory region previously occupied by argv to mimic benign command such as cat resolv conf the new command line string is reflected in and displayed by tools like ps,1
adversaries may rename legitimate system utilities to try to evade security mechanisms concerning the usage of those utilities security monitoring and control mechanisms may be in place for legitimate utilities adversaries are capable of abusing including both built in binaries and tools such as psexec autohotkey and ironpython it may be possible to bypass those security mechanisms by renaming the utility prior to utilization ex rename code rundll32 exe an alternative case occurs when legitimate utility is copied or moved to different directory and renamed to avoid detections based on these utilities executing from non standard paths,1
adversaries may abuse the right to left override rtlo or rlo character 202e to disguise string and file name to make it appear benign rtlo is non printing unicode character that causes the text that follows it to be displayed in reverse for example windows screensaver executable named code march u202excod scr will display as code march rcs docx javascript file named code photo high re u202egnp js will be displayed as code photo high resj png adversaries may abuse the rtlo character as means of tricking user into executing what they think is benign file type common use of this technique is with spearphishing attachment file since it can trick both end users and defenders if they are not aware of how their tools display and render the rtlo character use of the rtlo character has been seen in many targeted intrusion attempts and criminal activity rtlo can be used in the windows registry as well where regedit exe displays the reversed characters but the command line tool reg exe does not by default,1
adversaries can hide program true filetype by changing the extension of file with certain file types specifically this does not work with app extensions appending space to the end of filename will change how the file is processed by the operating system for example if there is mach executable file called code evil bin when it is double clicked by user it will launch terminal app and execute if this file is renamed to code evil txt then when double clicked by user it will launch with the default text editing application not executing the binary however if the file is renamed to code evil txt note the space at the end then when double clicked by user the true file type is determined by the os and handled appropriately and the binary will be executed adversaries can use this feature to trick users into double clicking benign looking files of any format and ultimately executing something malicious,1
adversaries may modify authentication mechanisms and processes to access user credentials or enable otherwise unwarranted access to accounts the authentication process is handled by mechanisms such as the local security authentication server lsass process and the security accounts manager sam on windows pluggable authentication modules pam on unix based systems and authorization plugins on macos systems responsible for gathering storing and validating credentials by modifying an authentication process an adversary may be able to authenticate to service or system without using valid accounts adversaries may maliciously modify part of this process to either reveal credentials or bypass authentication mechanisms compromised credentials or access may be used to bypass access controls placed on various resources on systems within the network and may even be used for persistent access to remote systems and externally available services such as vpns outlook web access and remote desktop,1
adversaries may disable or modify conditional access policies to enable persistent access to compromised accounts conditional access policies are additional verifications used by identity providers and identity and access management systems to determine whether user should be granted access to resource for example in entra id okta and jumpcloud users can be denied access to applications based on their ip address device enrollment status and use of multi factor authentication in some cases identity providers may also support the use of risk based metrics to deny sign ins based on variety of indicators in aws and gcp iam policies can contain condition attributes that verify arbitrary constraints such as the source ip the date the request was made and the nature of the resources or regions being requested these measures help to prevent compromised credentials from resulting in unauthorized access to data or resources as well as limit user permissions to only those required by modifying conditional access policies such as adding additional trusted ip ranges removing multi factor authentication requirements or allowing additional unused cloud regions adversaries may be able to ensure persistent access to accounts and circumvent defensive measures,0
adversaries may patch the authentication process on domain controller to bypass the typical authentication mechanisms and enable access to accounts malware may be used to inject false credentials into the authentication process on domain controller with the intent of creating backdoor used to access any user account and credentials ex skeleton key skeleton key works through patch on an enterprise domain controller authentication process lsass with credentials that adversaries may use to bypass the standard authentication system once patched an adversary can use the injected password to successfully authenticate as any domain user account until the the skeleton key is erased from memory by reboot of the domain controller authenticated access may enable unfettered access to hosts and resources within single factor authentication environments,0
adversaries may patch modify or otherwise backdoor cloud authentication processes that are tied to on premises user identities in order to bypass typical authentication mechanisms access credentials and enable persistent access to accounts many organizations maintain hybrid user and device identities that are shared between on premises and cloud based environments these can be maintained in number of ways for example microsoft entra id includes three options for synchronizing identities between active directory and entra id password hash synchronization phs in which privileged on premises account synchronizes user password hashes between active directory and entra id allowing authentication to entra id to take place entirely in the cloud pass through authentication pta in which entra id authentication attempts are forwarded to an on premises pta agent which validates the credentials against active directory active directory federation services ad fs in which trust relationship is established between active directory and entra id ad fs can also be used with other saas and cloud platforms such as aws and gcp which will hand off the authentication process to ad fs and receive token containing the hybrid users identity and privileges by modifying authentication processes tied to hybrid identities an adversary may be able to establish persistent privileged access to cloud resources for example adversaries who compromise an on premises server running pta agent may inject malicious dll into the azureadconnectauthenticationagentservice process that authorizes all attempts to authenticate to entra id as well as records user credentials in environments using ad fs an adversary may edit the microsoft identityserver servicehost configuration file to load malicious dll that generates authentication tokens for any user with any set of claims thereby bypassing multi factor authentication and defined ad fs policies in some cases adversaries may be able to modify the hybrid identity authentication process from the cloud for example adversaries who compromise global administrator account in an entra id tenant may be able to register new pta agent via the web console similarly allowing them to harvest credentials and log into the entra id environment as any user,0
adversaries may disable or modify multi factor authentication mfa mechanisms to enable persistent access to compromised accounts once adversaries have gained access to network by either compromising an account lacking mfa or by employing an mfa bypass method such as multi factor authentication request generation adversaries may leverage their access to modify or completely disable mfa defenses this can be accomplished by abusing legitimate features such as excluding users from azure ad conditional access policies registering new yet vulnerable mfa method or by manually patching mfa programs and configuration files to bypass expected functionality for example modifying the windows hosts file to redirect mfa calls to localhost instead of an mfa server may cause the mfa process to fail if fail open policy is in place any otherwise successful authentication attempt may be granted access without enforcing mfa depending on the scope goals and privileges of the adversary mfa defenses may be disabled for individual accounts or for all accounts tied to larger group such as all domain accounts in victim network environment,1
adversaries may use patch system image to hard code password in the operating system thus bypassing of native authentication mechanisms for local accounts on network devices modify system image may include implanted code to the operating system for network devices to provide access for adversaries using specific password the modification includes specific password which is implanted in the operating system image via the patch upon authentication attempts the inserted code will first check to see if the user input is the password if so access is granted otherwise the implanted code will pass the credentials on for verification of potentially valid credentials,0
adversaries may register malicious network provider dynamic link libraries dlls to capture cleartext user credentials during the authentication process network provider dlls allow windows to interface with specific network protocols and can also support add on credential management functions during the logon process winlogon the interactive logon module sends credentials to the local mpnotify exe process via rpc the mpnotify exe process then shares the credentials in cleartext with registered credential managers when notifying that logon event is happening adversaries can configure malicious network provider dll to receive credentials from mpnotify exe once installed as credential manager via the registry malicious dll can receive and save credentials each time user logs onto windows workstation or domain via the nplogonnotify function adversaries may target planting malicious network provider dlls on systems known to have increased logon activity and administrator logon activity such as servers and domain controllers,0
adversaries may register malicious password filter dynamic link libraries dlls into the authentication process to acquire user credentials as they are validated windows password filters are password policy enforcement mechanisms for both domain and local accounts filters are implemented as dlls containing method to validate potential passwords against password policies filter dlls can be positioned on local computers for local accounts and domain controllers for domain accounts before registering new passwords in the security accounts manager sam the local security authority lsa requests validation from each registered filter any potential changes cannot take effect until every registered filter acknowledges validation adversaries can register malicious password filters to harvest credentials from local computers and entire domains to perform proper validation filters must receive plain text credentials from the lsa malicious password filter would receive these plain text credentials every time password request is made,0
adversaries may modify pluggable authentication modules pam to access user credentials or enable otherwise unwarranted access to accounts pam is modular system of configuration files libraries and executable files which guide authentication for many services the most common authentication module is code pam unix so which retrieves sets and verifies account authentication information in code and code adversaries may modify components of the pam system to create backdoors pam components such as code pam unix so can be patched to accept arbitrary adversary supplied values as legitimate credentials malicious modifications to the pam system may also be abused to steal credentials adversaries may infect pam resources with code to harvest user credentials since the values exchanged with pam components may be plain text since pam does not store passwords,1
an adversary may abuse active directory authentication encryption properties to gain access to credentials on windows systems the code allowreversiblepasswordencryption property specifies whether reversible password encryption for an account is enabled or disabled by default this property is disabled instead storing user credentials as the output of one way hashing functions and should not be enabled unless legacy or other software require it if the property is enabled and user changes their password after it is enabled an adversary may be able to obtain the plaintext of passwords created after the property was enabled to decrypt the passwords an adversary needs four components encrypted password code radiuschap from the active directory user structure code userparameters byte randomly generated value code radiuschapkey also from code userparameters global lsa secret code msradiuschapkey static key hardcoded in the remote access subauthentication dll code rassfm dll with this information an adversary may be able to reproduce the encryption key and subsequently decrypt the encrypted password value an adversary may set this property at various scopes through local group policy editor user properties fine grained password policy fgpp or via the activedirectory powershell module for example an adversary may implement and apply fgpp to users or groups if the domain functional level is set to windows server or higher in powershell an adversary may make associated changes to user settings using commands similar to code set aduser allowreversiblepasswordencryption true,0
an adversary may attempt to modify cloud account compute service infrastructure to evade defenses modification to the compute service infrastructure can include the creation deletion or modification of one or more components such as compute instances virtual machines and snapshots permissions gained from the modification of infrastructure components may bypass restrictions that prevent access to existing infrastructure modifying infrastructure components may also allow an adversary to evade detection and remove evidence of their presence,0
an adversary may create new instance or virtual machine vm within the compute service of cloud account to evade defenses creating new instance may allow an adversary to bypass firewall rules and permissions that exist on instances currently residing within an account an adversary may create snapshot of one or more volumes in an account create new instance mount the snapshots and then apply less restrictive security policy to collect data from local system or for remote data staging creating new instance may also allow an adversary to carry out malicious activity within an environment without affecting the execution of current running instances,0
an adversary may create snapshot or data backup within cloud account to evade defenses snapshot is point in time copy of an existing cloud compute component such as virtual machine vm virtual hard drive or volume an adversary may leverage permissions to create snapshot in order to bypass restrictions that prevent access to existing compute service infrastructure unlike in revert cloud instance where an adversary may revert to snapshot to evade detection and remove evidence of their presence an adversary may create cloud instance mount one or more created snapshots to that instance and then apply policy that allows the adversary access to the created instance such as firewall policy that allows them inbound and outbound ssh access,0
an adversary may delete cloud instance after they have performed malicious activities in an attempt to evade detection and remove evidence of their presence deleting an instance or virtual machine can remove valuable forensic artifacts and other evidence of suspicious behavior if the instance is not recoverable an adversary may also create cloud instance and later terminate the instance after achieving their objectives,0
adversaries may modify settings that directly affect the size locations and resources available to cloud compute infrastructure in order to evade defenses these settings may include service quotas subscription associations tenant wide policies or other configurations that impact available compute such modifications may allow adversaries to abuse the victim compute resources to achieve their goals potentially without affecting the execution of running instances and revealing their activities to the victim for example cloud providers often limit customer usage of compute resources via quotas customers may request adjustments to these quotas to support increased computing needs though these adjustments may require approval from the cloud provider adversaries who compromise cloud environment may similarly request quota adjustments in order to support their activities such as enabling additional resource hijacking without raising suspicion by using up victim entire quota adversaries may also increase allowed resource usage by modifying any tenant wide policies that limit the sizes of deployed virtual machines adversaries may also modify settings that affect where cloud resources can be deployed such as enabling unused cloud regions,0
an adversary may revert changes made to cloud instance after they have performed malicious activities in attempt to evade detection and remove evidence of their presence in highly virtualized environments such as cloud based infrastructure this may be accomplished by restoring virtual machine vm or data storage snapshots through the cloud management dashboard or cloud apis another variation of this technique is to utilize temporary storage attached to the compute instance most cloud providers provide various types of storage including persistent local and ephemeral with the ephemeral types often reset upon stop of the vm,0
adversaries may attempt to modify hierarchical structures in infrastructure as service iaas environments in order to evade defenses iaas environments often group resources into hierarchy enabling improved resource management and application of policies to relevant groups hierarchical structures differ among cloud providers for example in aws environments multiple accounts can be grouped under single organization while in azure environments multiple subscriptions can be grouped under single management group adversaries may add delete or otherwise modify resource groups within an iaas hierarchy for example in azure environments an adversary who has gained access to global administrator account may create new subscriptions in which to deploy resources they may also engage in subscription hijacking by transferring an existing pay as you go subscription from victim tenant to an adversary controlled tenant this will allow the adversary to use the victim compute resources without generating logs on the victim tenant in aws environments adversaries with appropriate permissions in given account may call the leaveorganization api causing the account to be severed from the aws organization to which it was tied and removing any service control policies guardrails or restrictions imposed upon it by its former organization alternatively adversaries may call the createaccount api in order to create new account within an aws organization this account will use the same payment methods registered to the payment account but may not be subject to existing detections or service control policies,0
adversaries may interact with the windows registry as part of variety of other techniques to aid in defense evasion persistence and execution access to specific areas of the registry depends on account permissions with some keys requiring administrator level access the built in windows command line utility reg may be used for local or remote registry modification other tools such as remote access tools may also contain functionality to interact with the registry through the windows api the registry may be modified in order to hide configuration information or malicious payloads via obfuscated files or information the registry may also be modified to impair defenses such as by enabling macros for all microsoft office products allowing privilege escalation without alerting the user increasing the maximum number of allowed outbound requests and modifying systems to store plaintext credentials in memory the registry of remote system may be modified to aid in execution of files as part of lateral movement it requires the remote registry service to be running on the target system often valid accounts are required along with access to the remote system smb admin shares for rpc communication finally registry modifications may also include actions to hide keys such as prepending key names with null character which will cause an error and be ignored when read via reg or other utilities using the win32 api adversaries may abuse these pseudo hidden keys to conceal payloads used to maintain persistence,0
adversaries may make changes to the operating system of embedded network devices to weaken defenses and provide new capabilities for themselves on such devices the operating systems are typically monolithic and most of the device functionality and capabilities are contained within single file to change the operating system the adversary typically only needs to affect this one file replacing or modifying it this can either be done live in memory during system runtime for immediate effect or in storage to implement the change on the next boot of the network device,0
adversaries may install an older version of the operating system of network device to weaken security older operating system versions on network devices often have weaker encryption ciphers and in general fewer updated defensive features on embedded devices downgrading the version typically only requires replacing the operating system file in storage with most embedded devices this can be achieved by downloading copy of the desired version of the operating system file and reconfiguring the device to boot from that file on next system restart the adversary could then restart the device to implement the change immediately or they could wait until the next time the system restarts downgrading the system image to an older versions may allow an adversary to evade defenses by enabling behaviors such as weaken encryption downgrading of system image can be done on its own or it can be used in conjunction with patch system image,0
adversaries may modify the operating system of network device to introduce new capabilities or weaken existing defenses some network devices are built with monolithic architecture where the entire operating system and most of the functionality of the device is contained within single file adversaries may change this file in storage to be loaded in future boot or in memory during runtime to change the operating system in storage the adversary will typically use the standard procedures available to device operators this may involve downloading new file via typical protocols used on network devices such as tftp ftp scp or console connection the original file may be overwritten or new file may be written alongside of it and the device reconfigured to boot to the compromised image to change the operating system in memory the adversary typically can use one of two methods in the first the adversary would make use of native debug commands in the original unaltered running operating system that allow them to directly modify the relevant memory addresses containing the running operating system this method typically requires administrative level access to the device in the second method for changing the operating system in memory the adversary would make use of the boot loader the boot loader is the first piece of software that loads when the device starts that in turn will launch the operating system adversaries may use malicious code previously implanted in the boot loader such as through the rommonkit method to directly manipulate running operating system code in memory this malicious code in the bootloader provides the capability of direct memory manipulation to the adversary allowing them to patch the live operating system during runtime by modifying the instructions stored in the system image file adversaries may either weaken existing defenses or provision new capabilities that the device did not have before examples of existing defenses that can be impeded include encryption via weaken encryption authentication via network device authentication and perimeter defenses via network boundary bridging adding new capabilities for the adversary purpose include keylogging multi hop proxy and port knocking adversaries may also compromise existing commands in the operating system to produce false output to mislead defenders when this method is used in conjunction with downgrade system image one example of compromised system command may include changing the output of the command that shows the version of the currently running operating system by patching the operating system the adversary can change this command to instead display the original higher revision number that they replaced through the system downgrade when the operating system is patched in storage this can be achieved in either the resident storage typically form of flash memory which is non volatile or via tftp boot when the technique is performed on the running operating system in memory and not on the stored copy this technique will not survive across reboots however live memory modification of the operating system can be combined with rommonkit to achieve persistence,0
adversaries may target multi factor authentication mfa mechanisms smart cards token generators etc to gain access to credentials that can be used to access systems services and network resources use of mfa is recommended and provides higher level of security than usernames and passwords alone but organizations should be aware of techniques that could be used to intercept and bypass these security mechanisms if smart card is used for multi factor authentication then keylogger will need to be used to obtain the password associated with smart card during normal use with both an inserted card and access to the smart card password an adversary can connect to network resource using the infected system to proxy the authentication with the inserted hardware token adversaries may also employ keylogger to similarly target other hardware tokens such as rsa securid capturing token input including user personal identification code may provide temporary access replay the one time passcode until the next value rollover as well as possibly enabling adversaries to reliably predict future authentication values given access to both the algorithm and any seed values used to generate appended temporary codes other methods of mfa may be intercepted and used by an adversary to authenticate it is common for one time codes to be sent via out of band communications email sms if the device and service is not secured then it may be vulnerable to interception service providers can also be targeted for example an adversary may compromise an sms messaging service in order to steal mfa codes sent to users phones,1
adversaries may attempt to bypass multi factor authentication mfa mechanisms and gain access to accounts by generating mfa requests sent to users adversaries in possession of credentials to valid accounts may be unable to complete the login process if they lack access to the 2fa or mfa mechanisms required as an additional credential and security control to circumvent this adversaries may abuse the automatic generation of push notifications to mfa services such as duo push microsoft authenticator okta or similar services to have the user grant access to their account if adversaries lack credentials to victim accounts they may also abuse automatic push notification generation when this option is configured for self service password reset sspr in some cases adversaries may continuously repeat login attempts in order to bombard users with mfa push notifications sms messages and phone calls potentially resulting in the user finally accepting the authentication request in response to mfa fatigue,1
adversaries may create multiple stages for command and control that are employed under different conditions or for certain functions use of multiple stages may obfuscate the command and control channel to make detection more difficult remote access tools will call back to the first stage command and control server for instructions the first stage may have automated capabilities to collect basic host information update tools and upload additional files second remote access tool rat could be uploaded at that point to redirect the host to the second stage command and control server the second stage will likely be more fully featured and allow the adversary to interact with the system through reverse shell and additional rat features the different stages will likely be hosted separately with no overlapping infrastructure the loader may also have backup first stage callbacks or fallback channels in case the original first stage communication path is discovered and blocked,1
adversaries may interact with the native os application programming interface api to execute behaviors native apis provide controlled means of calling low level os services within the kernel such as those involving hardware memory and processes these native apis are leveraged by the os during system boot when other system components are not yet initialized as well as carrying out tasks and requests during routine operations adversaries may abuse these os api functions as means of executing behaviors similar to command and scripting interpreter the native api and its hierarchy of interfaces provide mechanisms to interact with and utilize various components of victimized system native api functions such as code ntcreateprocess may be directed invoked via system calls syscalls but these features are also often exposed to user mode applications via interfaces and libraries for example functions such as the windows api code createprocess or gnu code fork will allow programs and scripts to start other processes this may allow api callers to execute binary run cli command load modules etc as thousands of similar api functions exist for various system operations higher level software frameworks such as microsoft net and macos cocoa are also available to interact with native apis these frameworks typically provide language wrappers to api functionalities and are designed for ease of use of code adversaries may use assembly to directly or in directly invoke syscalls in an attempt to subvert defensive sensors and detection signatures such as user mode api hooks adversaries may also attempt to tamper with sensors and defensive tools associated with api monitoring such as unhooking monitored functions via disable or modify tools,1
adversaries may bridge network boundaries by compromising perimeter network devices or internal devices responsible for network segmentation breaching these devices may enable an adversary to bypass restrictions on traffic routing that otherwise separate trusted and untrusted networks devices such as routers and firewalls can be used to create boundaries between trusted and untrusted networks they achieve this by restricting traffic types to enforce organizational policy in an attempt to reduce the risk inherent in such connections restriction of traffic can be achieved by prohibiting ip addresses layer protocol ports or through deep packet inspection to identify applications to participate with the rest of the network these devices can be directly addressable or transparent but their mode of operation has no bearing on how the adversary can bypass them when compromised when an adversary takes control of such boundary device they can bypass its policy enforcement to pass normally prohibited traffic across the trust boundary between the two separated networks without hinderance by achieving sufficient rights on the device an adversary can reconfigure the device to allow the traffic they want allowing them to then further achieve goals such as command and control via multi hop proxy or exfiltration of data via traffic duplication adversaries may also target internal devices responsible for network segmentation and abuse these in conjunction with internal proxy to achieve the same goals in the cases where border device separates two separate organizations the adversary can also facilitate lateral movement into new victim environments,0
adversaries may bridge network boundaries by modifying network device network address translation nat configuration malicious modifications to nat may enable an adversary to bypass restrictions on traffic routing that otherwise separate trusted and untrusted networks network devices such as routers and firewalls that connect multiple networks together may implement nat during the process of passing packets between networks when performing nat the network device will rewrite the source and destination addresses of the ip address header some network designs require nat for the packets to cross the border device typical example of this is environments where internal networks make use of non internet routable addresses when an adversary gains control of network boundary device they may modify nat configurations to send traffic between two separated networks or to obscure their activities in network designs that require nat to function such modifications enable the adversary to overcome inherent routing limitations that would normally prevent them from accessing protected systems behind the border device in network designs that do not require nat adversaries may use address translation to further obscure their activities as changing the addresses of packets that traverse network boundary device can make monitoring data transmissions more challenging for defenders adversaries may use patch system image to change the operating system of network device implementing their own custom nat mechanisms to further obscure their activities,0
adversaries may perform network denial of service dos attacks to degrade or block the availability of targeted resources to users network dos can be performed by exhausting the network bandwidth services rely on example resources include specific websites email services dns and web based applications adversaries have been observed conducting network dos attacks for political purposes and to support other malicious activities including distraction hacktivism and extortion network dos will occur when the bandwidth capacity of the network connection to system is exhausted due to the volume of malicious traffic directed at the resource or the network connections and network devices the resource relies on for example an adversary may send 10gbps of traffic to server that is hosted by network with 1gbps connection to the internet this traffic can be generated by single system or multiple systems spread across the internet which is commonly referred to as distributed dos ddos to perform network dos attacks several aspects apply to multiple methods including ip address spoofing and botnets adversaries may use the original ip address of an attacking system or spoof the source ip address to make the attack traffic more difficult to trace back to the attacking system or to enable reflection this can increase the difficulty defenders have in defending against the attack by reducing or eliminating the effectiveness of filtering by the source address on network defense devices for dos attacks targeting the hosting system directly see endpoint denial of service,1
adversaries may attempt to cause denial of service dos by directly sending high volume of network traffic to target this dos attack may also reduce the availability and functionality of the targeted system and network direct network flood are when one or more systems are used to send high volume of network packets towards the targeted service network almost any network protocol may be used for flooding stateless protocols such as udp or icmp are commonly used but stateful protocols such as tcp can be used as well botnets are commonly used to conduct network flooding attacks against networks and services large botnets can generate significant amount of traffic from systems spread across the global internet adversaries may have the resources to build out and control their own botnet infrastructure or may rent time on an existing botnet to conduct an attack in some of the worst cases for distributed dos ddos so many systems are used to generate the flood that each one only needs to send out small amount of traffic to produce enough volume to saturate the target network in such circumstances distinguishing ddos traffic from legitimate clients becomes exceedingly difficult botnets have been used in some of the most high profile ddos flooding attacks such as the series of incidents that targeted major us banks,1
adversaries may attempt to cause denial of service dos by reflecting high volume of network traffic to target this type of network dos takes advantage of third party server intermediary that hosts and will respond to given spoofed source ip address this third party server is commonly termed reflector an adversary accomplishes reflection attack by sending packets to reflectors with the spoofed address of the victim similar to direct network floods more than one system may be used to conduct the attack or botnet may be used likewise one or more reflectors may be used to focus traffic on the target this network dos attack may also reduce the availability and functionality of the targeted system and network reflection attacks often take advantage of protocols with larger responses than requests in order to amplify their traffic commonly known as reflection amplification attack adversaries may be able to generate an increase in volume of attack traffic that is several orders of magnitude greater than the requests sent to the amplifiers the extent of this increase will depending upon many variables such as the protocol in question the technique used and the amplifying servers that actually produce the amplification in attack volume two prominent protocols that have enabled reflection amplification floods are dns and ntp though the use of several others in the wild have been documented in particular the memcache protocol showed itself to be powerful protocol with amplification sizes up to times the requesting packet,1
adversaries may attempt to get listing of services running on remote hosts and local network infrastructure devices including those that may be vulnerable to remote software exploitation common methods to acquire this information include port vulnerability and wordlist scans using tools that are brought onto system within cloud environments adversaries may attempt to discover services running on other cloud hosts additionally if the cloud environment is connected to on premises environment adversaries may be able to identify services running on non cloud systems as well within macos environments adversaries may use the native bonjour application to discover services running on other macos hosts within network the bonjour mdnsresponder daemon automatically registers and advertises host registered services on the network for example adversaries can use mdns query such as code dns sd ssh tcp to find other systems broadcasting the ssh service,1
adversaries may look for folders and drives shared on remote systems as means of identifying sources of information to gather as precursor for collection and to identify potential systems of interest for lateral movement networks often contain shared network drives and folders that enable users to access file directories on various systems across network file sharing over windows network occurs over the smb protocol net can be used to query remote system for available shared drives using the code net view remotesystem command it can also be used to query shared drives on the local system using code net share for macos the code sharing command lists all shared points used for smb services,1
adversaries may passively sniff network traffic to capture information about an environment including authentication material passed over the network network sniffing refers to using the network interface on system to monitor or capture information sent over wired or wireless connection an adversary may place network interface into promiscuous mode to passively access data in transit over the network or use span ports to capture larger amount of data data captured via this technique may include user credentials especially those sent over an insecure unencrypted protocol techniques for name service resolution poisoning such as name resolution poisoning and smb relay can also be used to capture credentials to websites proxies and internal systems by redirecting traffic to an adversary network sniffing may reveal configuration details such as running services version numbers and other network characteristics ip addresses hostnames vlan ids necessary for subsequent lateral movement and stealth activities adversaries may likely also utilize network sniffing during adversary in the middle aitm to passively gain additional knowledge about the environment in cloud based environments adversaries may still be able to use traffic mirroring services to sniff network traffic from virtual machines for example aws traffic mirroring gcp packet mirroring and azure vtap allow users to define specified instances to collect traffic from and specified targets to send collected traffic to often much of this traffic will be in cleartext due to the use of tls termination at the load balancer level to reduce the strain of encrypting and decrypting traffic the adversary can then use exfiltration techniques such as transfer data to cloud account in order to access the sniffed traffic on network devices adversaries may perform network captures using network device cli commands such as monitor capture,1
adversaries may use an osi non application layer protocol for communication between host and c2 server or among infected hosts within network the list of possible protocols is extensive specific examples include use of network layer protocols such as the internet control message protocol icmp transport layer protocols such as the user datagram protocol udp session layer protocols such as socket secure socks as well as redirected protocols such as serial over lan sol icmp communication between hosts is one example because icmp is part of the internet protocol suite it is required to be implemented by all ip compatible hosts however it is not as commonly monitored as other internet protocols such as tcp or udp and may be used by adversaries to hide communications in esxi environments adversaries may leverage the virtual machine communication interface vmci for communication between guest virtual machines and the esxi host this traffic is similar to client server communications on traditional network sockets but is localized to the physical machine running the esxi host meaning it does not traverse external networks routers switches this results in communications that are invisible to external monitoring and standard networking tools like tcpdump netstat nmap and wireshark by adding vmci backdoor to compromised esxi host adversaries may persistently regain access from any guest vm to the compromised esxi host backdoor regardless of network segmentation or firewall rules in place,1
adversaries may communicate using protocol and port pairing that are typically not associated for example over port or port as opposed to the traditional port adversaries may make changes to the standard port used by protocol to bypass filtering or muddle analysis of network data adversaries may also make changes to victim systems to abuse non standard ports for example registry keys and other configuration settings can be used to modify protocol and port pairings,1
adversaries may attempt to dump credentials to obtain account login and credential material normally in the form of hash or clear text password credentials can be obtained from os caches memory or structures credentials can then be used to perform lateral movement and access restricted information several of the tools mentioned in associated sub techniques may be used by both adversaries and professional security testers additional custom tools likely exist as well,1
adversaries may attempt to dump the contents of code and code to enable offline password cracking most modern linux operating systems use combination of code and code to store user account information including password hashes in code by default code is only readable by the root user linux stores user information such as user id group id home directory path and login shell in code user on the system may belong to person or service all password hashes are stored in code including entries for users with no passwords and users with locked or disabled accounts adversaries may attempt to read or dump the code and code files on linux systems via command line utilities such as the code cat command additionally the linux utility code unshadow can be used to combine the two files in format suited for password cracking utilities such as john the ripper for example via the command code since the user information stored in code are linked to the password hashes in code an adversary would need to have access to both,1
adversaries may attempt to access cached domain credentials used to allow authentication to occur in the event domain controller is unavailable on windows vista and newer the hash format is dcc2 domain cached credentials version hash also known as ms cache v2 hash the number of default cached credentials varies and can be altered per system this hash does not allow pass the hash style attacks and instead requires password cracking to recover the plaintext password on linux systems active directory credentials can be accessed through caches maintained by software like system security services daemon sssd or quest authentication services formerly vas cached credential hashes are typically located at for sssd or for quest adversaries can use utilities such as tdbdump on these database files to dump the cached hashes and use password cracking to obtain the plaintext password with system or sudo access the tools such as mimikatz reg and secretsdump py for windows or linikatz for linux can be used to extract the cached credentials note cached credentials for windows vista are derived using pbkdf2,1
adversaries may attempt to access credentials and other sensitive information by abusing windows domain controller application programming interface api to simulate the replication process from remote domain controller using technique called dcsync members of the administrators domain admins and enterprise admin groups or computer accounts on the domain controller are able to run dcsync to pull password data from active directory which may include current and historical hashes of potentially useful accounts such as krbtgt and administrators the hashes can then in turn be used to create golden ticket for use in pass the ticket or change an account password as noted in account manipulation dcsync functionality has been included in the lsadump module in mimikatz lsadump also includes netsync which performs dcsync over legacy replication protocol,0
adversaries with system access to host may attempt to access local security authority lsa secrets which can contain variety of different credential materials such as credentials for service accounts lsa secrets are stored in the registry at code hkey local machine security policy secrets lsa secrets can also be dumped from memory reg can be used to extract from the registry mimikatz can be used to extract secrets from memory,0
adversaries may attempt to access credential material stored in the process memory of the local security authority subsystem service lsass after user logs on the system generates and stores variety of credential materials in lsass process memory these credential materials can be harvested by an administrative user or system and used to conduct lateral movement using use alternate authentication material as well as in memory techniques the lsass process memory can be dumped from the target host and analyzed on local system for example on the target host use procdump code procdump ma lsass exe lsass dump locally mimikatz can be run using code sekurlsa minidump lsassdump dmp code sekurlsa logonpasswords built in windows tools such as comsvcs dll can also be used code rundll32 exe minidump pid lsass dmp full similar to image file execution options injection the silent process exit mechanism can be abused to create memory dump of lsass exe through windows error reporting werfault exe windows security support provider ssp dlls are loaded into lsass process at system start once loaded into the lsa ssp dlls have access to encrypted and plaintext passwords that are stored in windows such as any logged on user domain password or smart card pins the ssp configuration is stored in two registry keys code hklm system currentcontrolset control lsa security packages and code hklm system currentcontrolset control lsa osconfig security packages an adversary may modify these registry keys to add new ssps which will be loaded the next time the system boots or when the addsecuritypackage windows api function is called the following ssps can be used to access credentials msv interactive logons batch logons and service logons are done through the msv authentication package wdigest the digest authentication protocol is designed for use with hypertext transfer protocol and simple authentication security layer sasl exchanges kerberos preferred for mutual client server domain authentication in windows and later credssp provides sso and network level authentication for remote desktop services,0
adversaries may attempt to access or create copy of the active directory domain database in order to steal credential information as well as obtain other information about domain members such as devices users and access rights by default the ntds file ntds dit is located in code systemroot ntds ntds dit of domain controller in addition to looking for ntds files on active domain controllers adversaries may search for backups that contain the same or similar information the following tools and techniques can be used to enumerate the ntds file and the contents of the entire active directory hashes volume shadow copy secretsdump py using the in built windows tool ntdsutil exe invoke ninjacopy,0
adversaries may gather credentials from the proc filesystem or the proc filesystem is pseudo filesystem used as an interface to kernel data structures for linux based systems managing virtual memory for each process the file shows how memory is mapped within the process virtual address space and exposed for debugging purposes provides access to the process virtual address space when executing with root privileges adversaries can search these memory locations for all processes on system that contain patterns indicative of credentials adversaries may use regex patterns such as code grep 9a cut to look for fixed strings in memory structures or cached hashes when running without privileged access processes can still view their own virtual memory locations some services or programs may save credentials in clear text inside the process memory if running as or with the permissions of web browser process can search the locations for common website credential patterns that can also be used to find adjacent memory within the same structure in which hashes or cleartext credentials may be located,1
adversaries may attempt to extract credential material from the security account manager sam database either through in memory techniques or through the windows registry where the sam database is stored the sam is database file that contains local accounts for the host typically those found with the code net user command enumerating the sam database requires system level access number of tools can be used to retrieve the sam file through in memory techniques pwdumpx exe gsecdump mimikatz secretsdump py alternatively the sam can be extracted from the registry with reg code reg save hklm sam sam code reg save hklm system system creddump7 can then be used to process the sam database locally to retrieve hashes notes rid account is the local built in administrator rid is the guest account user accounts start with rid of,0
adversaries may attempt to make an executable or file difficult to discover or analyze by encrypting encoding or otherwise obfuscating its contents on the system or in transit this is common behavior that can be used across different platforms and the network to evade defenses payloads may be compressed archived or encrypted in order to avoid detection these payloads may be used during initial access or later to mitigate detection sometimes user action may be required to open and deobfuscate files or information for user execution the user may also be required to input password to open password protected compressed file that was provided by the adversary adversaries may also use compressed or archived scripts such as javascript portions of files can also be encoded to hide the plain text strings that would otherwise help defenders with discovery payloads may also be split into separate seemingly benign files that only reveal malicious functionality when reassembled adversaries may also abuse command obfuscation to obscure commands executed from payloads or directly via command and scripting interpreter environment variables aliases characters and other platform specific semantics can be used to evade signature based detections and application control mechanisms,1
adversaries may use binary padding to add junk data and change the on disk representation of malware this can be done without affecting the functionality or behavior of binary but can increase the size of the binary beyond what some security tools are capable of handling due to file size limitations binary padding effectively changes the checksum of the file and can also be used to avoid hash based blocklists and static anti virus signatures the padding used is commonly generated by function to create junk data and then appended to the end or applied to sections of malware increasing the file size may decrease the effectiveness of certain tools and detection capabilities that are not designed or configured to scan large files this may also reduce the likelihood of being collected for analysis public file scanning services such as virustotal limits the maximum size of an uploaded file to be analyzed,1
adversaries may obfuscate content during command execution to impede detection command line obfuscation is method of making strings and patterns within commands and scripts more difficult to signature and analyze this type of obfuscation can be included within commands executed by delivered payloads phishing and drive by compromise or interactively via command and scripting interpreter for example adversaries may abuse syntax that utilizes various symbols and escape characters such as spacing and to make commands difficult to analyze while maintaining the same intended functionality many languages support built in obfuscation in the form of base64 or url encoding adversaries may also manually implement command obfuscation via string splitting wor application order and casing of characters rev dwssap tac globing mkdir as well as various tricks involving passing strings through tokens variables streams adversaries may also use tricks such as directory traversals to obfuscate references to the binary being invoked by command shadowcopy delete tools such as code invoke obfuscation and code invoke dosfucation have also been used to obfuscate commands,1
adversaries may attempt to make payloads difficult to discover and analyze by delivering files to victims as uncompiled code text based source code files may subvert analysis and scrutiny from protections targeting executables these payloads will need to be compiled before execution typically via native utilities such as ilasm exe csc exe or gcc source code payloads may also be encrypted encoded and embedded within other files such as those delivered as phishing payloads may also be delivered in formats unrecognizable and inherently benign to the native os ex exes on macos before later being re compiled into proper executable binary with bundled compiler and execution framework,1
adversaries may use compression to obfuscate their payloads or files compressed file formats such as zip gzip 7z and rar can compress and archive multiple files together to make it easier and faster to transfer files in addition to compressing files adversaries may also compress shellcode directly for example in order to store it in windows registry key fileless storage in order to further evade detection adversaries may combine multiple zip files into one archive this process of concatenation creates an archive that appears to be single archive but in fact contains the central directories of the embedded archives some zip readers such as 7zip may not be able to identify concatenated zip files and miss the presence of the malicious payload file archives may be sent as one spearphishing attachment through email adversaries have sent malicious payloads as archived files to encourage the user to interact with and extract the malicious payload onto their system malicious file however some file compression tools such as 7zip can be used to produce self extracting archives adversaries may send self extracting archives to hide the functionality of their payload and launch it without requiring multiple actions from the user compression may be used in combination with encrypted file where compressed files are encrypted and password protected,1
adversaries may obfuscate then dynamically resolve api functions called by their malware in order to conceal malicious functionalities and impair defensive analysis malware commonly uses various native api functions provided by the os to perform various tasks such as those involving processes files and other system artifacts api functions called by malware may leave static artifacts such as strings in payload files defensive analysts may also uncover which functions binary file may execute via an import address table iat or other structures that help dynamically link calling code to the shared modules that provide functions to avoid static or other defensive analysis adversaries may use dynamic api resolution to conceal malware characteristics and functionalities similar to software packing dynamic api resolution may change file signatures and obfuscate malicious api function calls until they are resolved and invoked during runtime various methods may be used to obfuscate malware calls to api functions for example hashes of function names are commonly stored in malware in lieu of literal strings malware can use these hashes or other identifiers to manually reproduce the linking and loading process using functions such as getprocaddress and loadlibrary these hashes can also be further obfuscated using encryption or other string manipulation tricks requiring various forms of deobfuscate files or information during execution,0
adversaries may embed payloads within other files to conceal malicious content from defenses otherwise seemingly benign files such as scripts and executables may be abused to carry and obfuscate malicious payloads and content in some cases embedded payloads may also enable adversaries to subvert trust controls by not impacting execution controls such as digital signatures and notarization tickets adversaries may embed payloads in various file formats to hide payloads this is similar to steganography though does not involve weaving malicious content into specific bytes and patterns related to legitimate digital media formats for example adversaries have been observed embedding payloads within or as an overlay of an otherwise benign binary adversaries have also been observed nesting payloads such as executables and run only scripts inside file of the same format embedded content may also be used as process injection payloads used to infect benign system processes these embedded then injected payloads may be used as part of the modules of malware designed to provide specific features such as encrypting c2 communications in support of an orchestrator module for example an embedded module may be injected into default browsers allowing adversaries to then communicate via the network,1
adversaries may encrypt or encode files to obfuscate strings bytes and other specific patterns to impede detection encrypting and encoding file content aims to conceal malicious artifacts within file used in an intrusion many other techniques such as software packing steganography and embedded payloads share this same broad objective encrypting and encoding files could lead to lapse in detection of static signatures only for this malicious content to be revealed deobfuscate files or information at the time of execution this type of file obfuscation can be applied to many file artifacts present on victim hosts such as malware log and payload files files can be encrypted with hardcoded or user supplied key as well as otherwise obfuscated using standard encoding schemes such as base64 the entire content of file may be obfuscated or just specific functions or values such as c2 addresses encryption and encoding may also be applied in redundant layers for additional protection for example adversaries may abuse password protected word documents or self extracting sfx archives as method of encrypting file such as phishing payload these files typically function by attaching the intended archived content to decompressor stub that is executed when the file is invoked user execution adversaries may also abuse file specific as well as custom encoding schemes for example byte order mark bom headers in text files may be abused to manipulate and obfuscate file content until command and scripting interpreter execution,1
adversaries may store data in fileless formats to conceal malicious activity from defenses fileless storage can be broadly defined as any format other than file common examples of non volatile fileless storage in windows systems include the windows registry event logs or wmi repository shared memory directories on linux systems and and volatile directories on network devices and may also be considered fileless storage as files written to these directories are mapped directly to ram and not stored on the disk similar to fileless in memory behaviors such as reflective code loading and process injection fileless data storage may remain undetected by antivirus and other endpoint security tools that can only access specific file formats from disk storage leveraging fileless storage may also allow adversaries to bypass the protections offered by read only file systems in linux adversaries may use fileless storage to conceal various types of stored data including payloads potentially being used as part of persistence and collected data not yet exfiltrated from the victim local data staging adversaries also often encrypt encode splice or otherwise obfuscate this fileless data when stored some forms of fileless storage activity may indirectly create artifacts in the file system but in central and otherwise difficult to inspect formats such as the wmi systemroot system32 wbem repository or registry systemroot system32 config physical files,1
adversaries may smuggle data and files past content filters by hiding malicious payloads inside of seemingly benign html files html documents can store large binary objects known as javascript blobs immutable data that represents raw bytes that can later be constructed into file like objects data may also be stored in data urls which enable embedding media type or mime files inline of html documents html5 also introduced download attribute that may be used to initiate file downloads adversaries may deliver payloads to victims that bypass security controls through html smuggling by abusing javascript blobs and html5 download attributes security controls such as web content filters may not identify smuggled malicious files inside of html files as the content may be based on typically benign mime types such as code text and code text malicious files or data can be obfuscated and hidden inside of html files through data urls and javascript blobs and can be deobfuscated when they reach the victim deobfuscate files or information potentially bypassing content filters for example javascript blobs can be abused to dynamically generate malicious files in the victim machine and may be dropped to disk by abusing javascript functions such as code mssaveblob,1
adversaries may remove indicators from tools if they believe their malicious tool was detected quarantined or otherwise curtailed they can modify the tool by removing the indicator and using the updated version that is no longer detected by the target defensive systems or subsequent targets that may use similar systems good example of this is when malware is detected with file signature and quarantined by anti virus software an adversary who can determine that the malware was quarantined because of its file signature may modify the file to explicitly avoid that signature and then re use the malware,1
adversaries may abuse invisible or non printing unicode characters to conceal malicious content within files scripts or text by inserting characters that do not visibly render adversaries may hide data alter how content is interpreted or make malicious code appear as benign text or whitespace adversaries may encode these malicious payloads using binary base64 or custom schemes to be reconstructed at runtime through scripting features such as javascript proxy traps eval or other dynamic execution methods this technique enables adversaries to evade visual inspection and basic static analysis by hiding malicious encoded content in innocuous text unicode is standardized character encoding model that assigns unique numerical value known as code point to every character across writing systems enabling consistent text representation across platforms applications and languages code points are represented as followed by hexadecimal value and may be encoded using formats such as utf or utf adversaries may abuse the valid code points in unicode that are not visibly rendered but still take up bytes such as zero width spaces variation selectors or bidirectional formatting controls to conceal malicious payloads adversaries may additionally exploit private use area pua characters range of code points reserved for custom assignment pua characters that are not defined by font or application are typically rendered blank unicode characters may also be leveraged in support of other techniques such as phishing right to left override or user execution for example some adversaries may embed artificial intelligence ai prompt injections using invisible unicode characters in emails or documents that appear benign when processed by ai systems,1
adversaries may use junk code dead code to obfuscate malware functionality junk code is code that either does not execute or if it does execute does not change the functionality of the code junk code makes analysis more difficult and time consuming as the analyst steps through non functional code instead of analyzing the main code it also may hinder detections that rely on static code analysis due to the use of benign functionality especially when combined with compression or software packing no operation nop instructions are an example of dead code commonly used in x86 assembly language they are commonly used as the opcode when nops are added to malware the disassembler may show the nop instructions leading to the analyst needing to step through them the use of junk dead code insertion is distinct from binary padding because the purpose is to obfuscate the functionality of the code rather than simply to change the malware signature,1
adversaries may smuggle commands to download malicious payloads past content filters by hiding them within otherwise seemingly benign windows shortcut files windows shortcut files lnk include many metadata fields including an icon location field also known as the iconenvironmentdatablock designed to specify the path to an icon file that is to be displayed for the lnk file within host directory adversaries may abuse this lnk metadata to download malicious payloads for example adversaries have been observed using lnk files as phishing payloads to deliver malware once invoked malicious file payloads referenced via external urls within the lnk icon location field may be downloaded these files may also then be invoked by command and scripting interpreter binary proxy execution arguments within the target path field of the lnk lnk icon smuggling may also be utilized post compromise such as malicious scripts executing an lnk on an infected host to download additional malicious payloads,0
adversaries may utilize polymorphic code also known as metamorphic or mutating code to evade detection polymorphic code is type of software capable of changing its runtime footprint during code execution with each execution of the software the code is mutated into different version of itself that achieves the same purpose or objective as the original this functionality enables the malware to evade traditional signature based defenses such as antivirus and antimalware tools other obfuscation techniques can be used in conjunction with polymorphic code to accomplish the intended effects including using mutation engines to conduct actions such as software packing command obfuscation or encrypted file,1
adversaries may smuggle data and files past content filters by hiding malicious payloads inside of seemingly benign svg files svgs or scalable vector graphics are vector based image files constructed using xml as such they can legitimately include script tags that enable adversaries to include malicious javascript payloads however svgs may appear less suspicious to users than other types of executable files as they are often treated as image files svg smuggling can take number of forms for example threat actors may include content that assembles malicious payloads downloads malicious payloads redirects users to malicious websites displays interactive content to users such as fake login forms and download buttons svg smuggling may be used in conjunction with html smuggling where an svg with malicious payload is included inside an html file svgs may also be included in other types of documents such as pdfs,1
adversaries may perform software packing or virtual machine software protection to conceal their code software packing is method of compressing or encrypting an executable packing an executable changes the file signature in an attempt to avoid signature based detection most decompression techniques decompress the executable code in memory virtual machine software protection translates an executable original code into special format that only special virtual machine can run virtual machine is then called to run this code utilities used to perform software packing are called packers example packers are mpress and upx more comprehensive list of known packers is available but adversaries may create their own packing techniques that do not leave the same artifacts as well known packers to evade defenses,1
adversaries may use steganography techniques in order to prevent the detection of hidden information steganographic techniques can be used to hide data in digital media such as images audio tracks video clips or text files duqu was an early example of malware that used steganography it encrypted the gathered information from victim system and hid it within an image before exfiltrating the image to c2 server by the end of threat group used code invoke psimage to hide powershell commands in an image file png and execute the code on victim system in this particular case the powershell code downloaded another obfuscated script to gather intelligence from the victim machine and communicate it back to the adversary,1
adversaries may attempt to make payload difficult to analyze by removing symbols strings and other human readable information scripts and executables may contain variables names and other strings that help developers document code functionality symbols are often created by an operating system linker when executable payloads are compiled reverse engineers use these symbols and strings to analyze code and to identify functionality in payloads adversaries may use stripped payloads in order to make malware analysis more difficult for example compilers and other tools may provide features to remove or obfuscate strings and symbols adversaries have also used stripped payload formats such as run only applescripts compiled and stripped version of applescript to evade detection and analysis the lack of human readable information may directly hinder detection and analysis of payloads,1
adversaries may buy and steal capabilities that can be used during targeting rather than developing their own capabilities in house adversaries may purchase freely download or steal them activities may include the acquisition of malware software including licenses exploits certificates and information relating to vulnerabilities adversaries may obtain capabilities to support their operations throughout numerous phases of the adversary lifecycle in addition to downloading free malware software and exploits from the internet adversaries may purchase these capabilities from third party entities third party entities can include technology companies that specialize in malware and exploits criminal marketplaces or from individuals in addition to purchasing capabilities adversaries may steal capabilities from third party entities including other adversaries this can include stealing software licenses malware ssl and code signing certificates or raiding closed databases of vulnerabilities or exploits,0
adversaries may obtain access to generative artificial intelligence tools such as large language models llms to aid various techniques during targeting these tools may be used to inform bolster and enable variety of malicious tasks including conducting reconnaissance creating basic scripts assisting social engineering and even developing payloads for example by utilizing publicly available llm an adversary is essentially outsourcing or automating certain tasks to the tool using ai the adversary may draft and generate content in variety of written languages to be used in phishing for information campaigns the same publicly available tool may further enable vulnerability or other offensive research supporting develop capabilities ai tools may also automate technical tasks by generating refining or otherwise enhancing obfuscated files or information malicious scripts and payloads finally ai generated text images audio and video may be used for fraud impersonation and other malicious activities,0
adversaries may buy and steal code signing certificates that can be used during targeting code signing is the process of digitally signing executables and scripts to confirm the software author and guarantee that the code has not been altered or corrupted code signing provides level of authenticity for program from the developer and guarantee that the program has not been tampered with users and security tools may trust signed piece of code more than an unsigned piece of code even if they don know who issued the certificate or who the author is prior to code signing adversaries may purchase or steal code signing certificates for use in operations the purchase of code signing certificates may be done using front organization or using information stolen from previously compromised entity that allows the adversary to validate to certificate provider as that entity adversaries may also steal code signing materials directly from compromised third party,0
adversaries may buy and steal ssl certificates that can be used during targeting ssl certificates are designed to instill trust they include information about the key information about its owner identity and the digital signature of an entity that has verified the certificate contents are correct if the signature is valid and the person examining the certificate trusts the signer then they know they can use that key to communicate with its owner adversaries may purchase or steal ssl certificates to further their operations such as encrypting c2 traffic ex asymmetric cryptography with web protocols or even enabling adversary in the middle if the certificate is trusted or otherwise added to the root of trust install root certificate the purchase of digital certificates may be done using front organization or using information stolen from previously compromised entity that allows the adversary to validate to certificate provider as that entity adversaries may also steal certificate materials directly from compromised third party including from certificate authorities adversaries may register or hijack domains that they will later purchase an ssl certificate for certificate authorities exist that allow adversaries to acquire ssl certificates such as domain validation certificates for free after obtaining digital certificate an adversary may then install that certificate see install digital certificate on infrastructure under their control,0
adversaries may buy steal or download exploits that can be used during targeting an exploit takes advantage of bug or vulnerability in order to cause unintended or unanticipated behavior to occur on computer hardware or software rather than developing their own exploits an adversary may find exploits from online or purchase them from exploit vendors in addition to downloading free exploits from the internet adversaries may purchase exploits from third party entities third party entities can include technology companies that specialize in exploit development criminal marketplaces including exploit kits or from individuals in addition to purchasing exploits adversaries may steal and repurpose exploits from third party entities including other adversaries an adversary may monitor exploit provider forums to understand the state of existing as well as newly discovered exploits there is usually delay between when an exploit is discovered and when it is made public an adversary may target the systems of those known to conduct exploit research and development in order to gain that knowledge for use during subsequent operation adversaries may use exploits during various phases of the adversary lifecycle exploit public facing application exploitation for client execution exploitation for privilege escalation exploitation for stealth exploitation for credential access exploitation of remote services and application or system exploitation,0
adversaries may buy steal or download malware that can be used during targeting malicious software can include payloads droppers post compromise tools backdoors packers and c2 protocols adversaries may acquire malware to support their operations obtaining means for maintaining control of remote machines evading defenses and executing post compromise behaviors in addition to downloading free malware from the internet adversaries may purchase these capabilities from third party entities third party entities can include technology companies that specialize in malware development criminal marketplaces including malware as service or maas or from individuals in addition to purchasing malware adversaries may steal and repurpose malware from third party entities including other adversaries,0
adversaries may buy steal or download software tools that can be used during targeting tools can be open or closed source free or commercial tool can be used for malicious purposes by an adversary but unlike malware were not intended to be used for those purposes ex psexec adversaries may obtain tools to support their operations including to support execution of post compromise behaviors tools may also be leveraged for testing for example evaluating malware against commercial antivirus or endpoint detection and response edr applications tool acquisition may involve the procurement of commercial software licenses including for red teaming tools such as cobalt strike in addition to freely downloading or purchasing software adversaries may steal software and software licenses from third party entities including other adversaries threat actors may also crack trial versions of software,0
adversaries may acquire information about vulnerabilities that can be used during targeting vulnerability is weakness in computer hardware or software that can potentially be exploited by an adversary to cause unintended or unanticipated behavior to occur adversaries may find vulnerability information by searching open databases or gaining access to closed vulnerability databases an adversary may monitor vulnerability disclosures to understand the state of existing as well as newly discovered vulnerabilities there is usually delay between when vulnerability is discovered and when it is made public an adversary may target the systems of those known to conduct vulnerability research including commercial vendors knowledge of vulnerability may cause an adversary to search for an existing exploit exploits or to attempt to develop one themselves exploits,0
adversaries may leverage microsoft office based applications for persistence between startups microsoft office is fairly common application suite on windows based operating systems within an enterprise network there are multiple mechanisms that can be used with office for persistence when an office based application is started this can include the use of office template macros and add ins variety of features have been discovered in outlook that can be abused to obtain persistence such as outlook rules forms and home page these persistence mechanisms can work within outlook or be used through office,0
adversaries may abuse microsoft office add ins to obtain persistence on compromised system office add ins can be used to add functionality to office programs there are different types of add ins that can be used by the various office products including word add in libraries wll vba add ins office component object model com add ins automation add ins vba editor vbe visual studio tools for office vsto add ins and outlook add ins add ins can be used to obtain persistence because they can be set to execute code when an office application starts,0
adversaries may abuse microsoft office templates to obtain persistence on compromised system microsoft office contains templates that are part of common office applications and are used to customize styles the base templates within the application are used each time an application starts office visual basic for applications vba macros can be inserted into the base template and used to execute code when the respective office application starts in order to obtain persistence examples for both word and excel have been discovered and published by default word has normal dotm template created that can be modified to include malicious macro excel does not have template file created by default but one can be added that will automatically be loaded shared templates may also be stored and pulled from remote locations word normal dotm location br code excel personal xlsb location br code adversaries may also change the location of the base template to point to their own by hijacking the application search order word will first look for normal dotm under code files x86 microsoft office root office16 or by modifying the globaldotname registry key by modifying the globaldotname registry key an adversary can specify an arbitrary location file name and file extension to use for the template that will be loaded on application startup to abuse globaldotname adversaries may first need to register the template as trusted document or place it in trusted location an adversary may need to enable macros to execute unrestricted depending on the system or enterprise security policy on use of macros,0
adversaries may abuse the microsoft office office test registry key to obtain persistence on compromised system an office test registry location exists that allows user to specify an arbitrary dll that will be executed every time an office application is started this registry key is thought to be used by microsoft to load dlls for testing and debugging purposes while developing office applications this registry key is not created by default during an office installation there exist user and global registry keys for the office test feature such as code hkey current user software microsoft office test special perf code hkey local machine software microsoft office test special perf adversaries may add this registry key and specify malicious dll that will be executed whenever an office application such as word or excel is started,0
adversaries may abuse microsoft outlook forms to obtain persistence on compromised system outlook forms are used as templates for presentation and functionality in outlook messages custom outlook forms can be created that will execute code when specifically crafted email is sent by an adversary utilizing the same custom outlook form once malicious forms have been added to the user mailbox they will be loaded when outlook is started malicious forms will execute when an adversary sends specifically crafted email to the user,0
adversaries may abuse microsoft outlook home page feature to obtain persistence on compromised system outlook home page is legacy feature used to customize the presentation of outlook folders this feature allows for an internal or external url to be loaded and presented whenever folder is opened malicious html page can be crafted that will execute code when loaded by outlook home page once malicious home pages have been added to the user mailbox they will be loaded when outlook is started malicious home pages will execute when the right outlook folder is loaded,0
adversaries may abuse microsoft outlook rules to obtain persistence on compromised system outlook rules allow user to define automated behavior to manage email messages benign rule might for example automatically move an email to particular folder in outlook if it contains specific words from specific sender malicious outlook rules can be created that can trigger code execution when an adversary sends specifically crafted email to that user once malicious rules have been added to the user mailbox they will be loaded when outlook is started malicious rules will execute when an adversary sends specifically crafted email to the user,0
adversaries may attempt to access detailed information about the password policy used within an enterprise network or cloud environment password policies are way to enforce complex passwords that are difficult to guess or crack through brute force this information may help the adversary to create list of common passwords and launch dictionary and brute force attacks which adheres to the policy if the minimum password length should be then not trying passwords such as pass123 not checking for more than passwords per account if the lockout is set to as to not lock out accounts password policies can be set and discovered on windows linux and macos systems via various command shell utilities such as code net accounts code get addefaultdomainpasswordpolicy code chage username code cat and code pwpolicy getaccountpolicies adversaries may also leverage network device cli on network devices to discover password policy information code show aaa code show aaa common criteria policy all password policies can be discovered in cloud environments using available apis such as code getaccountpasswordpolicy in aws,1
adversaries may attempt to gather information about attached peripheral devices and components connected to computer system peripheral devices could include auxiliary resources that support variety of functionalities such as keyboards printers cameras smart card readers or removable storage the information may be used to enhance their awareness of the system and network environment or may be used for further actions,1
adversaries may attempt to discover group and permission settings this information can help adversaries determine which user accounts and groups are available the membership of users in particular groups and which users and groups have elevated permissions adversaries may attempt to discover group permission settings in many different ways this data may provide the adversary with information about the compromised environment that can be used in follow on activity and targeting,1
adversaries may attempt to find cloud groups and permission settings the knowledge of cloud permission groups can help adversaries determine the particular roles of users and groups within an environment as well as which users are associated with particular group with authenticated access there are several tools that can be used to find permissions groups the code get msolrole powershell cmdlet can be used to obtain roles and permissions groups for exchange and office accounts azure cli az cli and the google cloud identity provider api also provide interfaces to obtain permissions groups the command code az ad user get member groups will list groups associated to user account for azure while the api endpoint code get lists group resources available to user for google in aws the commands listrolepolicies and listattachedrolepolicies allow users to enumerate the policies attached to role adversaries may attempt to list acls for objects to determine the owner and other accounts with access to the object for example via the aws code getbucketacl api using this information an adversary can target accounts with permissions to given object or leverage accounts they have already compromised to access the object,0
adversaries may attempt to find domain level groups and permission settings the knowledge of domain level permission groups can help adversaries determine which groups exist and which users belong to particular group adversaries may use this information to determine which users have elevated permissions such as domain administrators commands such as code net group of the net utility code dscacheutil group on macos and code ldapsearch on linux can list domain level groups,1
adversaries may attempt to find local system groups and permission settings the knowledge of local system permission groups can help adversaries determine which groups exist and which users belong to particular group adversaries may use this information to determine which users have elevated permissions such as the users found within the local administrators group commands such as code net localgroup of the net utility code dscl list on macos and code groups on linux can list local groups,1
adversaries may send phishing messages to gain access to victim systems all forms of phishing are electronically delivered social engineering phishing can be targeted known as spearphishing in spearphishing specific individual company or industry will be targeted by the adversary more generally adversaries can conduct non targeted phishing such as in mass malware spam campaigns adversaries may send victims emails containing malicious attachments or links typically to execute malicious code on victim systems phishing may also be conducted via third party services like social media platforms phishing may also involve social engineering techniques such as posing as trusted source as well as evasive techniques such as removing or manipulating emails or metadata from compromised accounts being abused to send messages email hiding rules another way to accomplish this is by email spoofing the identity of the sender which can be used to fool both the human recipient as well as automated security tools or by including the intended target as party to an existing email thread that includes malicious files or links thread hijacking victims may also receive phishing messages that instruct them to call phone number where they are directed to visit malicious url download malware or install adversary accessible remote management tools onto their computer user execution,1
adversaries may send phishing messages to elicit sensitive information that can be used during targeting phishing for information is an attempt to trick targets into divulging information frequently credentials or other actionable information phishing for information is different from phishing in that the objective is gathering data from the victim rather than executing malicious code all forms of phishing are electronically delivered social engineering phishing can be targeted known as spearphishing in spearphishing specific individual company or industry will be targeted by the adversary more generally adversaries can conduct non targeted phishing such as in mass credential harvesting campaigns adversaries may also try to obtain information directly through the exchange of emails instant messages or other electronic conversation means victims may also receive phishing messages that direct them to call phone number where the adversary attempts to collect confidential information phishing for information frequently involves social engineering techniques such as posing as source with reason to collect information ex establish accounts or compromise accounts and sending multiple seemingly urgent messages another way to accomplish this is by email spoofing the identity of the sender which can be used to fool both the human recipient as well as automated security tools phishing for information may also involve evasive techniques such as removing or manipulating emails or metadata from compromised accounts being abused to send messages email hiding rules,0
adversaries may send spearphishing messages with malicious attachment to elicit sensitive information that can be used during targeting spearphishing for information is an attempt to trick targets into divulging information frequently credentials or other actionable information spearphishing for information frequently involves social engineering techniques such as posing as source with reason to collect information ex establish accounts or compromise accounts and sending multiple seemingly urgent messages all forms of spearphishing are electronically delivered social engineering targeted at specific individual company or industry in this scenario adversaries attach file to the spearphishing email in some cases they may rely upon the recipient populating information then returning the file the text of the spearphishing email usually tries to give plausible reason why the file should be filled in such as request for information from business associate in other cases adversaries may leverage techniques such as html smuggling to harvest user credentials via fake login portals adversaries may also use information from previous reconnaissance efforts ex search open websites or search victim owned websites to craft persuasive and believable lures,0
adversaries may send spearphishing messages with malicious link to elicit sensitive information that can be used during targeting spearphishing for information is an attempt to trick targets into divulging information frequently credentials or other actionable information spearphishing for information frequently involves social engineering techniques such as posing as source with reason to collect information ex establish accounts or compromise accounts and sending multiple seemingly urgent messages all forms of spearphishing are electronically delivered social engineering targeted at specific individual company or industry in this scenario the malicious emails contain links generally accompanied by social engineering text to coax the user to actively click or copy and paste url into browser the given website may be clone of legitimate site such as an online or corporate login portal or may closely resemble legitimate site in appearance and have url containing elements from the real site urls may also be obfuscated by taking advantage of quirks in the url schema such as the acceptance of integer or hexadecimal based hostname formats and the automatic discarding of text before an symbol for example hxxp adversaries may also embed tracking pixels web bugs or web beacons within phishing messages to verify the receipt of an email while also potentially profiling and tracking victim information such as ip address these mechanisms often appear as small images typically one pixel in size or otherwise obfuscated objects and are typically delivered as html code containing link to remote server adversaries may also be able to spoof complete website using what is known as browser in the browser bitb attack by generating fake browser popup window with an html based address bar that appears to contain legitimate url such as an authentication portal they may be able to prompt users to enter their credentials while bypassing typical url verification methods adversaries can use phishing kits such as evilproxy and evilginx2 to perform adversary in the middle phishing by proxying the connection between the victim and the legitimate website on successful login the victim is redirected to the legitimate website while the adversary captures their session cookie steal web session cookie in addition to their username and password this may enable the adversary to then bypass mfa via web session cookie adversaries may also send malicious link in the form of quick response qr codes also known as quishing these links may direct victim to credential phishing page by using qr code the url may not be exposed in the email and may thus go undetected by most automated email security scans these qr codes may be scanned by or delivered directly to user mobile device phishing which may be less secure in several relevant ways for example mobile users may not be able to notice minor differences between genuine and credential harvesting websites due to mobile smaller form factor from the fake website information is gathered in web forms and sent to the adversary adversaries may also use information from previous reconnaissance efforts ex search open websites or search victim owned websites to craft persuasive and believable lures,0
adversaries may send spearphishing messages via third party services to elicit sensitive information that can be used during targeting spearphishing for information is an attempt to trick targets into divulging information frequently credentials or other actionable information spearphishing for information frequently involves social engineering techniques such as posing as source with reason to collect information ex establish accounts or compromise accounts and sending multiple seemingly urgent messages all forms of spearphishing are electronically delivered social engineering targeted at specific individual company or industry in this scenario adversaries send messages through various social media services personal webmail and other non enterprise controlled services these services are more likely to have less strict security policy than an enterprise as with most kinds of spearphishing the goal is to generate rapport with the target or get the target interest in some way adversaries may create fake social media accounts and message employees for potential job opportunities doing so allows plausible reason for asking about services policies and information about their environment adversaries may also use information from previous reconnaissance efforts ex social media or search victim owned websites to craft persuasive and believable lures,0
adversaries may use voice communications to elicit sensitive information that can be used during targeting spearphishing for information is an attempt to trick targets into divulging information frequently credentials or other actionable information spearphishing for information frequently involves social engineering techniques such as posing as source with reason to collect information ex impersonation and creating sense of urgency or alarm for the recipient all forms of phishing are electronically delivered social engineering in this scenario adversaries use phone calls to elicit sensitive information from victims known as voice phishing or vishing these communications can be manually executed by adversaries hired call centers or even automated via robocalls voice phishers may spoof their phone number while also posing as trusted entity such as business partner or technical support staff victims may also receive phishing messages that direct them to call phone number callback phishing where the adversary attempts to collect confidential information adversaries may also use information from previous reconnaissance efforts ex search open websites or search victim owned websites to tailor pretexts to be even more persuasive and believable for the victim,0
adversaries may send spearphishing emails with malicious attachment in an attempt to gain access to victim systems spearphishing attachment is specific variant of spearphishing spearphishing attachment is different from other forms of spearphishing in that it employs the use of malware attached to an email all forms of spearphishing are electronically delivered social engineering targeted at specific individual company or industry in this scenario adversaries attach file to the spearphishing email and usually rely upon user execution to gain execution spearphishing may also involve social engineering techniques such as posing as trusted source there are many options for the attachment such as microsoft office documents executables pdfs or archived files upon opening the attachment and potentially clicking past protections the adversary payload exploits vulnerability or directly executes on the user system the text of the spearphishing email usually tries to give plausible reason why the file should be opened and may explain how to bypass system protections in order to do so the email may also contain instructions on how to decrypt an attachment such as zip file password in order to evade email boundary defenses adversaries frequently manipulate file extensions and icons in order to make attached executables appear to be document files or files exploiting one application appear to be file for different one,1
adversaries may send spearphishing emails with malicious link in an attempt to gain access to victim systems spearphishing with link is specific variant of spearphishing it is different from other forms of spearphishing in that it employs the use of links to download malware contained in email instead of attaching malicious files to the email itself to avoid defenses that may inspect email attachments spearphishing may also involve social engineering techniques such as posing as trusted source all forms of spearphishing are electronically delivered social engineering targeted at specific individual company or industry in this case the malicious emails contain links generally the links will be accompanied by social engineering text and require the user to actively click or copy and paste url into browser leveraging user execution the visited website may compromise the web browser using an exploit or the user will be prompted to download applications documents zip files or even executables depending on the pretext for the email in the first place adversaries may also include links that are intended to interact directly with an email reader including embedded images intended to exploit the end system directly additionally adversaries may use seemingly benign links that abuse special characters to mimic legitimate websites known as an idn homograph attack urls may also be obfuscated by taking advantage of quirks in the url schema such as the acceptance of integer or hexadecimal based hostname formats and the automatic discarding of text before an symbol for example hxxp adversaries may also utilize links to perform consent phishing campaigns to steal application access token that grant immediate access to the victim environment for example user may be lured into granting adversaries permissions via malicious oauth request url that when accepted by the user provide permissions for malicious applications these stolen access tokens allow the adversary to perform various actions on behalf of the user via api calls similarly malicious links may also target device based authorization such as oauth device authorization grant flow which is typically used to authenticate devices without uis known as device code phishing an adversary may send link that directs the victim to malicious authorization page where the user is tricked into entering code that produces device token,1
adversaries may use voice communications to ultimately gain access to victim systems spearphishing voice is specific variant of spearphishing it is different from other forms of spearphishing in that it employs the use of manipulating user into providing access to systems through phone call or other forms of voice communications spearphishing frequently involves social engineering techniques such as posing as trusted source ex impersonation and creating sense of urgency or alarm for the recipient all forms of phishing are electronically delivered social engineering in this scenario adversaries are not directly sending malware to victim vice relying on user execution for delivery and execution for example victims may receive phishing messages that instruct them to call phone number where they are directed to visit malicious url download malware or install adversary accessible remote management tools remote access tools onto their computer adversaries may also combine voice phishing with multi factor authentication request generation in order to trick users into divulging mfa credentials or accepting authentication prompts,1
adversaries may send spearphishing messages via third party services in an attempt to gain access to victim systems spearphishing via service is specific variant of spearphishing it is different from other forms of spearphishing in that it employs the use of third party services rather than directly via enterprise email channels all forms of spearphishing are electronically delivered social engineering targeted at specific individual company or industry in this scenario adversaries send messages through various social media services personal webmail and other non enterprise controlled services these services are more likely to have less strict security policy than an enterprise as with most kinds of spearphishing the goal is to generate rapport with the target or get the target interest in some way adversaries will create fake social media accounts and message employees for potential job opportunities doing so allows plausible reason for asking about services policies and software that running in an environment the adversary can then send malicious links or attachments through these services common example is to build rapport with target via social media then send content to personal webmail service that the target uses on their work computer this allows an adversary to bypass some email restrictions on the work account and the target is more likely to open the file since it something they were expecting if the payload doesn work as expected the adversary can continue normal communications and troubleshoot with the target on how to get it working,1
adversaries may modify property list files plist files to enable other malicious activity while also potentially evading and bypassing system defenses macos applications use plist files such as the code info plist file to store properties and configuration settings that inform the operating system how to handle the application at runtime plist files are structured metadata in key value pairs formatted in xml based on apple core foundation dtd plist files can be saved in text or binary format adversaries can modify key value pairs in plist files to influence system behaviors such as hiding the execution of an application hidden window or running additional commands for persistence ex launch agent daemon or re opened applications for example adversaries can add malicious application path to the file which controls apps that appear in the dock adversaries can also modify the code lsuielement key in an application code info plist file to run the app in the background adversaries can also insert key value pairs to insert environment variables such as code lsenvironment to enable persistence via dynamic linker hijacking,0
adversaries may manipulate continuous integration continuous development ci processes by injecting malicious code into the build process there are several mechanisms for poisoning pipelines in direct pipeline execution scenario the threat actor directly modifies the ci configuration file gitlab ci yml in gitlab they may include command to exfiltrate credentials leveraged in the build process to remote server or to export them as workflow artifact in an indirect pipeline execution scenario the threat actor injects malicious code into files referenced by the ci configuration file these may include makefiles scripts unit tests and linters in public pipeline execution scenario the threat actor does not have direct access to the repository but instead creates malicious pull request from fork that triggers part of the ci pipeline for example in github actions the pull request target trigger allows workflows running from forked repositories to access secrets if this trigger is combined with an explicit pull request checkout and location for threat actor to insert malicious code an npm build command threat actor may be able to leak pipeline credentials similarly threat actors may craft pull requests with malicious inputs such as branch names if the build pipeline treats those inputs as trusted finally if pipeline leverages self hosted runner threat actor may be able to execute arbitrary code on host inside the organization network by poisoning ci pipelines threat actors may be able to gain access to credentials laterally move to additional hosts or input malicious components to be shipped further down the pipeline supply chain compromise,0
adversaries may impair system ability to hibernate reboot or shut down in order to extend access to infected machines when computer enters dormant state some or all software and hardware may cease to operate which can disrupt malicious activity adversaries may abuse system utilities and configuration settings to maintain access by preventing machines from entering state such as standby that can terminate malicious activity for example powercfg controls all configurable power system settings on windows system and can be abused to prevent an infected host from locking or shutting down adversaries may also extend system lock screen timeout settings other relevant settings such as disk and hibernate timeout can be similarly abused to keep the infected machine running even if no user is active aware that some malware cannot survive system reboots adversaries may entirely delete files used to invoke system shut down or reboot,1
adversaries may abuse pre os boot mechanisms as way to establish persistence on system during the booting process of computer firmware and various startup services are loaded before the operating system these programs control flow of execution before the operating system takes control adversaries may overwrite data in boot drivers or firmware such as bios basic input system and the unified extensible firmware interface uefi to persist on systems at layer below the operating system this can be particularly difficult to detect as malware at this level will not be detected by host software based defenses,1
adversaries may use bootkits to persist on systems bootkit is malware variant that modifies the boot sectors of hard drive allowing malicious code to execute before computer operating system has loaded bootkits reside at layer below the operating system and may make it difficult to perform full remediation unless an organization suspects one was used and can act accordingly in bios systems bootkit may modify the master boot record mbr and volume boot record vbr the mbr is the section of disk that is first loaded after completing hardware initialization by the bios it is the location of the boot loader an adversary who has raw access to the boot drive may overwrite this area diverting execution during startup from the normal boot loader to adversary code the mbr passes control of the boot process to the vbr similar to the case of mbr an adversary who has raw access to the boot drive may overwrite the vbr to divert execution during startup to adversary code in uefi unified extensible firmware interface systems bootkit may instead create or modify files in the efi system partition esp the esp is partition on data storage used by devices containing uefi that allows the system to boot the os and other utilities used by the system an adversary can use the newly created or patched files in the esp to run malicious kernel code,1
adversaries may modify component firmware to persist on systems some adversaries may employ sophisticated means to compromise computer components and install malicious firmware that will execute adversary code outside of the operating system and main system firmware or bios this technique may be similar to system firmware but conducted upon other system components that may not have the same capability or level of integrity checking malicious component firmware could provide both persistent level of access to systems despite potential typical failures to maintain access and hard disk re images as well as way to evade host software based defenses and integrity checks,1
adversaries may abuse the rom monitor rommon by loading an unauthorized firmware with adversary code to provide persistent access and manipulate device behavior that is difficult to detect rommon is cisco network device firmware that functions as boot loader boot image or boot helper to initialize hardware and software when the platform is powered on or reset similar to tftp boot an adversary may upgrade the rommon image locally or remotely for example through tftp with adversary code and restart the device in order to overwrite the existing rommon image this provides adversaries with the means to update the rommon to gain persistence on system in way that may be difficult to detect,0
adversaries may modify system firmware to persist on systems the bios basic input system and the unified extensible firmware interface uefi or extensible firmware interface efi are examples of system firmware that operate as the software interface between the operating system and hardware of computer system firmware like bios and efi underly the functionality of computer and may be modified by an adversary to perform or assist in malicious activity capabilities exist to overwrite the system firmware which may give sophisticated adversaries means to install malicious firmware updates as means of persistence on system that may be difficult to detect,0
adversaries may abuse netbooting to load an unauthorized network device operating system from trivial file transfer protocol tftp server tftp boot netbooting is commonly used by network administrators to load configuration controlled network device images from centralized management server netbooting is one option in the boot sequence and can be used to centralize manage and control device images adversaries may manipulate the configuration on the network device specifying use of malicious tftp server which may be used in conjunction with modify system image to load modified image on device startup or reset the unauthorized image allows adversaries to modify device configuration add malicious capabilities to the device and introduce backdoors to maintain control of the network device while minimizing detection through use of standard functionality this technique is similar to rommonkit and may result in the network device running modified image,0
adversaries may impair command history logging to hide commands they run on compromised system various command interpreters keep track of the commands users type in their terminal so that users can retrace what they have done on linux and macos command history is tracked in file pointed to by the environment variable histfile when user logs off system this information is flushed to file in the user home directory called the histcontrol environment variable keeps track of what should be saved by the history command and eventually into the file when user logs out histcontrol does not exist by default on macos but can be set by the user and will be respected the histfile environment variable is also used in some esxi systems adversaries may clear the history environment variable unset histfile or set the command history size to zero export histfilesize to prevent logging of commands additionally histcontrol can be configured to ignore commands that start with space by simply setting it to ignorespace histcontrol can also be set to ignore duplicate commands by setting it to ignoredups in some linux systems this is set by default to ignoreboth which covers both of the previous examples this means that ls will not be saved but ls would be saved by history adversaries can abuse this to operate without leaving traces by simply prepending space to all of their terminal commands on windows systems the psreadline module tracks commands used in all powershell sessions and writes them to file env appdata microsoft windows powershell psreadline consolehost history txt by default adversaries may change where these logs are saved using set psreadlineoption historysavepath file path this will cause consolehost history txt to stop receiving logs additionally it is possible to turn off logging to this file using the powershell command set psreadlineoption historysavestyle savenothing adversaries may also leverage network device cli on network devices to disable historical command logging no logging,1
adversaries may attempt to get information about running processes on system information obtained could be used to gain an understanding of common software running on systems within the network administrator or otherwise elevated access may provide better process details adversaries may use the information from process discovery during automated discovery to shape follow on behaviors including whether or not the adversary fully infects the target and attempts specific actions in windows environments adversaries could obtain details on running processes using the tasklist utility via cmd or code get process via powershell information about processes can also be extracted from the output of native api calls such as code createtoolhelp32snapshot in mac and linux this is accomplished with the code ps command adversaries may also opt to enumerate processes via esxi also supports use of the ps command as well as esxcli system process list on network devices network device cli commands such as show processes can be used to display current running processes,1
adversaries may inject code into processes in order to evade process based defenses as well as possibly elevate privileges process injection is method of executing arbitrary code in the address space of separate live process running code in the context of another process may allow access to the process memory system resources and possibly elevated privileges execution via process injection may also evade detection from security products since the execution is masked under legitimate process there are many different ways to inject code into process many of which abuse legitimate functionalities these implementations exist for every major os but are typically platform specific more sophisticated samples may perform multiple process injections to segment modules and further evade detection utilizing named pipes or other inter process communication ipc mechanisms as communication channel,1
adversaries may inject malicious code into processes via the asynchronous procedure call apc queue in order to evade process based defenses as well as possibly elevate privileges apc injection is method of executing arbitrary code in the address space of separate live process apc injection is commonly performed by attaching malicious code to the apc queue of process thread queued apc functions are executed when the thread enters an alterable state handle to an existing victim process is first created with native windows api calls such as code openthread at this point code queueuserapc can be used to invoke function such as code loadlibraya pointing to malicious dll variation of apc injection dubbed early bird injection involves creating suspended process in which malicious code can be written and executed before the process entry point and potentially subsequent anti malware hooks via an apc atombombing is another variation that utilizes apcs to invoke malicious code previously written to the global atom table running code in the context of another process may allow access to the process memory system resources and possibly elevated privileges execution via apc injection may also evade detection from security products since the execution is masked under legitimate process,0
adversaries may inject dynamic link libraries dlls into processes in order to evade process based defenses as well as possibly elevate privileges dll injection is method of executing arbitrary code in the address space of separate live process dll injection is commonly performed by writing the path to dll in the virtual address space of the target process before loading the dll by invoking new thread the write can be performed with native windows api calls such as code virtualallocex and code writeprocessmemory then invoked with code createremotethread which calls the code loadlibrary api responsible for loading the dll variations of this method such as reflective dll injection writing self mapping dll into process and memory module map dll when writing into process overcome the address relocation issue as well as the additional apis to invoke execution since these methods load and execute the files in memory by manually preforming the function of code loadlibrary another variation of this method often referred to as module stomping or dll hollowing may be leveraged to conceal injected code within process this method involves loading legitimate dll into remote process then manually overwriting the module code addressofentrypoint before starting new thread in the target process this variation allows attackers to hide malicious injected code by potentially backing its execution with legitimate dll file on disk running code in the context of another process may allow access to the process memory system resources and possibly elevated privileges execution via dll injection may also evade detection from security products since the execution is masked under legitimate process,0
adversaries may inject malicious code into process via extra window memory ewm in order to evade process based defenses as well as possibly elevate privileges ewm injection is method of executing arbitrary code in the address space of separate live process before creating window graphical windows based processes must prescribe to or register windows class which stipulate appearance and behavior via windows procedures which are functions that handle input of data registration of new windows classes can include request for up to bytes of ewm to be appended to the allocated memory of each instance of that class this ewm is intended to store data specific to that window and has specific application programming interface api functions to set and get its value although small the ewm is large enough to store bit pointer and is often used to point to windows procedure malware may possibly utilize this memory location in part of an attack chain that includes writing code to shared sections of the process memory placing pointer to the code in ewm then invoking execution by returning execution control to the address in the process ewm execution granted through ewm injection may allow access to both the target process memory and possibly elevated privileges writing payloads to shared sections also avoids the use of highly monitored api calls such as code writeprocessmemory and code createremotethread more sophisticated malware samples may also potentially bypass protection mechanisms such as data execution prevention dep by triggering combination of windows procedures and other system functions that will rewrite the malicious payload inside an executable portion of the target process running code in the context of another process may allow access to the process memory system resources and possibly elevated privileges execution via ewm injection may also evade detection from security products since the execution is masked under legitimate process,0
adversaries may abuse list view controls to inject malicious code into hijacked processes in order to evade process based defenses as well as possibly elevate privileges listplanting is method of executing arbitrary code in the address space of separate live process code executed via listplanting may also evade detection from security products since the execution is masked under legitimate process list view controls are user interface windows used to display collections of items information about an application list view settings are stored within the process memory in code syslistview32 control listplanting form of message passing shatter attack may be performed by copying code into the virtual address space of process that uses list view control then using that code as custom callback for sorting the listed items adversaries must first copy code into the target process memory space which can be performed various ways including by directly obtaining handle to the code syslistview32 child of the victim process window via windows api calls such as code findwindow and code enumwindows or other process injection methods some variations of listplanting may allocate memory in the target process but then use window messages to copy the payload to avoid the use of the highly monitored code writeprocessmemory function for example an adversary can use the code postmessage and code sendmessage api functions to send code lvm setitemposition and code lvm getitemposition messages effectively copying payload bytes at time to the allocated memory finally the payload is triggered by sending the code lvm sortitems message to the code syslistview32 child of the process window with the payload within the newly allocated buffer passed and executed as the code listview sortitems callback,0
adversaries may inject portable executables pe into processes in order to evade process based defenses as well as possibly elevate privileges pe injection is method of executing arbitrary code in the address space of separate live process pe injection is commonly performed by copying code perhaps without file on disk into the virtual address space of the target process before invoking it via new thread the write can be performed with native windows api calls such as code virtualallocex and code writeprocessmemory then invoked with code createremotethread or additional code ex shellcode the displacement of the injected code does introduce the additional requirement for functionality to remap memory references running code in the context of another process may allow access to the process memory system resources and possibly elevated privileges execution via pe injection may also evade detection from security products since the execution is masked under legitimate process,0
adversaries may inject malicious code into processes via the filesystem in order to evade process based defenses as well as possibly elevate privileges proc memory injection is method of executing arbitrary code in the address space of separate live process proc memory injection involves enumerating the memory of process via the filesystem code then crafting return oriented programming rop payload with available gadgets each running process has its own directory which includes memory mappings proc memory injection is commonly performed by overwriting the target processes stack using memory mappings provided by the filesystem this information can be used to enumerate offsets including the stack and gadgets or instructions within the program that can be used to build malicious payload otherwise hidden by process memory protections such as address space layout randomization aslr once enumerated the target processes memory map within code can be overwritten using dd other techniques such as dynamic linker hijacking may be used to populate target process with more available gadgets similar to process hollowing proc memory injection may target child processes such as backgrounded copy of sleep running code in the context of another process may allow access to the process memory system resources and possibly elevated privileges execution via proc memory injection may also evade detection from security products since the execution is masked under legitimate process,1
adversaries may inject malicious code into process via process doppelg nging in order to evade process based defenses as well as possibly elevate privileges process doppelg nging is method of executing arbitrary code in the address space of separate live process windows transactional ntfs txf was introduced in vista as method to perform safe file operations to ensure data integrity txf enables only one transacted handle to write to file at given time until the write handle transaction is terminated all other handles are isolated from the writer and may only read the committed version of the file that existed at the time the handle was opened to avoid corruption txf performs an automatic rollback if the system or application fails during write transaction although deprecated the txf application programming interface api is still enabled as of windows adversaries may abuse txf to perform file less variation of process injection similar to process hollowing process doppelg nging involves replacing the memory of legitimate process enabling the veiled execution of malicious code that may evade defenses and detection process doppelg nging use of txf also avoids the use of highly monitored api functions such as code ntunmapviewofsection code virtualprotectex and code setthreadcontext process doppelg nging is implemented in steps transact create txf transaction using legitimate executable then overwrite the file with malicious code these changes will be isolated and only visible within the context of the transaction load create shared section of memory and load the malicious executable rollback undo changes to original executable effectively removing malicious code from the file system animate create process from the tainted section of memory and initiate execution this behavior will likely not result in elevated privileges since the injected process was spawned from and thus inherits the security context of the injecting process however execution via process doppelg nging may evade detection from security products since the execution is masked under legitimate process,0
adversaries may inject malicious code into suspended and hollowed processes in order to evade process based defenses process hollowing is method of executing arbitrary code in the address space of separate live process process hollowing is commonly performed by creating process in suspended state then unmapping its memory which can then be replaced with malicious code victim process can be created with native windows api calls such as code createprocess which includes flag to suspend the processes primary thread at this point the process can be unmapped using apis calls such as code zwunmapviewofsection or code ntunmapviewofsection before being written to realigned to the injected code and resumed via code virtualallocex code writeprocessmemory code setthreadcontext then code resumethread respectively this is very similar to thread local storage but creates new process rather than targeting an existing process this behavior will likely not result in elevated privileges since the injected process was spawned from and thus inherits the security context of the injecting process however execution via process hollowing may also evade detection from security products since the execution is masked under legitimate process,0
adversaries may inject malicious code into processes via ptrace process trace system calls in order to evade process based defenses as well as possibly elevate privileges ptrace system call injection is method of executing arbitrary code in the address space of separate live process ptrace system call injection involves attaching to and modifying running process the ptrace system call enables debugging process to observe and control another process and each individual thread including changing memory and register values ptrace system call injection is commonly performed by writing arbitrary code into running process ex code malloc then invoking that memory with code ptrace setregs to set the register containing the next instruction to execute ptrace system call injection can also be done with code ptrace poketext which copy data to specific address in the target processes memory ex the current address of the next instruction ptrace system call injection may not be possible targeting processes that are non child processes and have higher privileges running code in the context of another process may allow access to the process memory system resources and possibly elevated privileges execution via ptrace system call injection may also evade detection from security products since the execution is masked under legitimate process,1
adversaries may inject malicious code into hijacked processes in order to evade process based defenses as well as possibly elevate privileges thread execution hijacking is method of executing arbitrary code in the address space of separate live process thread execution hijacking is commonly performed by suspending an existing process then unmapping its memory which can then be replaced with malicious code or the path to dll handle to an existing victim process is first created with native windows api calls such as code openthread at this point the process can be suspended then written to realigned to the injected code and resumed via code suspendthread code virtualallocex code writeprocessmemory code setthreadcontext then code resumethread respectively this is very similar to process hollowing but targets an existing process rather than creating process in suspended state running code in the context of another process may allow access to the process memory system resources and possibly elevated privileges execution via thread execution hijacking may also evade detection from security products since the execution is masked under legitimate process,0
adversaries may inject malicious code into processes via thread local storage tls callbacks in order to evade process based defenses as well as possibly elevate privileges tls callback injection is method of executing arbitrary code in the address space of separate live process tls callback injection involves manipulating pointers inside portable executable pe to redirect process to malicious code before reaching the code legitimate entry point tls callbacks are normally used by the os to setup and cleanup data used by threads manipulating tls callbacks may be performed by allocating and writing to specific offsets within process memory space using other process injection techniques such as process hollowing running code in the context of another process may allow access to the process memory system resources and possibly elevated privileges execution via tls callback injection may also evade detection from security products since the execution is masked under legitimate process,0
adversaries may inject malicious code into processes via vdso hijacking in order to evade process based defenses as well as possibly elevate privileges virtual dynamic shared object vdso hijacking is method of executing arbitrary code in the address space of separate live process vdso hijacking involves redirecting calls to dynamically linked shared libraries memory protections may prevent writing executable code to process via ptrace system calls however an adversary may hijack the syscall interface code stubs mapped into process from the vdso shared object to execute syscalls to open and map malicious shared object this code can then be invoked by redirecting the execution flow of the process via patched memory address references stored in process global offset table which store absolute addresses of mapped library functions running code in the context of another process may allow access to the process memory system resources and possibly elevated privileges execution via vdso hijacking may also evade detection from security products since the execution is masked under legitimate process,1
adversaries may tunnel network communications to and from victim system within separate protocol to avoid detection filtering and enable access to otherwise unreachable systems tunneling involves explicitly encapsulating protocol within another this behavior may conceal malicious traffic by blending in with existing traffic and provide an outer layer of encryption similar to vpn tunneling could also enable routing of network packets that would otherwise not reach their intended destination such as smb rdp or other traffic that would be filtered by network appliances or not routed over the internet there are various means to encapsulate protocol within another protocol for example adversaries may perform ssh tunneling also known as ssh port forwarding which involves forwarding arbitrary data over an encrypted ssh tunnel protocol tunneling may also be abused by adversaries during dynamic resolution known as dns over doh queries to resolve c2 infrastructure may be encapsulated within encrypted packets adversaries may also leverage protocol tunneling in conjunction with proxy and protocol or service impersonation to further conceal c2 communications and infrastructure,1
adversaries may use connection proxy to direct network traffic between systems or act as an intermediary for network communications to command and control server to avoid direct connections to their infrastructure many tools exist that enable traffic redirection through proxies or port redirection including htran zxproxy and zxportmap adversaries use these types of proxies to manage command and control communications reduce the number of simultaneous outbound network connections provide resiliency in the face of connection loss or to ride over existing trusted communications paths between victims to avoid suspicion adversaries may chain together multiple proxies to further disguise the source of malicious traffic adversaries can also take advantage of routing schemes in content delivery networks cdns to proxy command and control traffic,1
adversaries may take advantage of routing schemes in content delivery networks cdns and other services which host multiple domains to obfuscate the intended destination of traffic or traffic tunneled through domain fronting involves using different domain names in the sni field of the tls header and the host field of the http header if both domains are served from the same cdn then the cdn may route to the address specified in the http header after unwrapping the tls header variation of the the technique domainless fronting utilizes sni field that is left blank this may allow the fronting to work even when the cdn attempts to validate that the sni and http host fields match if the blank sni fields are ignored for example if domain and domain are customers of the same cdn it is possible to place domain in the tls header and domain in the http header traffic will appear to be going to domain however the cdn may route it to domain,1
adversaries may use an external proxy to act as an intermediary for network communications to command and control server to avoid direct connections to their infrastructure many tools exist that enable traffic redirection through proxies or port redirection including htran zxproxy and zxportmap adversaries use these types of proxies to manage command and control communications to provide resiliency in the face of connection loss or to ride over existing trusted communications paths to avoid suspicion external connection proxies are used to mask the destination of c2 traffic and are typically implemented with port redirectors compromised systems outside of the victim environment may be used for these purposes as well as purchased infrastructure such as cloud based resources or virtual private servers proxies may be chosen based on the low likelihood that connection to them from compromised system would be investigated victim systems would communicate directly with the external proxy on the internet and then the proxy would forward communications to the c2 server,1
adversaries may use an internal proxy to direct command and control traffic between two or more systems in compromised environment many tools exist that enable traffic redirection through proxies or port redirection including htran zxproxy and zxportmap adversaries use internal proxies to manage command and control communications inside compromised environment to reduce the number of simultaneous outbound network connections to provide resiliency in the face of connection loss or to ride over existing trusted communications paths between infected systems to avoid suspicion internal proxy connections may use common peer to peer p2p networking protocols such as smb to better blend in with the environment by using compromised internal system as proxy adversaries may conceal the true destination of c2 traffic while reducing the need for numerous connections to external systems,1
adversaries may chain together multiple proxies to disguise the source of malicious traffic typically defender will be able to identify the last proxy traffic traversed before it enters their network the defender may or may not be able to identify any previous proxies before the last hop proxy this technique makes identifying the original source of the malicious traffic even more difficult by requiring the defender to trace malicious traffic through several proxies to identify its source for example adversaries may construct or use onion routing networks such as the publicly available tor network to transport encrypted c2 traffic through compromised population allowing communication with any device within the network adversaries may also use operational relay box orb networks composed of virtual private servers vps internet of things iot devices smart devices and end of life routers to obfuscate their operations in the case of network infrastructure it is possible for an adversary to leverage multiple compromised devices to create multi hop proxy chain network devices by leveraging patch system image on routers adversaries can add custom code to the affected network devices that will implement onion routing between those nodes this method is dependent upon the network boundary bridging method allowing the adversaries to cross the protected network boundary of the internet perimeter and into the organization wide area network wan protocols such as icmp may be used as transport similarly adversaries may abuse peer to peer p2p and blockchain oriented infrastructure to implement routing between decentralized network of peers,1
adversaries may query publicly accessible artificial intelligence ai services such as large language models llms to support targeting and operations in addition to searching websites or databases directly search open websites adversaries may use ai services to synthesize aggregate and analyze publicly available information at scale this may include identifying individuals or organizations to target researching organizational structures and personnel identifying technologies used by target organizations researching business relationships to develop plausible pretexts for social engineering approaches identifying contact information for use in phishing or phishing for information or gathering derogatory or sensitive information about individuals that may be used for extortion or coercion information gathered through ai services may be leveraged for other behaviors such as establishing operational resources generate content or establish accounts for obtaining access to ai tools and services see artificial intelligence,0
adversaries may interact with the windows registry to gather information about the system configuration and installed software the registry contains significant amount of information about the operating system configuration software and security information can easily be queried using the reg utility though other means to access the registry exist some of the information may help adversaries to further their operation within network adversaries may use the information from query registry during automated discovery to shape follow on behaviors including whether or not the adversary fully infects the target and attempts specific actions,0
adversaries may reflectively load code into process in order to conceal the execution of malicious payloads reflective loading involves allocating then executing payloads directly within the memory of the process vice creating thread or process backed by file path on disk shared modules reflectively loaded payloads may be compiled binaries anonymous files only present in ram or just snubs of fileless executable code ex position independent shellcode for example the assembly load method executed by powershell may be abused to load raw code into the running process reflective code injection is very similar to process injection except that the injection loads code into the processes own memory instead of that of separate process reflective loading may evade process based detections since the execution of the arbitrary code may be masked within legitimate or otherwise benign process reflectively loading payloads directly into memory may also avoid creating files or other artifacts on disk while also enabling malware to keep these payloads encrypted or otherwise obfuscated until execution,1
an adversary may use legitimate remote access tools to establish an interactive command and control channel within network remote access tools create session between two trusted hosts through graphical interface command line interaction protocol tunnel via development or management software or hardware level access such as kvm keyboard video mouse over ip solutions desktop support software usually graphical interface and remote management software typically command line interface allow user to control computer remotely as if they are local user inheriting the user or software permissions this software is commonly used for troubleshooting software installation and system management adversaries may similarly abuse response features included in edr and other defensive tools that enable remote access remote access tools may be installed and used post compromise as an alternate communications channel for redundant access or to establish an interactive remote desktop session with the target system it may also be used as malware component to establish reverse connection or back connect to service or adversary controlled system installation of many remote access tools may also include persistence the software installation routine creates windows service remote access modules may also exist as part of otherwise existing software google chrome remote desktop,1
adversaries may abuse integrated development environment ide software with remote development features to establish an interactive command and control channel on target systems within network ide tunneling combines ssh port forwarding file sharing and debugging into single secure connection letting developers work on remote systems as if they were local unlike ssh and port forwarding ide tunneling encapsulates an entire session and may use proprietary tunneling protocols alongside ssh allowing adversaries to blend in with legitimate development workflows some ides like visual studio code also provide cli tools code tunnel that adversaries may use to programmatically establish tunnels and generate web accessible urls for remote access these tunnels can be authenticated through accounts such as github enabling the adversary to control the compromised system via legitimate developer portal additionally adversaries may use ide tunneling for persistence some ides such as visual studio code and jetbrains support automatic reconnection adversaries may configure the ide to auto launch at startup re establishing the tunnel upon execution compromised developer machines may also be exploited as jump hosts to move further into the network ide tunneling tools may be built in or installed as ide extensions,1
an adversary may use legitimate remote access hardware to establish an interactive command and control channel to target systems within networks these services including ip based keyboard video or mouse kvm devices such as tinypilot and pikvm are commonly used as legitimate tools and may be allowed by peripheral device policies within target environment remote access hardware may be physically installed and used post compromise as an alternate communications channel for redundant access or as way to establish an interactive remote session with the target system using hardware based remote access tools may allow threat actors to bypass software security solutions and gain more control over the compromised device,1
an adversary may use legitimate desktop support software to establish an interactive command and control channel to target systems within networks desktop support software provides graphical interface for remotely controlling another computer transmitting the display output keyboard input and mouse control between devices using various protocols desktop support software such as vnc team viewer anydesk screenconnect logmein ammyyadmin and other remote monitoring and management rmm tools are commonly used as legitimate technical support software and may be allowed by application control within target environment remote access modules may also exist as part of otherwise existing software such as zoom or google chrome remote desktop,1
adversaries may take control of preexisting sessions with remote services to move laterally in an environment users may use valid credentials to log into service specifically designed to accept remote connections such as telnet ssh and rdp when user logs into service session will be established that will allow them to maintain continuous interaction with that service adversaries may commandeer these sessions to carry out actions on remote systems remote service session hijacking differs from use of remote services because it hijacks an existing session rather than creating new session using valid accounts,1
adversaries may hijack legitimate user remote desktop session to move laterally within an environment remote desktop is common feature in operating systems it allows user to log into an interactive session with system desktop graphical user interface on remote system microsoft refers to its implementation of the remote desktop protocol rdp as remote desktop services rds adversaries may perform rdp session hijacking which involves stealing legitimate user remote session typically user is notified when someone else is trying to steal their session with system permissions and using terminal services console session number to be stolen an adversary can hijack session without the need for credentials or prompts to the user this can be done remotely or locally and with active or disconnected sessions it can also lead to remote system discovery and privilege escalation by stealing domain admin or higher privileged account session all of this can be done by using native windows commands but it has also been added as feature in red teaming tools,0
adversaries may hijack legitimate user ssh session to move laterally within an environment secure shell ssh is standard means of remote access on linux and macos systems it allows user to connect to another system via an encrypted tunnel commonly authenticating through password certificate or the use of an asymmetric encryption key pair in order to move laterally from compromised host adversaries may take advantage of trust relationships established with other systems via public key authentication in active ssh sessions by hijacking an existing connection to another system this may occur through compromising the ssh agent itself or by having access to the agent socket if an adversary is able to obtain root access then hijacking ssh sessions is likely trivial ssh hijacking differs from use of ssh because it hijacks an existing ssh session rather than creating new session using valid accounts,1
adversaries may use valid accounts to log into service that accepts remote connections such as telnet ssh and vnc the adversary may then perform actions as the logged on user in an enterprise environment servers and workstations can be organized into domains domains provide centralized identity management allowing users to login using one set of credentials across the entire network if an adversary is able to obtain set of valid domain credentials they could login to many different machines using remote access protocols such as secure shell ssh or remote desktop protocol rdp they could also login to accessible saas or iaas services such as those that federate their identities to the domain or management platforms for internal virtualization environments such as vmware vcenter legitimate applications such as software deployment tools and other administrative programs may utilize remote services to access remote hosts for example apple remote desktop ard on macos is native software used for remote management ard leverages blend of protocols including vnc to send the screen and control buffers and ssh for secure file transfer adversaries can abuse applications such as ard to gain remote code execution and perform lateral movement in versions of macos prior to an adversary can escalate an ssh session to an ard session which enables an adversary to accept tcc transparency consent and control prompts without user interaction and gain access to data,1
adversaries may log into accessible cloud services within compromised environment using valid accounts that are synchronized with or federated to on premises user identities the adversary may then perform management actions or access cloud hosted resources as the logged on user many enterprises federate centrally managed user identities to cloud services allowing users to login with their domain credentials in order to access the cloud control plane similarly adversaries may connect to available cloud services through the web console or through the cloud command line interface cli cloud api using commands such as code connect azaccount for azure powershell code connect mggraph for microsoft graph powershell and code gcloud auth login for the google cloud cli in some cases adversaries may be able to authenticate to these services via application access token instead of username and password,0
adversaries may leverage valid accounts to log directly into accessible cloud hosted compute infrastructure through cloud native methods many cloud providers offer interactive connections to virtual infrastructure that can be accessed through the cloud api such as azure serial console aws ec2 instance connect and aws system manager methods of authentication for these connections can include passwords application access tokens or ssh keys these cloud native methods may by default allow for privileged access on the host with system or root level access adversaries may utilize these cloud native methods to directly access virtual infrastructure and pivot through an environment these connections typically provide direct console access to the vm rather than the execution of scripts cloud administration command,0
adversaries may use valid accounts to interact with remote machines by taking advantage of distributed component object model dcom the adversary may then perform actions as the logged on user the windows component object model com is component of the native windows application programming interface api that enables interaction between software objects or executable code that implements one or more interfaces through com client object can call methods of server objects which are typically dynamic link libraries dll or executables exe distributed com dcom is transparent middleware that extends the functionality of com beyond local computer using remote procedure call rpc technology permissions to interact with local and remote server com objects are specified by access control lists acl in the registry by default only administrators may remotely activate and launch com objects through dcom through dcom adversaries operating in the context of an appropriately privileged user can remotely obtain arbitrary and even direct shellcode execution through office applications as well as other windows objects that contain insecure methods dcom can also execute macros in existing documents and may also invoke dynamic data exchange dde execution directly through com created instance of microsoft office application bypassing the need for malicious document dcom can be used as method of remotely interacting with windows management instrumentation,0
adversaries may use valid accounts to log into computer using the remote desktop protocol rdp the adversary may then perform actions as the logged on user remote desktop is common feature in operating systems it allows user to log into an interactive session with system desktop graphical user interface on remote system microsoft refers to its implementation of the remote desktop protocol rdp as remote desktop services rds adversaries may connect to remote system over rdp to expand access if the service is enabled and allows access to accounts with known credentials adversaries will likely use credential access techniques to acquire credentials to use with rdp adversaries may also use rdp in conjunction with the accessibility features or terminal services dll for persistence,0
adversaries may use valid accounts to interact with remote network share using server message block smb the adversary may then perform actions as the logged on user smb is file printer and serial port sharing protocol for windows machines on the same network or domain adversaries may use smb to interact with file shares allowing them to move laterally throughout network linux and macos implementations of smb typically use samba windows systems have hidden network shares that are accessible only to administrators and provide the ability for remote file copy and other administrative functions example network shares include admin and ipc adversaries may use this technique in conjunction with administrator level valid accounts to remotely access networked system over smb to interact with systems using remote procedure calls rpcs transfer files and run transferred binaries through remote execution example execution techniques that rely on authenticated sessions over smb are scheduled task service execution and windows management instrumentation adversaries can also use ntlm hashes to access administrator shares on systems with pass the hash and certain configuration and patch levels,0
adversaries may use valid accounts to log into remote machines using secure shell ssh the adversary may then perform actions as the logged on user ssh is protocol that allows authorized users to open remote shells on other computers many linux and macos versions come with ssh installed by default although typically disabled until the user enables it on esxi ssh can be enabled either directly on the host via vim cmd hostsvc or via vcenter the ssh server can be configured to use standard password authentication or public private keypairs in lieu of or in addition to password in this authentication scenario the user public key must be in special file on the computer running the server that lists which keypairs are allowed to login as that user ssh authorized keys,1
adversaries may use valid accounts to remotely control machines using virtual network computing vnc vnc is platform independent desktop sharing system that uses the rfb remote framebuffer protocol to enable users to remotely control another computer display by relaying the screen mouse and keyboard inputs over the network vnc differs from remote desktop protocol as vnc is screen sharing software rather than resource sharing software by default vnc uses the system authentication but it can be configured to use credentials specific to vnc adversaries may abuse vnc to perform malicious actions as the logged on user such as opening documents downloading files and running arbitrary commands an adversary could use vnc to remotely control and monitor system to collect data and information to pivot to other systems within the network specific vnc libraries have also been susceptible to brute force attacks and memory usage exploitation,1
adversaries may use valid accounts to interact with remote systems using windows remote management winrm the adversary may then perform actions as the logged on user winrm is the name of both windows service and protocol that allows user to interact with remote system run an executable modify the registry modify services it may be called with the winrm command or by any number of programs such as powershell winrm can be used as method of remotely interacting with windows management instrumentation,0
adversaries may attempt to get listing of other systems by ip address hostname or other logical identifier on network that may be used for lateral movement from the current system functionality could exist within remote access tools to enable this but utilities available on the operating system could also be used such as ping code net view using net or on esxi servers esxcli network diag ping adversaries may also analyze data from local host files ex code or code or other passive means such as local arp cache entries in order to discover the presence of remote systems in an environment adversaries may also target discovery of network infrastructure as well as leverage network device cli commands on network devices to gather detailed information about systems within network code show cdp neighbors code show arp,1
adversaries may move onto systems possibly those on disconnected or air gapped networks by copying malware to removable media and taking advantage of autorun features when the media is inserted into system and executes in the case of lateral movement this may occur through modification of executable files stored on removable media or by copying malware and renaming it to look like legitimate file to trick users into executing it on separate system in the case of initial access this may occur through manual manipulation of the media modification of systems used to initially format the media or modification to the media firmware itself mobile devices may also be used to infect pcs with malware if connected via usb this infection may be achieved using devices android ios etc and in some instances usb charging cables for example when smartphone is connected to system it may appear to be mounted similar to usb connected disk drive if malware that is compatible with the connected system is on the mobile device the malware could infect the machine especially if autorun features are enabled,0
adversaries may leverage the resources of co opted systems to complete resource intensive tasks which may impact system and hosted service availability resource hijacking may take number of different forms for example adversaries may leverage compute resources in order to mine cryptocurrency sell network bandwidth to proxy networks generate sms traffic for profit abuse cloud based messaging services to send large quantities of spam messages in some cases adversaries may leverage multiple types of resource hijacking at once,1
adversaries may leverage the network bandwidth resources of co opted systems to complete resource intensive tasks which may impact system and hosted service availability adversaries may also use malware that leverages system network bandwidth as part of botnet in order to facilitate network denial of service campaigns and to seed malicious torrents alternatively they may engage in proxyjacking by selling use of the victims network bandwidth and ip address to proxyware services finally they may engage in internet wide scanning in order to identify additional targets for compromise in addition to incurring potential financial costs or availability disruptions this technique may cause reputational damage if victim bandwidth is used for illegal activities,1
adversaries may leverage compromised software as service saas applications to complete resource intensive tasks which may impact hosted service availability for example adversaries may leverage email and messaging services such as aws simple email service ses aws simple notification service sns sendgrid and twilio in order to send large quantities of spam phishing emails and sms messages alternatively they may engage in llmjacking by leveraging reverse proxies to hijack the power of cloud hosted ai models in some cases adversaries may leverage services that the victim is already using in others particularly when the service is part of larger cloud platform they may first enable the service leveraging saas applications may cause the victim to incur significant financial costs use up service quotas and otherwise impact availability,0
adversaries may leverage the compute resources of co opted systems to complete resource intensive tasks which may impact system and hosted service availability one common purpose for compute hijacking is to validate transactions of cryptocurrency networks and earn virtual currency adversaries may consume enough system resources to negatively impact and cause affected machines to become unresponsive servers and cloud based systems are common targets because of the high potential for available resources but user endpoint systems may also be compromised and used for compute hijacking and cryptocurrency mining containerized environments may also be targeted due to the ease of deployment via exposed apis and the potential for scaling mining activities by deploying or compromising multiple containers within an environment or cluster additionally some cryptocurrency mining malware identify then kill off processes for competing malware to ensure it not competing for resources,1
adversaries may leverage messaging services for sms pumping which may impact system and hosted service availability sms pumping is type of telecommunications fraud whereby threat actor first obtains set of phone numbers from telecommunications provider then leverages victim messaging infrastructure to send large amounts of sms messages to numbers in that set by generating sms traffic to their phone number set threat actor may earn payments from the telecommunications provider threat actors often use publicly available web forms such as one time password otp or account verification fields in order to generate sms traffic these fields may leverage services such as twilio aws sns and amazon cognito in the background in response to the large quantity of requests sms costs may increase and communication channels may become overwhelmed,0
adversaries may register rogue domain controller to enable manipulation of active directory data dcshadow may be used to create rogue domain controller dc dcshadow is method of manipulating active directory ad data including objects and schemas by registering or reusing an inactive registration and simulating the behavior of dc once registered rogue dc may be able to inject and replicate changes into ad infrastructure for any domain object including credentials and keys registering rogue dc involves creating new server and ntdsdsa objects in the configuration partition of the ad schema which requires administrator privileges either domain or local to the dc or the krbtgt hash this technique may bypass system logging and security monitors such as security information and event management siem products since actions taken on rogue dc may not be reported to these sensors the technique may also be used to alter and delete replication and other associated metadata to obstruct forensic analysis adversaries may also utilize this technique to perform sid history injection and manipulate ad objects such as accounts access control lists schemas to establish backdoors for persistence,0
adversaries may use rootkits to hide the presence of programs files network connections services drivers and other system components rootkits are programs that hide the existence of malware by intercepting and modifying operating system api calls that supply system information rootkits or rootkit enabling functionality may reside at the user or kernel level in the operating system or lower to include hypervisor or system firmware rootkits have been seen for windows linux and mac os systems rootkits that reside or modify boot sectors are known as bootkit and specifically target the boot process of the operating system,1
adversaries may abuse windows safe mode to disable endpoint defenses safe mode starts up the windows operating system with limited set of drivers and services third party security software such as endpoint detection and response edr tools may not start after booting windows in safe mode there are two versions of safe mode safe mode and safe mode with networking it is possible to start additional services after safe mode boot adversaries may abuse safe mode to disable endpoint defenses that may not start with limited boot hosts can be forced into safe mode after the next reboot via modifications to boot configuration data bcd stores which are files that manage boot application settings adversaries may also add their malicious applications to the list of minimal services that start in safe mode by modifying relevant registry values modify registry malicious component object model com objects may also be registered and loaded in safe mode,0
adversaries may abuse task scheduling functionality to facilitate initial or recurring execution of malicious code utilities exist within all major operating systems to schedule programs or scripts to be executed at specified date and time task can also be scheduled on remote system provided the proper authentication is met ex rpc and file and printer sharing in windows environments scheduling task on remote system typically may require being member of an admin or otherwise privileged group on the remote system adversaries may use task scheduling to execute programs at system startup or on scheduled basis for persistence these mechanisms can also be abused to run process under the context of specified account such as one with elevated permissions similar to system binary proxy execution adversaries have also abused task scheduling to potentially mask one time execution under trusted system process,1
adversaries may abuse the at utility to perform task scheduling for initial or recurring execution of malicious code the at utility exists as an executable within windows linux and macos for scheduling tasks at specified time and date although deprecated in favor of scheduled task schtasks in windows environments using at requires that the task scheduler service be running and the user to be logged on as member of the local administrators group in addition to explicitly running the at command adversaries may also schedule task with at by directly leveraging the windows management instrumentation win32 scheduledjob wmi class on linux and macos at may be invoked by the superuser as well as any users added to the code at allow file if the code at allow file does not exist the code at deny file is checked every username not listed in code at deny is allowed to invoke at if the code at deny exists and is empty global use of at is permitted if neither file exists which is often the baseline only the superuser is allowed to use at adversaries may use at to execute programs at system startup or on scheduled basis for persistence at can also be abused to conduct remote execution as part of lateral movement and to run process under the context of specified account such as system in linux environments adversaries may also abuse at to break out of restricted environments by using task to spawn an interactive system shell or to run system commands similarly at may also be used for privilege escalation if the binary is allowed to run as superuser via code sudo,1
adversaries may abuse task scheduling functionality provided by container orchestration tools such as kubernetes to schedule deployment of containers configured to execute malicious code container orchestration jobs run these automated tasks at specific date and time similar to cron jobs on linux system deployments of this type can also be configured to maintain quantity of containers over time automating the process of maintaining persistence within cluster in kubernetes cronjob may be used to schedule job that runs one or more containers to perform specific tasks an adversary therefore may utilize cronjob to schedule deployment of job that executes malicious code in various nodes within cluster,0
adversaries may abuse the code cron utility to perform task scheduling for initial or recurring execution of malicious code the code cron utility is time based job scheduler for unix like operating systems the code crontab file contains the schedule of cron entries to be run and the specified times for execution any code crontab files are stored in operating system specific file paths an adversary may use code cron in linux or unix environments to execute programs at system startup or on scheduled basis for persistence in esxi environments cron jobs must be created directly via the crontab file,1
adversaries may abuse the windows task scheduler to perform task scheduling for initial or recurring execution of malicious code there are multiple ways to access the task scheduler in windows the schtasks utility can be run directly on the command line or the task scheduler can be opened through the gui within the administrator tools section of the control panel in some cases adversaries have used net wrapper for the windows task scheduler and alternatively adversaries have used the windows netapi32 library and windows management instrumentation wmi to create scheduled task adversaries may also utilize the powershell cmdlet invoke cimmethod which leverages wmi class ps scheduledtask to create scheduled task via an xml path an adversary may use windows task scheduler to execute programs at system startup or on scheduled basis for persistence the windows task scheduler can also be abused to conduct remote execution as part of lateral movement and to run process under the context of specified account such as system similar to system binary proxy execution adversaries have also abused the windows task scheduler to potentially mask one time execution under signed system processes adversaries may also create hidden scheduled tasks hide artifacts that may not be visible to defender tools and manual queries used to enumerate tasks specifically an adversary may hide task from schtasks and the task scheduler by deleting the associated security descriptor sd registry value where deletion of this value must be completed using system permissions adversaries may also employ alternate methods to hide tasks such as altering the metadata index value within associated registry keys,0
adversaries may abuse systemd timers to perform task scheduling for initial or recurring execution of malicious code systemd timers are unit files with file extension code timer that control services timers can be set to run on calendar event or after time span relative to starting point they can be used as an alternative to cron in linux environments systemd timers may be activated remotely via the code systemctl command line utility which operates over ssh each code timer file must have corresponding code service file with the same name code example timer and code example service code service files are systemd service unit files that are managed by the systemd system and service manager privileged timers are written to code and code while user level are written to code an adversary may use systemd timers to execute malicious code at system startup or on scheduled basis for persistence timers installed using privileged paths may be used to maintain root level persistence adversaries may also install user level timers to achieve user level persistence,1
adversaries may schedule data exfiltration to be performed only at certain times of day or at certain intervals this could be done to blend traffic patterns with normal activity or availability when scheduled exfiltration is used other exfiltration techniques likely apply as well to transfer the information out of the network such as exfiltration over c2 channel or exfiltration over alternative protocol,1
adversaries may attempt to take screen captures of the desktop to gather information over the course of an operation screen capturing functionality may be included as feature of remote access tool used in post compromise operations taking screenshot is also typically possible through native utilities or api calls such as code copyfromscreen code xwd or code screencapture,1
adversaries may search and gather information about victims from closed paid private or otherwise not freely available sources that can be used during targeting information about victims may be available for purchase from reputable private sources and databases such as paid subscriptions to feeds of technical intelligence data adversaries may also purchase information from less reputable sources such as dark web or cybercrime blackmarkets adversaries may search in different closed databases depending on what information they seek to gather information from these sources may reveal opportunities for other forms of reconnaissance ex phishing for information or search open websites establishing operational resources ex develop capabilities or obtain capabilities and initial access ex external remote services or valid accounts,0
adversaries may purchase technical information about victims that can be used during targeting information about victims may be available for purchase within reputable private sources and databases such as paid subscriptions to feeds of scan databases or other data aggregation services adversaries may also purchase information from less reputable sources such as dark web or cybercrime blackmarkets adversaries may purchase information about their already identified targets or use purchased data to discover opportunities for successful breaches threat actors may gather various technical details from purchased data including but not limited to employee contact information credentials or specifics regarding victim infrastructure information from these sources may reveal opportunities for other forms of reconnaissance ex phishing for information or search open websites establishing operational resources ex develop capabilities or obtain capabilities and initial access ex external remote services or valid accounts,0
adversaries may search private data from threat intelligence vendors for information that can be used during targeting threat intelligence vendors may offer paid feeds or portals that offer more data than what is publicly reported although sensitive details such as customer names and other identifiers may be redacted this information may contain trends regarding breaches such as target industries attribution claims and successful ttps adversaries may search in private threat intelligence vendor data to gather actionable information if threat actor is searching for information on their own activities that falls under search threat vendor data information reported by vendors may also reveal opportunities other forms of reconnaissance ex search open websites establishing operational resources ex develop capabilities or obtain capabilities and initial access ex exploit public facing application or external remote services,0
adversaries may search freely available technical databases for information about victims that can be used during targeting information about victims may be available in online databases and repositories such as registrations of domains as well as public collections of network data gathered from traffic and scans adversaries may search in different open databases depending on what information they seek to gather information from these sources may reveal opportunities for other forms of reconnaissance ex phishing for information or search open websites establishing operational resources ex acquire infrastructure or compromise infrastructure and initial access ex external remote services or trusted relationship,0
adversaries may search content delivery network cdn data about victims that can be used during targeting cdns allow an organization to host content from distributed load balanced array of servers cdns may also allow organizations to customize content delivery based on the requestor geographical region adversaries may search cdn data to gather actionable information threat actors can use online resources and lookup tools to harvest information about content servers within cdn adversaries may also seek and target cdn misconfigurations that leak sensitive information not intended to be hosted and do not have the same protection mechanisms ex login portals as the content hosted on the organization website information from these sources may reveal opportunities for other forms of reconnaissance ex active scanning or search open websites establishing operational resources ex acquire infrastructure or compromise infrastructure and initial access ex drive by compromise,0
adversaries may search dns data for information about victims that can be used during targeting dns information may include variety of details including registered name servers as well as records that outline addressing for target subdomains mail servers and other hosts adversaries may search dns data to gather actionable information threat actors can query nameservers for target organization directly or search through centralized repositories of logged dns query responses known as passive dns adversaries may also seek and target dns misconfigurations that reveal information about internal networks information from these sources may reveal opportunities for other forms of reconnaissance ex search victim owned websites or search open websites establishing operational resources ex acquire infrastructure or compromise infrastructure and initial access ex external remote services or trusted relationship,0
adversaries may search public digital certificate data for information about victims that can be used during targeting digital certificates are issued by certificate authority ca in order to cryptographically verify the origin of signed content these certificates such as those used for encrypted web traffic ssl communications contain information about the registered organization such as name and location adversaries may search digital certificate data to gather actionable information threat actors can use online resources and lookup tools to harvest information about certificates digital certificate data may also be available from artifacts signed by the organization ex certificates used from encrypted web traffic are served with content information from these sources may reveal opportunities for other forms of reconnaissance ex active scanning or phishing for information establishing operational resources ex develop capabilities or obtain capabilities and initial access ex external remote services or trusted relationship,0
adversaries may search within public scan databases for information about victims that can be used during targeting various online services continuously publish the results of internet scans often harvesting information such as active ip addresses hostnames open ports certificates and even server banners adversaries may search scan databases to gather actionable information threat actors can use online resources and lookup tools to harvest information from these services adversaries may seek information about their already identified targets or use these datasets to discover opportunities for successful breaches information from these sources may reveal opportunities for other forms of reconnaissance ex active scanning or search open websites establishing operational resources ex develop capabilities or obtain capabilities and initial access ex external remote services or exploit public facing application,0
adversaries may search public whois data for information about victims that can be used during targeting whois data is stored by regional internet registries rir responsible for allocating and assigning internet resources such as domain names anyone can query whois servers for information about registered domain such as assigned ip blocks contact information and dns nameservers adversaries may search whois data to gather actionable information threat actors can use online resources or command line utilities to pillage through whois data for information about potential victims information from these sources may reveal opportunities for other forms of reconnaissance ex active scanning or phishing for information establishing operational resources ex acquire infrastructure or compromise infrastructure and initial access ex external remote services or trusted relationship,0
adversaries may search freely available websites and domains for information about victims that can be used during targeting information about victims may be available in various online sites such as social media new sites or those hosting information about business operations such as hiring or requested contracts adversaries may search in different online sites depending on what information they seek to gather information from these sources may reveal opportunities for other forms of reconnaissance ex phishing for information or search open technical databases establishing operational resources ex establish accounts or compromise accounts and initial access ex external remote services or phishing,0
adversaries may search public code repositories for information about victims that can be used during targeting victims may store code in repositories on various third party websites such as github gitlab sourceforge and bitbucket users typically interact with code repositories through web application or command line utilities such as git adversaries may search various public code repositories for various information about victim public code repositories can often be source of various general information about victims such as commonly used programming languages and libraries as well as the names of employees adversaries may also identify more sensitive data including accidentally leaked credentials or api keys information from these sources may reveal opportunities for other forms of reconnaissance ex phishing for information establishing operational resources ex compromise accounts or compromise infrastructure and initial access ex valid accounts or phishing note this is distinct from code repositories which focuses on collection from private and internally hosted code repositories,0
adversaries may use search engines to collect information about victims that can be used during targeting search engine services typical crawl online sites to index context and may provide users with specialized syntax to search for specific keywords or specific types of content filetypes adversaries may craft various search engine queries depending on what information they seek to gather threat actors may use search engines to harvest general information about victims as well as use specialized queries to look for spillages of sensitive information such as network details or credentials information from these sources may reveal opportunities for other forms of reconnaissance ex phishing for information or search open technical databases establishing operational resources ex establish accounts or compromise accounts and initial access ex valid accounts or phishing,0
adversaries may search social media for information about victims that can be used during targeting social media sites may contain various information about victim organization such as business announcements as well as information about the roles locations and interests of staff adversaries may search in different social media sites depending on what information they seek to gather threat actors may passively harvest data from these sites as well as use information gathered to create fake profiles to elicit victim into revealing specific information spearphishing service information from these sources may reveal opportunities for other forms of reconnaissance ex phishing for information or search open technical databases establishing operational resources ex establish accounts or compromise accounts and initial access ex spearphishing via service,0
threat actors may seek information from closed or open threat intelligence sources gathered about their own campaigns as well as those conducted by other adversaries that may align with their target industries capabilities or other operational concerns these reports may include descriptions of behavior detailed breakdowns of attacks atomic indicators such as malware hashes or ip addresses timelines of group activity and more adversaries may change their behavior when planning their future operations adversaries have been observed replacing atomic indicators mentioned in blog posts in under week adversaries have also been seen searching for their own domain names in threat vendor data and then taking them down likely to avoid seizure or further investigation this technique is distinct from threat intel vendors in that it describes threat actors performing reconnaissance on their own activity not in search of victim information,0
adversaries may search websites owned by the victim for information that can be used during targeting victim owned websites may contain variety of details including names of departments physical locations and data about key employees such as names roles and contact info ex email addresses these sites may also have details highlighting business operations and relationships adversaries may search victim owned websites to gather actionable information information from these sources may reveal opportunities for other forms of reconnaissance ex phishing for information or search open technical databases establishing operational resources ex establish accounts or compromise accounts and initial access ex trusted relationship or phishing in addition to manually browsing the website adversaries may attempt to identify hidden directories or files that could contain additional sensitive information or vulnerable functionality they may do this through automated activities such as wordlist scanning as well as by leveraging files such as sitemap xml and robots txt,0
adversaries may intentionally exclude certain files folders directories file types or system components from encryption or tampering during ransomware or malicious payload execution some file extensions that adversaries may avoid encrypting include dll exe and lnk adversaries may perform this behavior to avoid alerting users to evade detection by security tools and analysts or in the case of ransomware to ensure that the system remains operational enough to deliver the ransom notice exclusions may target files and components whose corruption would cause instability break core services or immediately expose the attack by carefully avoiding these areas adversaries maintain system responsiveness while minimizing indicators that could trigger alarms or otherwise inhibit achieving their goals,0
adversaries may abuse legitimate extensible development features of servers to establish persistent access to systems enterprise server applications may include features that allow developers to write and install software or scripts to extend the functionality of the main application adversaries may install malicious components to extend and abuse server applications,1
adversaries may install malicious components that run on internet information services iis web servers to establish persistence iis provides several mechanisms to extend the functionality of the web servers for example internet server application programming interface isapi extensions and filters can be installed to examine and modify incoming and outgoing iis web requests extensions and filters are deployed as dll files that export three functions code get extension code and optionally code terminate extension iis modules may also be installed to extend iis web servers adversaries may install malicious isapi extensions and filters to observe and modify traffic execute commands on compromised machines or proxy command and control traffic isapi extensions and filters may have access to all iis web requests and responses for example an adversary may abuse these mechanisms to modify http responses in order to distribute malicious commands to previously comprised hosts adversaries may also install malicious iis modules to observe and modify traffic iis introduced modules that provide the same unrestricted access to http requests and responses as isapi extensions and filters iis modules can be written as dll that exports code registermodule or as net application that interfaces with asp net apis to access iis http requests,0
adversaries may abuse sql stored procedures to establish persistent access to systems sql stored procedures are code that can be saved and reused so that database users do not waste time rewriting frequently used sql queries stored procedures can be invoked via sql statements to the database using the procedure name or via defined events when sql server application is started adversaries may craft malicious stored procedures that can provide persistence mechanism in sql database servers to execute operating system commands through sql syntax the adversary may have to enable additional functionality such as xp cmdshell for mssql server microsoft sql server can enable common language runtime clr integration with clr integration enabled application developers can write stored procedures using any net framework language vb net etc adversaries may craft or modify clr assemblies that are linked to stored procedures since these clr assemblies can be made to execute arbitrary commands,1
adversaries may abuse components of terminal services to enable persistent access to systems microsoft terminal services renamed to remote desktop services in some windows server oss as of enable remote terminal connections to hosts terminal services allows servers to transmit full interactive graphical user interface to clients via rdp windows service that are run as generic process ex code svchost exe load the service dll file the location of which is stored in registry entry named code servicedll the code termsrv dll file typically stored in systemroot system32 is the default code servicedll value for terminal services in hklm system currentcontrolset services termservice parameters adversaries may modify and replace the terminal services dll to enable persistent access to victimized hosts modifications to this dll could be done to execute arbitrary payloads while also potentially preserving normal code termsrv dll functionality as well as to simply enable abusable features of terminal services for example an adversary may enable features such as concurrent remote desktop protocol sessions by either patching the code termsrv dll file or modifying the code servicedll value to point to dll that provides increased rdp functionality on non server windows os this increased functionality may also enable an adversary to avoid terminal services prompts that warn out users of system when new rdp session is created,0
adversaries may abuse microsoft transport agents to establish persistent access to systems microsoft exchange transport agents can operate on email messages passing through the transport pipeline to perform various tasks such as filtering spam filtering malicious attachments journaling or adding corporate signature to the end of all outgoing emails transport agents can be written by application developers and then compiled to net assemblies that are subsequently registered with the exchange server transport agents will be invoked during specified stage of email processing and carry out developer defined tasks adversaries may register malicious transport agent to provide persistence mechanism in exchange server that can be triggered by adversary specified email events though malicious transport agent may be invoked for all emails passing through the exchange transport pipeline the agent can be configured to only carry out specific tasks in response to adversary defined criteria for example the transport agent may only carry out an action like copying in transit attachments and saving them for later exfiltration if the recipient email address matches an entry on list provided by the adversary,1
adversaries may backdoor web servers with web shells to establish persistent access to systems web shell is web script that is placed on an openly accessible web server to allow an adversary to access the web server as gateway into network web shell may provide set of functions to execute or command line interface on the system that hosts the web server in addition to server side script web shell may have client interface program that is used to talk to the web server china chopper web shell client,1
adversaries may abuse vsphere installation bundles vibs to establish persistent access to esxi hypervisors vibs are collections of files used for software distribution and virtual system management in vmware environments since esxi uses an in memory filesystem where changes made to most files are stored in ram rather than in persistent storage these modifications are lost after reboot however vibs can be used to create startup tasks apply custom firewall rules or deploy binaries that persist across reboots typically administrators use vibs for updates and system maintenance vibs can be broken down into three components vib payload vgz archive containing the directories and files to be created and executed on boot when the vibs are loaded signature file verifies the host acceptance level of vib indicating what testing and validation has been done by vmware or its partners before publication of vib by default esxi hosts require minimum acceptance level of partnersupported for vib installation meaning the vib is published by trusted vmware partner however privileged users can change the default acceptance level using the esxcli command line interface additionally vibs are able to be installed regardless of acceptance level by using the code esxcli software vib install force command xml descriptor file configuration file containing associated vib metadata such as the name of the vib and its dependencies adversaries may leverage malicious vib packages to maintain persistent access to esxi hypervisors allowing system changes to be executed upon each bootup of esxi such as using esxcli to enable firewall rules for backdoor traffic creating listeners on hard coded ports and executing backdoors adversaries may also masquerade their malicious vib files as partnersupported by modifying the xml descriptor file,0
adversaries may abuse serverless computing integration and automation services to execute arbitrary code in cloud environments many cloud providers offer variety of serverless resources including compute engines application integration services and web servers adversaries may abuse these resources in various ways as means of executing arbitrary commands for example adversaries may use serverless functions to execute malicious code such as crypto mining malware resource hijacking adversaries may also create functions that enable further compromise of the cloud environment for example an adversary may use the iam passrole permission in aws or the iam serviceaccounts actas permission in google cloud to add additional cloud roles to serverless cloud function which may then be able to perform actions the original user cannot serverless functions can also be invoked in response to cloud events event triggered execution potentially enabling persistent execution over time for example in aws environments an adversary may create lambda function that automatically adds additional cloud credentials to user and corresponding cloudwatch events rule that invokes that function whenever new user is created this is also possible in many cloud based office application suites for example in microsoft environments an adversary may create power automate workflow that forwards all emails user receives or creates anonymous sharing links whenever user is granted access to document in sharepoint in google workspace environments they may instead create an apps script that exfiltrates user data when they open file,0
adversaries may stop or disable services on system to render those services unavailable to legitimate users stopping critical services or processes can inhibit or stop response to an incident or aid in the adversary overall objectives to cause damage to the environment adversaries may accomplish this by disabling individual services of high importance to an organization such as code msexchangeis which will make exchange content inaccessible in some cases adversaries may stop or disable many or all services to render systems unusable services or processes may not allow for modification of their data stores while running adversaries may stop services or processes in order to conduct data destruction or data encrypted for impact on the data stores of services like exchange and sql server or on virtual machines hosted on esxi infrastructure threat actors may also disable or stop service in cloud environments for example by leveraging the disableapiserviceaccess api in aws threat actor may prevent the service from creating service linked roles on new accounts in the aws organization,1
adversaries may execute malicious payloads via loading shared modules shared modules are executable files that are loaded into processes to provide access to reusable code such as specific custom functions or invoking os api functions native api adversaries may use this functionality as way to execute arbitrary payloads on victim system for example adversaries can modularize functionality of their malware into shared objects that perform various functions such as managing c2 network communications or execution of specific actions on objective the linux macos module loader can load and execute shared objects from arbitrary local paths this functionality resides in dlfcn in functions such as dlopen and dlsym although macos can execute so files common practice uses dylib files the windows module loader can be instructed to load dlls from arbitrary local paths and arbitrary universal naming convention unc network paths this functionality resides in ntdll dll and is part of the windows native api which is called from functions like loadlibrary at run time,1
adversaries may use social engineering techniques to influence users to take actions that result in unauthorized access approval of changes disclosure of sensitive information or execution of adversary supplied instructions introduction of malicious payloads or software while minimizing technical indicators adversaries may leverage trust building methods across multiple channels executive vendor or help desk scenarios including ai enabled voice interactions to prompt user authorized actions such as password resets mfa changes financial approvals or the disclosure of sensitive information adversaries may also leverage common business communications and workflows such as email collaboration platforms voice communications recruiting processes help desk interactions and saas consent mechanisms to make malicious requests appear routine and legitimate additionally adversaries have persuaded victims to take actions through references of current events harnessing relevant themes to the work role or the organizations mission for example adversaries may use scare tactics threaten repercussions for non compliance or otherwise incite victims emotions in order to generate sense of urgency to take action this technique may include common social engineering patterns such as phishing and spearphishing voice often supported by convincing and targeted narratives,1
adversaries may fake or spoof sender identity by modifying the value of relevant email headers in order to establish contact with victims under false pretenses in addition to actual email content email headers such as the from header which contains the email address of the sender may also be modified email clients display these headers when emails appear in victim inbox which may cause modified emails to appear as if they were from the spoofed entity enterprise environments can use domain based message authentication reporting and conformance dmarc as an email authentication protocol that references results of the sender policy framework spf and domainkeys identified mail dkim configurations spf and dkim are configured separately in dns spf verifies that the sending server is authorized for the domain while dkim uses digital signature to verify email integrity and domain authentication together they validate email authenticity and specify how receiving servers should handle authentication failures without enforced identity authentication adversaries may compromise the integrity of an authentication check with altered headers that would not have otherwise passed an example of weak or absent dmarc policy is dmarc1 none fo the none the none indicates no action should be taken and therefore no filtering action will take place even if an email fails authentication checks spf and dkim fail when dmarc policy indicates no action the email will still be delivered to the victim inbox adversaries have abused weak or absent dmarc policies to circumvent authentication checks and conceal social engineering attempts adversaries can alter email headers to include legitimate domain names with fake usernames or impersonate legitimate users via impersonation for phishing additionally adversaries may abuse microsoft direct send functionality to spoof internal users by using internal devices like printers to send emails without authentication,1
adversaries may impersonate trusted person or organization in order to persuade and trick target into performing some action on their behalf for example adversaries may communicate with victims via phishing for information phishing or internal spearphishing while impersonating known sender such as an executive colleague or third party vendor established trust can then be leveraged to accomplish an adversary ultimate goals possibly against multiple victims in many cases of business email compromise or email fraud campaigns adversaries use impersonation to defraud victims deceiving them into sending money or divulging information that ultimately enables financial theft adversaries will often also use social engineering techniques such as manipulative and persuasive language in email subject lines and body text such as payment request or urgent to push the victim to act quickly before malicious activity is detected these campaigns are often specifically targeted against people who due to job roles and accesses can carry out the adversary goal impersonation is typically preceded by reconnaissance techniques such as gather victim identity information and gather victim org information as well as acquiring infrastructure such as email domains domains to substantiate their false identity there is the potential for multiple victims in campaigns involving impersonation for example an adversary may compromise accounts targeting one organization which can then be used to support impersonation against other entities,1
adversaries may gain access to and use centralized software suites installed within an enterprise to execute commands and move laterally through the network configuration management and software deployment applications may be used in an enterprise network or cloud environment for routine administration purposes these systems may also be integrated into ci pipelines examples of such solutions include sccm hbss altiris aws systems manager microsoft intune azure arc and gcp deployment manager access to network wide or enterprise wide endpoint management software may enable an adversary to achieve remote code execution on all connected systems the access may be used to laterally move to other systems gather information or cause specific effect such as wiping the hard drives on all endpoints saas based configuration management services may allow for broad cloud administration command on cloud hosted instances as well as the execution of arbitrary commands on on premises endpoints for example microsoft configuration manager allows global or intune administrators to run scripts as system on on premises devices joined to entra id such services may also utilize web protocols to communicate back to adversary owned infrastructure network infrastructure devices may also have configuration management tools that can be similarly abused by adversaries the permissions required for this action vary by system configuration local credentials may be sufficient with direct access to the third party system or specific domain credentials may be required however the system may require an administrative account to log in or to access specific functionality,1
adversaries may attempt to get listing of software and software versions that are installed on system or in cloud environment adversaries may use the information from software discovery during automated discovery to shape follow on behaviors including whether or not the adversary fully infects the target and attempts specific actions such software may be deployed widely across the environment for configuration management or security reasons such as software deployment tools and may allow adversaries broad access to infect devices or move laterally adversaries may attempt to enumerate software for variety of reasons such as figuring out what security measures are present or if the compromised system has version of software that is vulnerable to exploitation for privilege escalation,1
adversaries may attempt to get listing of backup software or configurations that are installed on system adversaries may use this information to shape follow on behaviors such as data destruction inhibit system recovery or data encrypted for impact commands that can be used to obtain security software information are netsh reg query with reg dir with cmd and tasklist but other indicators of discovery behavior may be more specific to the type of software or security system the adversary is looking for such as veeam acronis dropbox or paragon,1
adversaries may attempt to get listing of security software configurations defensive tools and sensors that are installed on system or in cloud environment this may include things such as cloud monitoring agents and anti virus adversaries may use the information from security software discovery during automated discovery to shape follow on behaviors including whether or not the adversary fully infects the target and attempts specific actions example commands that can be used to obtain security software information are netsh code reg query with reg code dir with cmd and tasklist but other indicators of discovery behavior may be more specific to the type of software or security system the adversary is looking for it is becoming more common to see macos malware perform checks for littlesnitch and knockknock software adversaries may also utilize the cloud api to discover cloud native security software installed on compute infrastructure such as the aws cloudwatch agent azure vm agent and google cloud monitor agent these agents may collect metrics and logs from the vm which may be centrally aggregated in cloud based monitoring platform,1
adversaries may abuse software extensions to establish persistent access to victim systems software extensions are modular components that enhance or customize the functionality of software applications including web browsers integrated development environments ides and other platforms extensions are typically installed via official marketplaces app stores or manually loaded by users and they often inherit the permissions and access levels of the host application malicious extensions can be introduced through various methods including social engineering compromised marketplaces or direct installation by users or by adversaries who have already gained access to system malicious extensions can be named similarly or identically to benign extensions in marketplaces security mechanisms in extension marketplaces may be insufficient to detect malicious components allowing adversaries to bypass automated scanners or exploit trust established during the installation process adversaries may also abuse benign extensions to achieve their objectives such as using legitimate functionality to tunnel data or bypass security controls the modular nature of extensions and their integration with host applications make them an attractive target for adversaries seeking to exploit trusted software ecosystems detection can be challenging due to the inherent trust placed in extensions during installation and their ability to blend into normal application workflows,1
adversaries may abuse internet browser extensions to establish persistent access to victim systems browser extensions or plugins are small programs that can add functionality to and customize aspects of internet browsers they can be installed directly via local file or custom url or through browser app store an official online platform where users can browse install and manage extensions for specific web browser extensions generally inherit the web browser permissions previously granted malicious extensions can be installed into browser through malicious app store downloads masquerading as legitimate extensions through social engineering or by an adversary that has already compromised system security can be limited on browser app stores so it may not be difficult for malicious extensions to defeat automated scanners depending on the browser adversaries may also manipulate an extension update url to install updates from an adversary controlled server or manipulate the mobile configuration file to silently install additional extensions adversaries may abuse how chromium based browsers load extensions by modifying or replacing the preferences and secure preferences files to silently install malicious extensions when the browser is not running adversaries can alter these files ensuring the extension is loaded granted desired permissions and will persist in browser sessions this method does not require user consent and extensions are silently loaded in the background from disk or from the browser trusted store previous to macos adversaries could silently install browser extensions via the command line using the code profiles tool to install malicious code mobileconfig files in macos the use of the code profiles tool can no longer install configuration profiles however code mobileconfig files can be planted and installed with user interaction once the extension is installed it can browse to websites in the background steal all information that user enters into browser including credentials and be used as an installer for rat for persistence there have also been instances of botnets using persistent backdoor through malicious chrome extensions for command and control adversaries may also use browser extensions to modify browser permissions and components privacy settings and other security controls for stealth,1
adversaries may abuse an integrated development environment ide extension to establish persistent access to victim systems ides such as visual studio code intellij idea and eclipse support extensions software components that add features like code linting auto completion task automation or integration with tools like git and docker malicious extension can be installed through an extension marketplace compromise software dependencies and development tools or side loaded directly into the ide in addition to installing malicious extensions adversaries may also leverage benign ones for example adversaries may establish persistent ssh tunnels via the use of the vscode remote ssh extension ide tunneling trust is typically established through the installation process once installed the malicious extension is run every time that the ide is launched the extension can then be used to execute arbitrary code establish backdoor mine cryptocurrency or exfiltrate data,1
adversaries may upload install or otherwise set up capabilities that can be used during targeting to support their operations an adversary may need to take capabilities they developed develop capabilities or obtained obtain capabilities and stage them on infrastructure under their control these capabilities may be staged on infrastructure that was previously purchased by the adversary acquire infrastructure or was otherwise compromised by them compromise infrastructure capabilities may also be staged on web services such as github or pastebin or on platform as service paas offerings that enable users to easily provision applications staging of capabilities can aid the adversary in number of initial access and post compromise behaviors including but not limited to staging web resources necessary to conduct drive by compromise when user browses to site staging web resources for link target to be used with spearphishing uploading malware or tools to location accessible to victim network to enable ingress tool transfer installing previously acquired ssl certificate to use to encrypt command and control traffic ex asymmetric cryptography with web protocols,0
adversaries may prepare an operational environment to infect systems that visit website over the normal course of browsing endpoint systems may be compromised through browsing to adversary controlled sites as in drive by compromise in such cases the user web browser is typically targeted for exploitation often not requiring any extra user interaction once landing on the site but adversaries may also set up websites for non exploitation behavior such as application access token prior to drive by compromise adversaries must stage resources needed to deliver that exploit to users who browse to an adversary controlled site drive by content can be staged on adversary controlled infrastructure that has been acquired acquire infrastructure or previously compromised compromise infrastructure adversaries may upload or inject malicious web content such as javascript into websites this may be done in number of ways including inserting malicious scripts into web pages or other user controllable web content such as forum posts modifying script files served to websites from publicly writeable cloud storage buckets crafting malicious web advertisements and purchasing ad space on website through legitimate ad providers malvertising in addition to staging content to exploit user web browser adversaries may also stage scripting content to profile the user browser as in gather victim host information to ensure it is vulnerable prior to attempting exploitation websites compromised by an adversary and used to stage drive by may be ones visited by specific community such as government particular industry or region where the goal is to compromise specific user or set of users based on shared interest this kind of targeted campaign is referred to strategic web compromise or watering hole attack adversaries may purchase domains similar to legitimate domains ex homoglyphs typosquatting different top level domain etc during acquisition of infrastructure domains to help facilitate drive by compromise,0
adversaries may install ssl certificates that can be used during targeting ssl certificates are files that can be installed on servers to enable secure communications between systems digital certificates include information about the key information about its owner identity and the digital signature of an entity that has verified the certificate contents are correct if the signature is valid and the person examining the certificate trusts the signer then they know they can use that key to communicate securely with its owner certificates can be uploaded to server then the server can be configured to use the certificate to enable encrypted communication with it adversaries may install ssl certificates that can be used to further their operations such as encrypting c2 traffic ex asymmetric cryptography with web protocols or lending credibility to credential harvesting site installation of digital certificates may take place for number of server types including web servers and email servers adversaries can obtain digital certificates see digital certificates or create self signed certificates see digital certificates digital certificates can then be installed on adversary controlled infrastructure that may have been acquired acquire infrastructure or previously compromised compromise infrastructure,0
adversaries may put in place resources that are referenced by link that can be used during targeting an adversary may rely upon user clicking malicious link in order to divulge information including credentials or to gain execution as in malicious link links can be used for spearphishing such as sending an email accompanied by social engineering text to coax the user to actively click or copy and paste url into browser prior to phish for information as in spearphishing link or phish to gain initial access to system as in spearphishing link an adversary must set up the resources for link target for the spearphishing link typically the resources for link target will be an html page that may include some client side script such as javascript to decide what content to serve to the user adversaries may clone legitimate sites to serve as the link target this can include cloning of login pages of legitimate web services or organization login pages in an effort to harvest credentials during spearphishing link adversaries may also upload malware and have the link target point to malware for download by the user adversaries may purchase domains similar to legitimate domains ex homoglyphs typosquatting different top level domain etc during acquisition of infrastructure domains to help facilitate malicious link links can be written by adversaries to mask the true destination in order to deceive victims by abusing the url schema and increasing the effectiveness of phishing adversaries may also use free or paid accounts on link shortening services and platform as service providers to host link targets while taking advantage of the widely trusted domains of those providers to avoid being blocked while redirecting victims to malicious pages in addition adversaries may serve variety of malicious links through uniquely generated uris including one time single use links finally adversaries may take advantage of the decentralized nature of the interplanetary file system ipfs to host link targets that are difficult to remove,0
adversaries may poison mechanisms that influence search engine optimization seo to further lure staged capabilities towards potential victims search engines typically display results to users based on purchased ads as well as the site ranking calculated by their web crawlers and algorithms to help facilitate drive by compromise adversaries may stage content that explicitly manipulates seo rankings in order to promote sites hosting their malicious payloads such as drive by target within search engines poisoning seo rankings may involve various tricks such as stuffing keywords including in the form of hidden text into compromised sites these keywords could be related to the interests habits of the intended victim as well as more broad seasonably popular topics elections trending news in addition to internet search engines such as google adversaries may also aim to manipulate specific in site searches for developer platforms such as github to deceive users towards supply chain compromise lures in site searches will rank search results according to their own algorithms and metrics such as popularity which may be targeted and gamed by malicious actors adversaries may also purchase or plant incoming links to staged capabilities in order to boost the site calculated relevance and reputation seo poisoning may also be combined with evasive redirects and other cloaking mechanisms such as measuring mouse movements or serving content based on browser user agents user language settings or http headers in order to feed seo inputs while avoiding scrutiny from defenders,0
adversaries may upload malware to third party or adversary controlled infrastructure to make it accessible during targeting malicious software can include payloads droppers post compromise tools backdoors and variety of other malicious content adversaries may upload malware to support their operations such as making payload available to victim network to enable ingress tool transfer by placing it on an internet accessible web server malware may be placed on infrastructure that was previously purchased by the adversary acquire infrastructure or was otherwise compromised by them compromise infrastructure malware can also be staged on web services such as github or pastebin hosted on the interplanetary file system ipfs where decentralized content storage makes the removal of malicious files difficult or saved on the blockchain as smart contracts which are resilient against takedowns that would affect traditional infrastructure adversaries may upload backdoored files such as software packages application binaries virtual machine images or container images to third party software stores package libraries extension marketplaces or repositories ex github cnet aws community amis docker hub pypi npm by chance encounter victims may directly download these backdoored files via user execution masquerading including typosquatting legitimate software may increase the chance of users mistakenly executing these files,0
adversaries may upload tools to third party or adversary controlled infrastructure to make it accessible during targeting tools can be open or closed source free or commercial tools can be used for malicious purposes by an adversary but unlike malware were not intended to be used for those purposes ex psexec adversaries may upload tools to support their operations such as making tool available to victim network to enable ingress tool transfer by placing it on an internet accessible web server tools may be placed on infrastructure that was previously purchased by the adversary acquire infrastructure or was otherwise compromised by them compromise infrastructure tools can also be staged on web services such as an adversary controlled github repo or on platform as service offerings that enable users to easily provision applications adversaries can avoid the need to upload tool by having compromised victim machines download the tool directly from third party hosting location ex non adversary controlled github repo including the original hosting site of the tool,0
adversaries can steal application access tokens as means of acquiring credentials to access remote systems and resources application access tokens are used to make authorized api requests on behalf of user or service and are commonly used as way to access resources in cloud and container based applications and software as service saas adversaries who steal account api tokens in cloud and containerized environments may be able to access data and perform actions with the permissions of these accounts which can lead to privilege escalation and further compromise of the environment for example in kubernetes environments processes running inside container may communicate with the kubernetes api server using service account tokens if container is compromised an adversary may be able to steal the container token and thereby gain access to kubernetes api commands similarly instances within continuous development continuous integration ci pipelines will often use api tokens to authenticate to other services for testing and deployment if these pipelines are compromised adversaries may be able to steal these tokens and leverage their privileges in azure an adversary who compromises resource with an attached managed identity such as an azure vm can request short lived tokens through the azure instance metadata service imds these tokens can then facilitate unauthorized actions or further access to other azure services bypassing typical credential based authentication token theft can also occur through social engineering in which case user action may be required to grant access oauth is one commonly implemented framework that issues tokens to users for access to systems an application desiring access to cloud based services or protected apis can gain entry using oauth through variety of authorization protocols an example commonly used sequence is microsoft authorization code grant flow an oauth access token enables third party application to interact with resources containing user data in the ways requested by the application without obtaining user credentials adversaries can leverage oauth authorization by constructing malicious application designed to be granted access to resources with the target user oauth token the adversary will need to complete registration of their application with the authorization server for example microsoft identity platform using azure portal the visual studio ide the command line interface powershell or rest api calls then they can send spearphishing link to the target user to entice them to grant access to the application once the oauth access token is granted the application can gain potentially long term access to features of the user account through application access token application access tokens may function within limited lifetime limiting how long an adversary can utilize the stolen token however in some cases adversaries can also steal application refresh tokens allowing them to obtain new access tokens without prompting the user,0
an adversary may steal web application or service session cookies and use them to gain access to web applications or internet services as an authenticated user without needing credentials web applications and services often use session cookies as an authentication token after user has authenticated to website cookies are often valid for an extended period of time even if the web application is not actively used cookies can be found on disk in the process memory of the browser and in network traffic to remote systems additionally other applications on the targets machine might store sensitive authentication cookies in memory apps which authenticate to cloud services session cookies can be used to bypasses some multi factor authentication protocols there are several examples of malware targeting cookies from web browsers on the local system adversaries may also steal cookies by injecting malicious javascript content into websites or relying on user execution by tricking victims into running malicious javascript in their browser there are also open source frameworks such as evilginx2 and muraena that can gather session cookies through malicious proxy adversary in the middle that can be set up by an adversary and used in phishing campaigns after an adversary acquires valid cookie they can then perform web session cookie technique to login to the corresponding web application,1
adversaries may steal or forge certificates used for authentication to access remote systems or resources digital certificates are often used to sign and encrypt messages and files certificates are also used as authentication material for example entra id device certificates and active directory certificate services ad cs certificates bind to an identity and can be used as credentials for domain accounts authentication certificates can be both stolen and forged for example ad cs certificates can be stolen from encrypted storage in the registry or files misplaced certificate files unsecured credentials or directly from the windows certificate store via various crypto apis with appropriate enrollment rights users and machines within domain can also request and manually renew certificates from enterprise certificate authorities ca this enrollment process defines various settings and permissions associated with the certificate of note the certificate extended key usage eku values define signing encryption and authentication use cases while the certificate subject alternative name san values define the certificate owner alternate names abusing certificates for authentication credentials may enable other behaviors such as lateral movement certificate related misconfigurations may also enable opportunities for privilege escalation by way of allowing users to impersonate or assume privileged accounts or permissions via the identities sans associated with certificate these abuses may also enable persistence via stealing or forging certificates that can be used as valid accounts for the duration of the certificate validity despite user password resets authentication certificates can also be stolen and forged for machine accounts adversaries who have access to root or subordinate ca certificate private keys or mechanisms protecting these keys may also establish persistence by forging arbitrary authentication certificates for the victim domain known as golden certificates adversaries may also target certificates and related services in order to access other forms of credentials such as golden ticket ticket granting tickets tgt or ntlm plaintext,1
adversaries may attempt to subvert kerberos authentication by stealing or forging kerberos tickets to enable pass the ticket kerberos is an authentication protocol widely used in modern windows domain environments in kerberos environments referred to as realms there are three basic participants client service and key distribution center kdc clients request access to service and through the exchange of kerberos tickets originating from kdc they are granted access after having successfully authenticated the kdc is responsible for both authentication and ticket granting adversaries may attempt to abuse kerberos by stealing tickets or forging tickets to enable unauthorized access on windows the built in code klist utility can be used to list and analyze cached kerberos tickets,1
adversaries may reveal credentials of accounts that have disabled kerberos preauthentication by password cracking kerberos messages preauthentication offers protection against offline password cracking when enabled user requesting access to resource initiates communication with the domain controller dc by sending an authentication server request as req message with timestamp that is encrypted with the hash of their password if and only if the dc is able to successfully decrypt the timestamp with the hash of the user password it will then send an authentication server response as rep message that contains the ticket granting ticket tgt to the user part of the as rep message is signed with the user password for each account found without preauthentication an adversary may send an as req message without the encrypted timestamp and receive an as rep message with tgt data which may be encrypted with an insecure algorithm such as rc4 the recovered encrypted data may be vulnerable to offline password cracking attacks similarly to kerberoasting and expose plaintext credentials an account registered to domain with or without special privileges can be abused to list all domain accounts that have preauthentication disabled by utilizing windows tools like powershell with an ldap filter alternatively the adversary may send an as req message for each user if the dc responds without errors the account does not require preauthentication and the as rep message will already contain the encrypted data cracked hashes may enable persistence privilege escalation and lateral movement via access to valid accounts,0
adversaries may attempt to steal kerberos tickets stored in credential cache files or ccache these files are used for short term storage of user active session credentials the ccache file is created upon user authentication and allows for access to multiple services without the user having to re enter credentials the code configuration file and the code krb5ccname environment variable are used to set the storage location for ccache entries on linux credentials are typically stored in the directory with naming format of krb5cc uid or krb5 ccache on macos ccache entries are stored by default in memory with an api uuid naming scheme typically users interact with ticket storage using code kinit which obtains ticket granting ticket tgt for the principal code klist which lists obtained tickets currently held in the credentials cache and other built in binaries adversaries can collect tickets from ccache files stored on disk and authenticate as the current user without their password to perform pass the ticket attacks adversaries can also use these tickets to impersonate legitimate users with elevated privileges to perform privilege escalation tools like kekeo can also be used by adversaries to convert ccache files to windows format for further lateral movement on macos adversaries may use open source tools or the kerberos framework to interact with ccache files and extract tgts or service tickets via lower level apis,1
adversaries who have the krbtgt account password hash may forge kerberos ticket granting tickets tgt also known as golden ticket golden tickets enable adversaries to generate authentication material for any account in active directory using golden ticket adversaries are then able to request ticket granting service tgs tickets which enable access to specific resources golden tickets require adversaries to interact with the key distribution center kdc in order to obtain tgs the kdc service runs all on domain controllers that are part of an active directory domain krbtgt is the kerberos key distribution center kdc service account and is responsible for encrypting and signing all kerberos tickets the krbtgt password hash may be obtained using os credential dumping and privileged access to domain controller,0
adversaries may abuse valid kerberos ticket granting ticket tgt or sniff network traffic to obtain ticket granting service tgs ticket that may be vulnerable to brute force service principal names spns are used to uniquely identify each instance of windows service to enable authentication kerberos requires that spns be associated with at least one service logon account an account specifically tasked with running service adversaries possessing valid kerberos ticket granting ticket tgt may request one or more kerberos ticket granting service tgs service tickets for any spn from domain controller dc portions of these tickets may be encrypted with the rc4 algorithm meaning the kerberos tgs rep etype hash of the service account associated with the spn is used as the private key and is thus vulnerable to offline brute force attacks that may expose plaintext credentials this same behavior could be executed using service tickets captured from network traffic cracked hashes may enable persistence privilege escalation and lateral movement via access to valid accounts,0
adversaries who have the password hash of target service account sharepoint mssql may forge kerberos ticket granting service tgs tickets also known as silver tickets kerberos tgs tickets are also known as service tickets silver tickets are more limited in scope in than golden tickets in that they only enable adversaries to access particular resource mssql and the system that hosts the resource however unlike golden tickets adversaries with the ability to forge silver tickets are able to create tgs tickets without interacting with the key distribution center kdc potentially making detection more difficult password hashes for target services may be obtained using os credential dumping or kerberoasting,0
adversaries may undermine security controls that will either warn users of untrusted activity or prevent execution of untrusted programs operating systems and security products may contain mechanisms to identify programs or websites as possessing some level of trust examples of such features would include program being allowed to run because it is signed by valid code signing certificate program prompting the user with warning because it has an attribute set from being downloaded from the internet or getting an indication that you are about to connect to an untrusted site adversaries may attempt to subvert these trust mechanisms the method adversaries use will depend on the specific mechanism they seek to subvert adversaries may conduct file and directory permissions modification or modify registry in support of subverting these controls adversaries may also create or steal code signing certificates to acquire trust on target systems,1
adversaries may create acquire or steal code signing materials to sign their malware or tools code signing provides level of authenticity on binary from the developer and guarantee that the binary has not been tampered with the certificates used during an operation may be created acquired or stolen by the adversary unlike invalid code signature this activity will result in valid signature code signing to verify software on first run can be used on modern windows and macos systems it is not used on linux due to the decentralized nature of the platform code signing certificates may be used to bypass security policies that require signed code to execute on system,0
adversaries may modify code signing policies to enable execution of unsigned or self signed code code signing provides level of authenticity on program from developer and guarantee that the program has not been tampered with security controls can include enforcement mechanisms to ensure that only valid signed code can be run on an operating system some of these security controls may be enabled by default such as driver signature enforcement dse on windows or system integrity protection sip on macos other such controls may be disabled by default but are configurable through application controls such as only allowing signed dynamic link libraries dlls to execute on system since it can be useful for developers to modify default signature enforcement policies during the development and testing of applications disabling of these features may be possible with elevated permissions adversaries may modify code signing policies in number of ways including through use of command line or gui utilities modify registry rebooting the computer in debug mode or by altering the value of variables in kernel memory examples of commands that can modify the code signing policy of system include code bcdedit exe set testsigning on on windows and code csrutil disable on macos depending on the implementation successful modification of signing policy may require reboot of the compromised system additionally some implementations can introduce visible artifacts for the user ex watermark in the corner of the screen stating the system is in test mode adversaries may attempt to remove such artifacts to gain access to kernel memory to modify variables related to signature checks such as modifying code cioptions to disable driver signature enforcement adversaries may conduct exploitation for privilege escalation using signed but vulnerable driver,0
adversaries may modify file attributes and subvert gatekeeper functionality to evade user prompts and execute untrusted programs gatekeeper is set of technologies that act as layer of apple security model to ensure only trusted applications are executed on host gatekeeper was built on top of file quarantine in snow leopard and has grown to include code signing security policy compliance notarization and more gatekeeper also treats applications running for the first time differently than reopened applications based on an opt in system when files are downloaded an extended attribute xattr called com apple quarantine also known as quarantine flag can be set on the file by the application performing the download launch services opens the application in suspended state for first run applications with the quarantine flag set gatekeeper executes the following functions checks extended attribute gatekeeper checks for the quarantine flag then provides an alert prompt to the user to allow or deny execution checks system policies gatekeeper checks the system security policy allowing execution of apps downloaded from either just the app store or the app store and identified developers code signing gatekeeper checks for valid code signature from an apple developer id notarization using the api apple cloudkit com api gatekeeper reaches out to apple servers to verify or pull down the notarization ticket and ensure the ticket is not revoked users can override notarization which will result in prompt of executing an unauthorized app and the security policy will be modified adversaries can subvert one or multiple security controls within gatekeeper checks through logic errors exploitation for stealth unchecked file types and external libraries for example prior to macos ventura code signing and notarization checks were only conducted on first launch allowing adversaries to write malicious executables to previously opened applications in order to bypass gatekeeper security checks applications and files loaded onto the system from usb flash drive optical disk external hard drive from drive shared over the local network or using the curl command may not set the quarantine flag additionally it is possible to avoid setting the quarantine flag using drive by compromise,0
adversaries may install root certificate on compromised system to avoid warnings when connecting to adversary controlled web servers root certificates are used in public key cryptography to identify root certificate authority ca when root certificate is installed the system or application will trust certificates in the root chain of trust that have been signed by the root certificate certificates are commonly used for establishing secure tls communications within web browser when user attempts to browse website that presents certificate that is not trusted an error message will be displayed to warn the user of the security risk depending on the security settings the browser may not allow the user to establish connection to the website installation of root certificate on compromised system would give an adversary way to degrade the security of that system adversaries have used this technique to avoid security warnings prompting users when compromised systems connect over to adversary controlled web servers that spoof legitimate websites in order to collect login credentials atypical root certificates have also been pre installed on systems by the manufacturer or in the software supply chain and were used in conjunction with malware to provide adversary in the middle capability for intercepting information transmitted over secure tls communications root certificates and their associated chains can also be cloned and reinstalled cloned certificate chains will carry many of the same metadata characteristics of the source and can be used to sign malicious code that may then bypass signature validation tools ex sysinternals antivirus etc used to block execution and uncover artifacts of persistence in macos the ay mami malware uses code add trusted cert trustroot to install malicious certificate as trusted root certificate into the system keychain,1
adversaries may abuse specific file formats to subvert mark of the web motw controls in windows when files are downloaded from the internet they are tagged with hidden ntfs alternate data stream ads named code zone identifier with specific value known as the motw files that are tagged with motw are protected and cannot perform certain actions for example starting in ms office if ms office file has the motw it will open in protected view executables tagged with the motw will be processed by windows defender smartscreen that compares files with an allowlist of well known executables if the file is not known smartscreen will prevent the execution and warn the user not to run it adversaries may abuse container files such as compressed arj gzip and disk image iso vhd file formats to deliver malicious payloads that may not be tagged with motw container files downloaded from the internet will be marked with motw but the files within may not inherit the motw after the container files are extracted and mounted motw is ntfs feature and many container files do not support ntfs alternative data streams after container file is extracted and mounted the files contained within them may be treated as local files on disk and run without protections,0
adversaries may tamper with sip and trust provider components to mislead the operating system and application control tools when conducting signature validation checks in user mode windows authenticode digital signatures are used to verify file origin and integrity variables that may be used to establish trust in signed code ex driver with valid microsoft signature may be handled as safe the signature validation process is handled via the winverifytrust application programming interface api function which accepts an inquiry and coordinates with the appropriate trust provider which is responsible for validating parameters of signature because of the varying executable file types and corresponding signature formats microsoft created software components called subject interface packages sips to provide layer of abstraction between api functions and files sips are responsible for enabling api functions to create retrieve calculate and verify signatures unique sips exist for most file formats executable powershell installer etc with catalog signing providing catch all and are identified by globally unique identifiers guids similar to code signing adversaries may abuse this architecture to subvert trust controls and bypass security policies that allow only legitimately signed code to execute on system adversaries may hijack sip and trust provider components to mislead operating system and application control tools to classify malicious or any code as signed by modifying the code dll and code funcname registry values in code hklm software wow6432node microsoft cryptography oid encodingtype cryptsipdllgetsigneddatamsg sip guid that point to the dynamic link library dll providing sip cryptsipdllgetsigneddatamsg function which retrieves an encoded digital certificate from signed file by pointing to maliciously crafted dll with an exported function that always returns known good signature value ex microsoft signature for portable executables rather than the file real signature an adversary can apply an acceptable signature value to all files using that sip although hash mismatch will likely occur invalidating the signature since the hash returned by the function will not match the value computed from the file modifying the code dll and code funcname registry values in code hklm software wow6432node microsoft cryptography oid encodingtype cryptsipdllverifyindirectdata sip guid that point to the dll providing sip cryptsipdllverifyindirectdata function which validates file computed hash against the signed hash value by pointing to maliciously crafted dll with an exported function that always returns true indicating that the validation was successful an adversary can successfully validate any file with legitimate signature using that sip with or without hijacking the previously mentioned cryptsipdllgetsigneddatamsg function this registry value could also be redirected to suitable exported function from an already present dll avoiding the requirement to drop and execute new file on disk modifying the code dll and code function registry values in code hklm software wow6432node microsoft cryptography providers trust finalpolicy trust provider guid that point to the dll providing trust provider finalpolicy function which is where the decoded and parsed signature is checked and the majority of trust decisions are made similar to hijacking sip cryptsipdllverifyindirectdata function this value can be redirected to suitable exported function from an already present dll or maliciously crafted dll though the implementation of trust provider is complex note the above hijacks are also possible without modifying the registry via dll search order hijacking hijacking sip or trust provider components can also enable persistent code execution since these malicious components may be invoked by any application that performs code signing or signature validation,0
adversaries may manipulate products or product delivery mechanisms prior to receipt by final consumer for the purpose of data or system compromise supply chain compromise can take place at any stage of the supply chain including manipulation of development tools manipulation of development environment manipulation of source code repositories public or private manipulation of source code in open source dependencies manipulation of software update mechanisms compromised system images removable media infected at the factory replacement of legitimate software with modified versions sales of modified products to legitimate distributors shipment interdiction while supply chain compromise can impact any component of hardware or software adversaries looking to gain execution have often focused on malicious additions to legitimate software in software distribution or update channels adversaries may limit targeting to desired victim set or distribute malicious software to broad set of consumers but only follow up with specific victims popular open source projects that are used as dependencies in many applications may also be targeted as means to add malicious code to users of the dependency in some cases adversaries may conduct second order supply chain compromises by leveraging the access gained from an initial supply chain compromise to further compromise software component this may allow the threat actor to spread to even more victims,1
adversaries may manipulate hardware components in products prior to receipt by final consumer for the purpose of data or system compromise by modifying hardware or firmware in the supply chain adversaries can insert backdoor into consumer networks that may be difficult to detect and give the adversary high degree of control over the system hardware backdoors may be inserted into various devices such as servers workstations network infrastructure or peripherals,1
adversaries may manipulate software dependencies and development tools prior to receipt by final consumer for the purpose of data or system compromise applications often depend on external software to function properly popular open source projects that are used as dependencies in many applications such as pip and npm packages may be targeted as means to add malicious code to users of the dependency this may also include abandoned packages which in some cases could be re registered by threat actors after being removed by adversaries adversaries may also employ typosquatting or name confusion by choosing names similar to existing popular libraries or packages in order to deceive user additionally ci pipeline components such as github actions may be targeted in order to gain access to the building testing and deployment cycles of an application by adding malicious code into github action threat actor may be able to collect runtime credentials via proc filesystem or insert further malicious components into the build pipelines for second order supply chain compromise as github actions are often dependent on other github actions threat actors may be able to infect large number of repositories via the compromise of single action targeting may be specific to desired victim set or may be distributed to broad set of consumers but only move on to additional tactics on specific victims,1
adversaries may manipulate application software prior to receipt by final consumer for the purpose of data or system compromise supply chain compromise of software can take place in number of ways including manipulation of the application source code manipulation of the update mechanism for that software or replacing compiled releases with modified version targeting may be specific to desired victim set or may be distributed to broad set of consumers but only move on to additional tactics on specific victims,1
adversaries may bypass process and signature based defenses by proxying execution of malicious content with signed or otherwise trusted binaries binaries used in this technique are often microsoft signed files indicating that they have been either downloaded from microsoft or are already native in the operating system binaries signed with trusted digital certificates can typically execute on windows systems protected by digital signature validation several microsoft signed binaries that are default on windows installations can be used to proxy execution of other files or commands similarly on linux systems adversaries may abuse trusted binaries such as code split to proxy execution of malicious commands,1
adversaries may abuse cmstp to proxy execution of malicious code the microsoft connection manager profile installer cmstp exe is command line program used to install connection manager service profiles cmstp exe accepts an installation information file inf as parameter and installs service profile leveraged for remote access connections adversaries may supply cmstp exe with inf files infected with malicious commands similar to regsvr32 squiblydoo cmstp exe may be abused to load and execute dlls and com scriptlets sct from remote servers this execution may also bypass applocker and other application control defenses since cmstp exe is legitimate binary that may be signed by microsoft cmstp exe can also be abused to bypass user account control and execute arbitrary commands from malicious inf through an auto elevated com interface,0
adversaries may abuse compiled html files chm to conceal malicious code chm files are commonly distributed as part of the microsoft html help system chm files are compressed compilations of various content such as html documents images and scripting related programming languages such vba jscript java and activex chm content is displayed using underlying components of the internet explorer browser loaded by the html help executable program hh exe custom chm file containing embedded payloads could be delivered to victim then triggered by user execution chm execution may also bypass application application control on older and unpatched systems that do not account for execution of binaries through hh exe,0
adversaries may abuse control exe to proxy execution of malicious payloads the windows control panel process binary control exe handles execution of control panel items which are utilities that allow users to view and adjust computer settings control panel items are registered executable exe or control panel cpl files the latter are actually renamed dynamic link library dll files that export code cplapplet function for ease of use control panel items typically include graphical menus available to users after being registered and loaded into the control panel control panel items can be executed directly from the command line programmatically via an application programming interface api call or by simply double clicking the file malicious control panel items can be delivered via phishing campaigns or executed as part of multi stage malware control panel items specifically cpl files may also bypass application and file extension allow lists adversaries may also rename malicious dll files dll with control panel file extensions cpl and register them to code hkcu software microsoft windows currentversion control panel cpls even when these registered dlls do not comply with the cpl file specification and do not export code cplapplet functions they are loaded and executed through its code dllentrypoint when control panel is executed cpl files not exporting code cplapplet are not directly executable,0
adversaries may abuse components of the electron framework to execute malicious code the electron framework hosts many common applications such as signal slack and microsoft teams originally developed by github electron is cross platform desktop application development framework that employs web technologies like javascript html and css the chromium engine is used to display web content and node js runs the backend code due to the functional mechanics of electron such as allowing apps to run arbitrary commands adversaries may also be able to perform malicious functions in the background potentially disguised as legitimate tools within the framework for example the abuse of teams exe and chrome exe may allow adversaries to execute malicious commands as child processes of the legitimate application chrome exe disable gpu sandbox gpu launcher calc exe adversaries may also execute malicious content by planting malicious javascript within electron applications,1
adversaries may use installutil to proxy execution of code through trusted windows utility installutil is command line utility that allows for installation and uninstallation of resources by executing specific installer components specified in net binaries the installutil binary may also be digitally signed by microsoft and located in the net directories on windows system code and code installutil may also be used to bypass application control through use of attributes within the binary that execute the class decorated with the attribute code system componentmodel runinstaller true,0
adversaries may abuse mmc exe to proxy execution of malicious msc files microsoft management console mmc is binary that may be signed by microsoft and is used in several ways in either its gui or in command prompt mmc can be used to create open and save custom consoles that contain administrative tools created by microsoft called snap ins these snap ins may be used to manage windows systems locally or remotely mmc can also be used to open microsoft created msc files to manage system configuration for example code mmc will open custom saved console msc file in author mode another common example is code mmc gpedit msc which will open the group policy editor application window adversaries may use mmc commands to perform malicious tasks for example code mmc wbadmin msc delete catalog quiet deletes the backup catalog on the system inhibit system recovery without prompts to the user note code wbadmin msc may only be present by default on windows server operating systems adversaries may also abuse mmc to execute malicious msc files for example adversaries may first create malicious registry class identifier clsid subkey which uniquely identifies component object model class object then adversaries may create custom consoles with the link to web address snap in that is linked to the malicious clsid subkey once the msc file is saved adversaries may invoke the malicious clsid payload with the following command code mmc exe embedding,0
adversaries may abuse mavinject exe to proxy execution of malicious code mavinject exe is the microsoft application virtualization injector windows utility that can inject code into external processes as part of microsoft application virtualization app adversaries may abuse mavinject exe to inject malicious dlls into running processes dynamic link library injection allowing for arbitrary code execution ex code pid path dll since mavinject exe may be digitally signed by microsoft proxying execution via this method may evade detection by security products because the execution is masked under legitimate process in addition to dynamic link library injection mavinject exe can also be abused to perform import descriptor injection via its code command line parameter ex code mavinject exe pid path dll ordinal number this command would inject an import table entry consisting of the specified dll into the module at the given base address,0
adversaries may abuse mshta exe to proxy execution of malicious hta files and javascript or vbscript through trusted windows utility there are several examples of different types of threats leveraging mshta exe during initial compromise and for execution of code mshta exe is utility that executes microsoft html applications hta files htas are standalone applications that execute using the same models and technologies of internet explorer but outside of the browser files may be executed by mshta exe through an inline script code mshta vbscript close execute getobject script they may also be executed directly from urls code mshta mshta exe can be used to bypass application control solutions that do not account for its potential use since mshta exe executes outside of the internet explorer security context it also bypasses browser security settings,0
adversaries may abuse msiexec exe to proxy execution of malicious payloads msiexec exe is the command line utility for the windows installer and is thus commonly associated with executing installation packages msi the msiexec exe binary may also be digitally signed by microsoft adversaries may abuse msiexec exe to launch local or network accessible msi files msiexec exe can also execute dlls since it may be signed and native on windows systems msiexec exe can be used to bypass application control solutions that do not account for its potential abuse msiexec exe execution may also be elevated to system privileges if the code alwaysinstallelevated policy is enabled,0
adversaries may abuse odbcconf exe to proxy execution of malicious payloads odbcconf exe is windows utility that allows you to configure open database connectivity odbc drivers and data source names the odbcconf exe binary may be digitally signed by microsoft adversaries may abuse odbcconf exe to bypass application control solutions that do not account for its potential abuse similar to regsvr32 odbcconf exe has code regsvr flag that can be misused to execute dlls ex code odbcconf exe lbrace regsvr,0
adversaries may abuse regsvcs and regasm to proxy execution of code through trusted windows utility regsvcs and regasm are windows command line utilities that are used to register net component object model com assemblies both are binaries that may be digitally signed by microsoft both utilities may be used to bypass application control through use of attributes within the binary to specify code that should be run before registration or unregistration code comregisterfunction or code comunregisterfunction respectively the code with the registration and unregistration attributes will be executed even if the process is run under insufficient privileges and fails to execute,0
adversaries may abuse regsvr32 exe to proxy execution of malicious code regsvr32 exe is command line program used to register and unregister object linking and embedding controls including dynamic link libraries dlls on windows systems the regsvr32 exe binary may also be signed by microsoft malicious usage of regsvr32 exe may avoid triggering security tools that may not monitor execution of and modules loaded by the regsvr32 exe process because of allowlists or false positives from windows using regsvr32 exe for normal operations regsvr32 exe can also be used to specifically bypass application control using functionality to load com scriptlets to execute dlls under user permissions since regsvr32 exe is network and proxy aware the scripts can be loaded by passing uniform resource locator url to file on an external web server as an argument during invocation this method makes no changes to the registry as the com object is not actually registered only executed this variation of the technique is often referred to as squiblydoo and has been used in campaigns targeting governments regsvr32 exe can also be leveraged to register com object used to establish persistence via component object model hijacking,0
adversaries may abuse rundll32 exe to proxy execution of malicious code using rundll32 exe vice executing directly shared modules may avoid triggering security tools that may not monitor execution of the rundll32 exe process because of allowlists or false positives from normal operations rundll32 exe is commonly associated with executing dll payloads ex code rundll32 exe dllname dllfunction rundll32 exe can also be used to execute control panel item files cpl through the undocumented shell32 dll functions code control rundll and code control rundllasuser double clicking cpl file also causes rundll32 exe to execute for example clickonce can be proxied through rundll32 exe rundll32 can also be used to execute scripts such as javascript this can be done using syntax similar to this code rundll32 exe javascript mshtml runhtmlapplication document write getobject script this behavior has been seen used by malware such as poweliks threat actors may also abuse legitimate signed system dlls code zipfldr dll ieframe dll with code rundll32 exe to execute malicious programs or scripts indirectly making their activity appear more legitimate and evading detection adversaries may also attempt to obscure malicious code from analysis by abusing the manner in which rundll32 exe loads dll function names as part of windows compatibility support for various character sets rundll32 exe will first check for wide then ansi character supported functions before loading the specified function given the command code rundll32 exe exampledll dll examplefunction rundll32 exe would first attempt to execute code examplefunctionw or failing that code examplefunctiona before loading code examplefunction adversaries may therefore obscure malicious code by creating multiple identical exported function names and appending code and code to harmless ones dll functions can also be exported and executed by an ordinal number ex code rundll32 exe file dll additionally adversaries may use masquerading techniques such as changing dll file names file extensions or function names to further conceal execution of malicious payload,0
adversaries may abuse verclsid exe to proxy execution of malicious code verclsid exe is known as the extension clsid verification host and is responsible for verifying each shell extension before they are used by windows explorer or the windows shell adversaries may abuse verclsid exe to execute malicious payloads this may be achieved by running code verclsid exe clsid where the file is referenced by class id clsid unique identification number used to identify com objects com payloads executed by verclsid exe may be able to perform various malicious actions such as loading and executing com scriptlets sct from remote servers similar to regsvr32 since the binary may be signed and native on windows systems proxying execution via verclsid exe may bypass application control solutions that do not account for its potential abuse,0
an adversary may attempt to get detailed information about the operating system and hardware including version patches hotfixes service packs and architecture adversaries may use this information to shape follow on behaviors including whether or not the adversary fully infects the target and attempts specific actions this behavior is distinct from local storage discovery which is an adversary discovery of local drive disks and volumes tools such as systeminfo can be used to gather detailed system information if running with privileged access breakdown of system data can be gathered through the code systemsetup configuration tool on macos adversaries may leverage network device cli on network devices to gather detailed system information code show version on esxi servers threat actors may gather system information from various esxcli utilities such as system hostname get and system version get infrastructure as service iaas cloud providers such as aws gcp and azure allow access to instance and virtual machine information via apis successful authenticated api calls can return data such as the operating system platform and status of particular instance or the model view of virtual machine system information discovery combined with information gathered from other forms of discovery and reconnaissance can drive payload development and concealment,1
adversaries may gather information in an attempt to calculate the geographical location of victim host adversaries may use the information from system location discovery during automated discovery to shape follow on behaviors including whether or not the adversary fully infects the target and attempts specific actions adversaries may attempt to infer the location of system using various system checks such as time zone keyboard layout and language settings windows api functions such as code getlocaleinfow can also be used to determine the locale of the host in cloud environments an instance availability zone may also be discovered by accessing the instance metadata service from the instance adversaries may also attempt to infer the location of victim host using ip addressing such as via online geolocation ip lookup services,1
adversaries may attempt to gather information about the system language of victim in order to infer the geographical location of that host this information may be used to shape follow on behaviors including whether the adversary infects the target and attempts specific actions this decision may be employed by malware developers and operators to reduce their risk of attracting the attention of specific law enforcement agencies or prosecution from other entities there are various sources of data an adversary could use to infer system language such as system defaults and keyboard layouts specific checks will vary based on the target and adversary but may involve behaviors such as query registry and calls to native api functions for example on windows system adversaries may attempt to infer the language of system by querying the registry key code hkey local machine system currentcontrolset control nls language or parsing the outputs of windows api functions code getuserdefaultuilanguage code getsystemdefaultuilanguage code getkeyboardlayoutlist and code getuserdefaultlangid on macos or linux system adversaries may query code locale to retrieve the value of the code lang environment variable,1
adversaries may look for details about the network configuration and settings such as ip and mac addresses of systems they access or through information discovery of remote systems several operating system administration utilities exist that can be used to gather this information examples include arp ipconfig nbtstat and route adversaries may also leverage network device cli on network devices to gather information about configurations and settings such as ip addresses of configured interfaces and static routes code show ip route code show ip interface on esxi adversaries may leverage esxcli to gather network configuration information for example the command esxcli network nic list will retrieve the mac address while esxcli network ip interface ipv4 get will retrieve the local ipv4 address adversaries may use the information from system network configuration discovery during automated discovery to shape follow on behaviors including determining certain access within the target network and what actions to do next,1
adversaries may check for internet connectivity on compromised systems this may be performed during automated discovery and can be accomplished in numerous ways such as using ping code tracert and get requests to websites or performing initial speed testing to confirm bandwidth adversaries may use the results and responses from these requests to determine if the system is capable of communicating with their c2 servers before attempting to connect to them the results may also be used to identify routes redirectors and proxy servers,1
adversaries may search for information about wi fi networks such as network names and passwords on compromised systems adversaries may use wi fi information as part of account discovery remote system discovery and other discovery or credential access activity to support both ongoing and future campaigns adversaries may collect various types of information about wi fi networks from hosts for example on windows names and passwords of all wi fi networks device has previously connected to may be available through netsh wlan show profiles to enumerate wi fi names and then netsh wlan show profile wi fi name key clear to show wi fi network corresponding password additionally names and other details of locally reachable wi fi networks can be discovered using calls to wlanapi dll native api functions on linux names and passwords of all wi fi networks device has previously connected to may be available in files under on macos the password of known wi fi may be identified with security find generic password wa wifiname requires admin username,1
adversaries may attempt to get listing of network connections to or from the compromised system they are currently accessing or from remote systems by querying for information over the network an adversary who gains access to system that is part of cloud based environment may map out virtual private clouds or virtual networks in order to determine what systems and services are connected the actions performed are likely the same types of discovery techniques depending on the operating system but the resulting information may include details about the networked cloud environment relevant to the adversary goals cloud providers may have different ways in which their virtual networks operate similarly adversaries who gain access to network devices may also perform similar discovery activities to gather information about connected systems and services utilities and commands that acquire this information include netstat net use and net session with net in mac and linux netstat and code lsof can be used to list current connections code who and code can be used to show which users are currently logged in similar to net session additionally built in features native to network devices and network device cli may be used code show ip sockets code show tcp brief on esxi servers the command esxi network ip connection list can be used to list active network connections,1
adversaries may attempt to identify the primary user currently logged in user set of users that commonly uses system or whether user is actively using the system they may do this for example by retrieving account usernames or by using os credential dumping the information may be collected in number of different ways using other discovery techniques because user and username details are prevalent throughout system and include running process ownership file ownership session information and system logs adversaries may use the information from system owner discovery during automated discovery to shape follow on behaviors including whether or not the adversary fully infects the target and attempts specific actions various utilities and commands may acquire this information including code whoami in macos and linux the currently logged in user can be identified with code and code who on macos the code dscl list grep command can also be used to enumerate user accounts environment variables such as code username and code user may also be used to access this information on network devices network device cli commands such as show users and show ssh can be used to display users currently logged into the device,1
adversaries may use trusted scripts often signed with certificates to proxy the execution of malicious files several microsoft signed scripts that have been downloaded from microsoft or are default on windows installations can be used to proxy execution of other files this behavior may be abused by adversaries to execute malicious files that could bypass application control and signature validation on systems,0
adversaries may use pubprn to proxy execution of malicious remote files pubprn vbs is visual basic script that publishes printer to active directory domain services the script may be signed by microsoft and is commonly executed through the windows command shell via code cscript exe for example the following code publishes printer within the specified domain code cscript pubprn printer1 ldap adversaries may abuse pubprn to execute malicious payloads hosted on remote sites to do so adversaries may set the second code script parameter to reference scriptlet file sct hosted on remote site an example command is code pubprn vbs script this behavior may bypass signature validation restrictions and application control solutions that do not account for abuse of this script in later versions of windows code pubprn vbs has been updated to prevent proxying execution from remote site this is done by limiting the protocol specified in the second parameter to code ldap vice the code script moniker which could be used to reference remote code via,0
adversaries may abuse syncappvpublishingserver vbs to proxy execution of malicious powershell commands syncappvpublishingserver vbs is visual basic script associated with how windows virtualizes applications microsoft application virtualization or app for example windows may render win32 applications to users as virtual applications allowing users to launch and interact with them as if they were installed locally the syncappvpublishingserver vbs script is legitimate may be signed by microsoft and is commonly executed from system32 through the command line via wscript exe adversaries may abuse syncappvpublishingserver vbs to bypass powershell execution restrictions and evade defensive counter measures by living off the land proxying execution may function as trusted alternative to directly invoking powershell exe for example powershell commands may be invoked using syncappvpublishingserver vbs powershell,0
adversaries may try to gather information about registered local system services adversaries may obtain information about services using tools as well as os utility commands such as code sc query code tasklist code systemctl type service and code net start adversaries may also gather information about schedule tasks via commands such as schtasks on windows or crontab on linux and macos adversaries may use the information from system service discovery during automated discovery to shape follow on behaviors including whether or not the adversary fully infects the target and attempts specific actions,1
adversaries may abuse system services or daemons to execute commands or programs adversaries can execute malicious content by interacting with or creating services either locally or remotely many services are set to run at boot which can aid in achieving persistence create or modify system process but adversaries can also abuse services for one time or temporary execution,1
adversaries may abuse launchctl to execute commands or programs launchctl interfaces with launchd the service management framework for macos launchctl supports taking subcommands on the command line interactively or even redirected from standard input adversaries use launchctl to execute commands and programs as launch agent or launch daemon common subcommands include code launchctl load unload and code launchctl start adversaries can use scripts or manually run the commands code launchctl load or code load to execute launch agent or launch daemon,0
adversaries may abuse the windows service control manager to execute malicious commands or payloads the windows service control manager code services exe is an interface to manage and manipulate services the service control manager is accessible to users via gui components as well as system utilities such as code sc exe and net psexec can also be used to execute commands or payloads via temporary windows service created through the service control manager api tools such as psexec and code sc exe can accept remote servers as arguments and may be used to conduct remote execution adversaries may leverage these mechanisms to execute malicious content this can be done by either executing new or modified service this technique is the execution used in conjunction with windows service during service persistence or privilege escalation,0
adversaries may abuse systemctl to execute commands or programs systemctl is the primary interface for systemd the linux init system and service manager typically invoked from shell systemctl can also be integrated into scripts or applications adversaries may use systemctl to execute commands or programs as systemd service common subcommands include systemctl start systemctl stop systemctl enable systemctl disable and systemctl status,1
adversaries may shutdown systems to interrupt access to or aid in the destruction of those systems operating systems may contain commands to initiate shutdown of machine or network device in some cases these commands may also be used to initiate shutdown of remote computer or network device via network device cli code reload they may also include shutdown of virtual machine via hypervisor cloud consoles or command line tools shutting down or rebooting systems may disrupt access to computer resources for legitimate users while also impeding incident response adversaries may also use windows api functions such as initializesystemshutdownexw or exitwindowsex to force system to shut down or reboot alternatively the ntraiseharderror or zwraiseharderror windows api functions with the responseoption parameter set to optionshutdownsystem may deliver blue screen of death bsod to system in order to leverage these api functions an adversary may need to acquire seshutdownprivilege via access token manipulation in some cases the system may not be able to boot again adversaries may attempt to shutdown system after impacting it in other ways such as disk structure wipe or inhibit system recovery to hasten the intended effects on system availability,1
an adversary may gather the system time and time zone settings from local or remote system the system time is set and stored by services such as the windows time service on windows or code systemsetup on macos these time settings may also be synchronized between systems and services in an enterprise network typically accomplished with network time server within domain system time information may be gathered in number of ways such as with net on windows by performing code net time hostname to gather the system time on remote system the victim time zone may also be inferred from the current system time or gathered by using code w32tm in addition adversaries can discover device uptime through functions such as code gettickcount to determine how long it has been since the system booted up on network devices network device cli commands such as show clock detail can be used to see the current time configuration on esxi servers esxcli system clock get can be used for the same purpose in addition system calls such as code time have been used to collect the current time on linux devices on macos systems adversaries may use commands such as code systemsetup gettimezone or code timeintervalsincenow to gather current time zone information or current date and time this information could be useful for performing other techniques such as executing file with scheduled task or to discover locality information based on time zone to assist in victim targeting system location discovery adversaries may also use knowledge of system time as part of time bomb or delaying execution until specified date,1
adversaries may deliver payloads to remote systems by adding content to shared storage locations such as network drives or internal code repositories content stored on network drives or in other shared locations may be tainted by adding malicious programs scripts or exploit code to otherwise valid files once user opens the shared tainted content the malicious portion can be executed to run the adversary code on remote system adversaries may use tainted shared content to move laterally directory share pivot is variation on this technique that uses several other techniques to propagate malware when users access shared network directory it uses shortcut modification of directory lnk files that use masquerading to look like the real directories which are hidden through hidden files and directories the malicious lnk based directories have an embedded command that executes the hidden malware file in the directory and then opens the real intended directory so that the user expected action still occurs when used with frequently used network directories the technique may result in frequent reinfections and broad access to systems and potentially to new and higher privileged accounts adversaries may also compromise shared network directories through binary infections by appending or prepending its code to the healthy binary on the shared network directory the malware may modify the original entry point oep of the healthy binary to ensure that it is executed before the legitimate code the infection could continue to spread via the newly infected file when it is executed by remote system these infections may target both binary and non binary formats that end with extensions including but not limited to exe dll scr bat and vbs,1
adversaries may create or modify references in user document templates to conceal malicious code or force authentication attempts for example microsoft office open xml ooxml specification defines an xml based format for office documents docx xlsx pptx to replace older binary formats doc xls ppt ooxml files are packed together zip archives compromised of various xml files referred to as parts containing properties that collectively define how document is rendered properties within parts may reference shared public resources accessed via online urls for example template properties may reference file serving as pre formatted document blueprint that is fetched when the document is loaded adversaries may abuse these templates to initially conceal malicious code to be executed via user documents template references injected into document may enable malicious payloads to be fetched and executed when the document is loaded these documents can be delivered via other techniques such as phishing and taint shared content and may evade static detections since no typical indicators vba macro script etc are present until after the malicious payload is fetched examples have been seen in the wild where template injection was used to load malicious code containing an exploit adversaries may also modify the code template control word within an rtf file to similarly conceal then download malicious code this legitimate control word value is intended to be file destination of template file resource that is retrieved and loaded when an rtf file is opened however adversaries may alter the bytes of an existing rtf file to insert template control word field to include url resource of malicious payload this technique may also enable forced authentication by injecting smb or other credential prompting url and triggering an authentication attempt,0
adversaries may use traffic signaling to hide open ports or other malicious functionality used for persistence or command and control traffic signaling involves the use of magic value or sequence that must be sent to system to trigger special response such as opening closed port or executing malicious task this may take the form of sending series of packets with certain characteristics before port will be opened that the adversary can use for command and control usually this series of packets consists of attempted connections to predefined sequence of closed ports port knocking but can involve unusual flags specific strings or other unique characteristics after the sequence is completed opening port may be accomplished by the host based firewall but could also be implemented by custom software adversaries may also communicate with an already open port but the service listening on that port will only respond to commands or trigger other malicious functionality if passed the appropriate magic value the observation of the signal packets to trigger the communication can be conducted through different methods one means originally implemented by cd00r is to use the libpcap libraries to sniff for the packets in question another method leverages raw sockets which enables the malware to use ports that are already open for use by other programs on network devices adversaries may use crafted packets to enable network device authentication for standard services offered by the device such as telnet such signaling may also be used to open closed service port such as telnet or to trigger module modification of malware implants on the device adding removing or changing malicious capabilities adversaries may use crafted packets to attempt to connect to one or more open or closed ports but may also attempt to connect to router interface broadcast and network address ip on the same port in order to achieve their goals and objectives to enable this traffic signaling on embedded devices adversaries must first achieve and leverage patch system image due to the monolithic nature of the architecture adversaries may also use the wake on lan feature to turn on powered off systems wake on lan is hardware feature that allows powered down system to be powered on or woken up by sending magic packet to it once the system is powered on it may become target for lateral movement,1
adversaries may use port knocking to hide open ports used for persistence or command and control to enable port an adversary sends series of attempted connections to predefined sequence of closed ports after the sequence is completed opening port is often accomplished by the host based firewall but could also be implemented by custom software this technique has been observed both for the dynamic opening of listening port as well as the initiating of connection to listening server on different system the observation of the signal packets to trigger the communication can be conducted through different methods one means originally implemented by cd00r is to use the libpcap libraries to sniff for the packets in question another method leverages raw sockets which enables the malware to use ports that are already open for use by other programs,1
adversaries may attach filters to network socket to monitor then activate backdoors used for persistence or command and control with elevated permissions adversaries can use features such as the libpcap library to open sockets and install filters to allow or disallow certain types of data to come through the socket the filter may apply to all traffic passing through the specified network interface or every interface if not specified when the network interface receives packet matching the filter criteria additional actions can be triggered on the host such as activation of reverse shell to establish connection an adversary sends crafted packet to the targeted host that matches the installed filter criteria adversaries have used these socket filters to trigger the installation of implants conduct ping backs and to invoke command shells communication with these socket filters may also be used in conjunction with protocol tunneling filters can be installed on any unix like platform with libpcap installed or on windows hosts using winpcap adversaries may use either libpcap with pcap setfilter or the standard library function setsockopt with so attach filter options since the socket connection is not active until the packet is received this behavior may be difficult to detect due to the lack of activity on host low cpu overhead and limited visibility into raw socket usage,1
adversaries may exfiltrate data by transferring the data including through sharing and creating backups of cloud environments to another cloud account they control on the same service defender who is monitoring for large transfers to outside the cloud environment through normal file transfers or over command and control channels may not be watching for data transfers to another account within the same cloud provider such transfers may utilize existing cloud provider apis and the internal address space of the cloud provider to blend into normal traffic or avoid data transfers over external network interfaces adversaries may also use cloud native mechanisms to share victim data with adversary controlled cloud accounts such as creating anonymous file sharing links or in azure shared access signature sas uri incidents have been observed where adversaries have created backups of cloud instances and transferred them to separate accounts,0
adversaries may take advantage of trusted developer utilities to proxy execution of malicious payloads there are many utilities used for software development related tasks that can be used to execute code in various forms to assist in development debugging and reverse engineering these utilities may often be signed with legitimate certificates that allow them to execute on system and proxy execution of malicious code through trusted process that effectively bypasses application control solutions smart app control is feature of windows that blocks applications it considers potentially malicious from running by verifying unsigned applications against known safe list from microsoft cloud service before executing them however adversaries may leverage reputation hijacking to abuse an operating system trust of safe signed applications that support the execution of arbitrary code by leveraging trusted developer utilities proxy execution to run their malicious code adversaries may bypass smart app control protections,0
adversaries may use clickonce applications appref ms and application files to proxy execution of code through trusted windows utility clickonce is deployment that enables user to create self updating windows based net applications xbap exe or dll that install and run from file share or web page with minimal user interaction the application launches as child process of dfsvc exe which is responsible for installing launching and updating the application because clickonce applications receive only limited permissions they do not require administrative permissions to install as such adversaries may abuse clickonce to proxy execution of malicious code without needing to escalate privileges clickonce may be abused in number of ways for example an adversary may rely on user execution when user visits malicious website the net malware is disguised as legitimate software and clickonce popup is displayed for installation adversaries may also abuse clickonce to execute malware via rundll32 script using the command rundll32 exe dfshim dll shopenverbapplication1 additionally an adversary can move the clickonce application file to remote user startup folder for continued malicious code deployment registry run keys startup folder,0
adversaries may use jamplus to proxy the execution of malicious script jamplus is build utility tool for code and data build systems it works with several popular compilers and can be used for generating workspaces in code editors such as visual studio adversaries may abuse the jamplus build utility to execute malicious scripts via jam file which describes the build process and required dependencies because the malicious script is executed from reputable developer tool it may subvert application control security systems such as smart app control,0
adversaries may use msbuild to proxy execution of code through trusted windows utility msbuild exe microsoft build engine is software build platform used by visual studio it handles xml formatted project files that define requirements for loading and building various platforms and configurations adversaries can abuse msbuild to proxy execution of malicious code the inline task capability of msbuild that was introduced in net version allows for or visual basic code to be inserted into an xml project file msbuild will compile and execute the inline task msbuild exe is signed microsoft binary so when it is used this way it can execute arbitrary code and bypass application control defenses that are configured to allow msbuild exe execution,0
adversaries may breach or otherwise leverage organizations who have access to intended victims access through trusted third party relationship abuses an existing connection that may not be protected or receives less scrutiny than standard mechanisms of gaining access to network organizations often grant elevated access to second or third party external providers in order to allow them to manage internal systems as well as cloud based environments some examples of these relationships include it services contractors managed security providers infrastructure contractors hvac elevators physical security the third party provider access may be intended to be limited to the infrastructure being maintained but may exist on the same network as the rest of the enterprise as such valid accounts used by the other party for access to internal network systems may be compromised and used in office environments organizations may grant microsoft partners or resellers delegated administrator permissions by compromising partner or reseller account an adversary may be able to leverage existing delegated administrator relationships or send new delegated administrator offers to clients in order to gain administrative control over the victim tenant,1
adversaries may search compromised systems to find and obtain insecurely stored credentials these credentials can be stored and misplaced in many locations on system including plaintext files shell history operating system or application specific repositories credentials in registry or other specialized files private keys,1
adversaries may directly collect unsecured credentials stored or passed through user communication services credentials may be sent and stored in user chat communication applications such as email chat services like slack or teams collaboration tools like jira or trello and any other services that support user communication users may share various forms of credentials such as usernames and passwords api keys or authentication tokens on private or public corporate internal communications channels rather than accessing the stored chat logs credentials in files adversaries may directly access credentials within these services on the user endpoint through servers hosting the services or through administrator portals for cloud hosted services adversaries may also compromise integration tools like slack workflows to automatically search through messages to extract user credentials these credentials may then be abused to perform follow on activities such as lateral movement or privilege escalation,0
adversaries may attempt to access the cloud instance metadata api to collect credentials and other sensitive data most cloud service providers support cloud instance metadata api which is service provided to running virtual instances that allows applications to access information about the running virtual instance available information generally includes name security group and additional metadata including sensitive data such as credentials and userdata scripts that may contain additional secrets the instance metadata api is provided as convenience to assist in managing applications and is accessible by anyone who can access the instance cloud metadata api has been used in at least one high profile compromise if adversaries have presence on the running virtual instance they may query the instance metadata api directly to identify credentials that grant access to additional resources additionally adversaries may exploit server side request forgery ssrf vulnerability in public facing web proxy that allows them to gain access to the sensitive information via request to the instance metadata api the de facto standard across cloud service providers is to host the instance metadata api at code,0
adversaries may gather credentials via apis within containers environment apis in these environments such as the docker api and kubernetes apis allow user to remotely manage their container resources and cluster components an adversary may access the docker api to collect logs that contain credentials to cloud container and various other resources in the environment an adversary with sufficient permissions such as via pod service account may also use the kubernetes api to retrieve credentials from the kubernetes api server these credentials may include those needed for docker api authentication or secrets from kubernetes cluster components,0
adversaries may search local file systems and remote file shares for files containing insecurely stored credentials these can be files created by users to store their own credentials shared credential stores for group of individuals configuration files containing passwords for system or service or source code files containing embedded passwords it is possible to extract passwords from backups or saved virtual machines through os credential dumping passwords may also be obtained from group policy preferences stored on the windows domain controller in cloud and containerized environments authenticated user and service account credentials are often stored in local configuration and credential files they may also be found as parameters to deployment commands in container logs in some cases these files can be copied and reused on another machine or the contents can be read and then used to authenticate without needing to copy any files,1
adversaries may search the registry on compromised systems for insecurely stored credentials the windows registry stores configuration information that can be used by the system or other programs adversaries may query the registry looking for credentials and passwords that have been stored for use by other programs or services sometimes these credentials are used for automatic logons example commands to find registry keys related to password information local machine hive code reg query hklm password reg sz current user hive code reg query hkcu password reg sz,0
adversaries may attempt to find unsecured credentials in group policy preferences gpp gpp are tools that allow administrators to create domain policies with embedded credentials these policies allow administrators to set local accounts these group policies are stored in sysvol on domain controller this means that any domain user can view the sysvol share and decrypt the password using the aes key that has been made public the following tools and scripts can be used to gather and decrypt the password file from group policy preference xml files metasploit post exploitation module code post get gpppassword gpprefdecrypt py on the sysvol share adversaries may use the following command to enumerate potential gpp xml files code dir xml,0
adversaries may search for private key certificate files on compromised systems for insecurely stored credentials private cryptographic keys and certificates are used for authentication encryption and digital signatures common key and certificate file extensions include key pgp gpg ppk p12 pem pfx cer p7b asc adversaries may also look in common key directories such as code for ssh keys on nix based systems or code users username ssh on windows adversary tools may also search compromised systems for file extensions relating to cryptographic keys and certificates when device is registered to entra id device key and transport key are generated and used to verify the device identity an adversary with access to the device may be able to export the keys in order to impersonate the device on network devices private keys may be exported via network device cli commands such as crypto pki export some private keys require password or passphrase for operation so an adversary may also use input capture for keylogging or attempt to brute force the passphrase off line these private keys can be used to authenticate to remote services like ssh or for use in decrypting other collected files such as email,1
adversaries may search the command history on compromised systems for insecurely stored credentials on linux and macos systems shells such as bash and zsh keep track of the commands users type on the command line with the history utility once user logs out the history is flushed to the user history file for each user this file resides at the same location for example or typically these files keeps track of the user last commands on windows powershell has both command history that is wiped after the session ends and one that contains commands used in all sessions and is persistent the default location for persistent history can be found in userprofile appdata roaming microsoft windows powershell psreadline consolehost history txt but command history can also be accessed with get history command prompt cmd on windows does not have persistent history users often type usernames and passwords on the command line as parameters to programs which then get saved to this file when they log out adversaries can abuse this by looking through the file for potential credentials,1
adversaries may create cloud instances in unused geographic service regions in order to evade detection access is usually obtained through compromising accounts used to manage cloud infrastructure cloud service providers often provide infrastructure throughout the world in order to improve performance provide redundancy and allow customers to meet compliance requirements oftentimes customer will only use subset of the available regions and may not actively monitor other regions if an adversary creates resources in an unused region they may be able to operate undetected variation on this behavior takes advantage of differences in functionality across cloud regions an adversary could utilize regions which do not support advanced detection services in order to avoid detection of their activity an example of adversary use of unused aws regions is to mine cryptocurrency through resource hijacking which can cost organizations substantial amounts of money over time depending on the processing power used,0
adversaries may use alternate authentication material such as password hashes kerberos tickets and application access tokens in order to move laterally within an environment and bypass normal system access controls authentication processes generally require valid identity username along with one or more authentication factors password pin physical smart card token generator etc alternate authentication material is legitimately generated by systems after user or application successfully authenticates by providing valid identity and the required authentication factor alternate authentication material may also be generated during the identity creation process caching alternate authentication material allows the system to verify an identity has successfully authenticated without asking the user to reenter authentication factor because the alternate authentication must be maintained by the system either in memory or on disk it may be at risk of being stolen through credential access techniques by stealing alternate authentication material adversaries are able to bypass system access controls and authenticate to systems without knowing the plaintext password or any additional authentication factors,1
adversaries may use stolen application access tokens to bypass the typical authentication process and access restricted accounts information or services on remote systems these tokens are typically stolen from users or services and used in lieu of login credentials application access tokens are used to make authorized api requests on behalf of user or service and are commonly used to access resources in cloud container based applications and software as service saas oauth is one commonly implemented framework that issues tokens to users for access to systems these frameworks are used collaboratively to verify the user and determine what actions the user is allowed to perform once identity is established the token allows actions to be authorized without passing the actual credentials of the user therefore compromise of the token can grant the adversary access to resources of other sites through malicious application for example with cloud based email service once an oauth access token is granted to malicious application it can potentially gain long term access to features of the user account if refresh token enabling background access is awarded with an oauth access token an adversary can use the user granted rest api to perform functions such as email searching and contact enumeration compromised access tokens may be used as an initial step in compromising other services for example if token grants access to victim primary email the adversary may be able to extend access to all other services which the target subscribes by triggering forgotten password routines in aws and gcp environments adversaries can trigger request for short lived access token with the privileges of another user account the adversary can then use this token to request data or perform actions the original account could not if permissions for this feature are misconfigured for example by allowing all users to request token for particular account an adversary may be able to gain initial access to cloud account or escalate their privileges direct api access through token negates the effectiveness of second authentication factor and may be immune to intuitive countermeasures like changing passwords for example in aws environments an adversary who compromises user aws api credentials may be able to use the sts getfederationtoken api call to create federated user session which will have the same permissions as the original user but may persist even if the original user credentials are deactivated additionally access abuse over an api channel can be difficult to detect even from the service provider end as the access can still align well with legitimate workflow,0
adversaries may pass the hash using stolen password hashes to move laterally within an environment bypassing normal system access controls pass the hash pth is method of authenticating as user without having access to the user cleartext password this method bypasses standard authentication steps that require cleartext password moving directly into the portion of the authentication that uses the password hash when performing pth valid password hashes for the account being used are captured using credential access technique captured hashes are used with pth to authenticate as that user once authenticated pth may be used to perform actions on local or remote systems adversaries may also use stolen password hashes to overpass the hash similar to pth this involves using password hash to authenticate as user but also uses the password hash to create valid kerberos ticket this ticket can then be used to perform pass the ticket attacks,0
adversaries may pass the ticket using stolen kerberos tickets to move laterally within an environment bypassing normal system access controls pass the ticket ptt is method of authenticating to system using kerberos tickets without having access to an account password kerberos authentication can be used as the first step to lateral movement to remote system when preforming ptt valid kerberos tickets for valid accounts are captured by os credential dumping user service tickets or ticket granting ticket tgt may be obtained depending on the level of access service ticket allows for access to particular resource whereas tgt can be used to request service tickets from the ticket granting service tgs to access any resource the user has privileges to access silver ticket can be obtained for services that use kerberos as an authentication mechanism and are used to generate tickets to access that particular resource and the system that hosts the resource sharepoint golden ticket can be obtained for the domain using the key distribution service account krbtgt account ntlm hash which enables generation of tgts for any account in active directory adversaries may also create valid kerberos ticket using other user information such as stolen password hashes or aes keys for example overpassing the hash involves using ntlm password hash to authenticate as user pass the hash while also using the password hash to create valid kerberos ticket,0
adversaries can use stolen session cookies to authenticate to web applications and services this technique bypasses some multi factor authentication protocols since the session is already authenticated authentication cookies are commonly used in web applications including cloud based services after user has authenticated to the service so credentials are not passed and re authentication does not need to occur as frequently cookies are often valid for an extended period of time even if the web application is not actively used after the cookie is obtained through steal web session cookie or web cookies the adversary may then import the cookie into browser they control and is then able to use the site or application as the user for as long as the session cookie is active once logged into the site an adversary can access sensitive information read email or perform actions that the victim account has permissions to perform there have been examples of malware targeting session cookies to bypass multi factor authentication systems,0
an adversary may rely upon specific actions by user in order to gain execution users may be subjected to social engineering to get them to execute malicious code by for example opening malicious document file or link these user actions will typically be observed as follow on behavior from forms of phishing while user execution frequently occurs shortly after initial access it may occur at other phases of an intrusion such as when an adversary places file in shared directory or on user desktop hoping that user will click on it this activity may also be seen shortly after internal spearphishing adversaries may also deceive users into performing actions such as enabling remote access tools allowing direct control of the system to the adversary running malicious javascript in their browser allowing adversaries to steal web session cookie downloading and executing malware for user execution coerceing users to copy paste and execute malicious code manually for example tech support scams can be facilitated through phishing vishing or various forms of user interaction adversaries can use combination of these methods such as spoofing and promoting toll free numbers or call centers that are used to direct victims to malicious websites to deliver and execute payloads containing malware or remote access tools,1
an adversary may rely upon user copying and pasting code in order to gain execution users may be subjected to social engineering to get them to copy and paste code directly into command and scripting interpreter one such strategy is clickfix in which adversaries present users with seemingly helpful solutions such as prompts to fix errors or complete captchas that instead instruct the user to copy and paste malicious code malicious websites such as those used in drive by compromise may present fake error messages or captcha prompts that instruct users to open terminal or the windows run dialog box and execute an arbitrary command these commands may be obfuscated using encoding or other techniques to conceal malicious intent once executed the adversary will typically be able to establish foothold on the victim machine adversaries may also leverage phishing emails for this purpose when user attempts to open an attachment they may be presented with fake error and offered malicious command to paste as solution consistent with the clickfix strategy tricking user into executing command themselves may help to bypass email filtering browser sandboxing or other mitigations designed to protect users against malicious downloaded files,1
an adversary may rely upon user opening malicious file in order to gain execution users may be subjected to social engineering to get them to open file that will lead to code execution this user action will typically be observed as follow on behavior from spearphishing attachment adversaries may use several types of files that require user to execute them including doc pdf xls rtf scr exe lnk pif cpl reg and iso adversaries may employ various forms of masquerading and obfuscated files or information to increase the likelihood that user will open and successfully execute malicious file these methods may include using familiar naming convention and password protecting the file and supplying instructions to user on how to open it while malicious file frequently occurs shortly after initial access it may occur at other phases of an intrusion such as when an adversary places file in shared directory or on user desktop hoping that user will click on it this activity may also be seen shortly after internal spearphishing,1
adversaries may rely on user running malicious image to facilitate execution amazon web services aws amazon machine images amis google cloud platform gcp images and azure images as well as popular container runtimes such as docker can be backdoored backdoored images may be uploaded to public repository via upload malware and users may then download and deploy an instance or container from the image without realizing the image is malicious thus bypassing techniques that specifically achieve initial access this can lead to the execution of malicious code such as code that executes cryptocurrency mining in the instance or container adversaries may also name images certain way to increase the chance of users mistakenly deploying an instance or container from the image ex match legitimate resource name or location,0
adversaries may rely on user installing malicious library to facilitate execution threat actors may upload malware to package managers such as npm and pypi as well as to public code repositories such as github user may install libraries without realizing they are malicious thus bypassing techniques that specifically achieve initial access this can lead to the execution of malicious code such as code that establishes persistence steals data or mines cryptocurrency in some cases threat actors may compromise and backdoor existing popular libraries compromise software dependencies and development tools alternatively they may create entirely new packages and leverage behaviors such as typosquatting to encourage users to install them,1
an adversary may rely upon user clicking malicious link in order to gain execution users may be subjected to social engineering to get them to click on link that will lead to code execution this user action will typically be observed as follow on behavior from spearphishing link clicking on link may also lead to other execution techniques such as exploitation of browser or application vulnerability via exploitation for client execution links may also lead users to download files that require execution via malicious file,1
adversaries may obtain and abuse credentials of existing accounts as means of gaining initial access persistence privilege escalation or defense evasion compromised credentials may be used to bypass access controls placed on various resources on systems within the network and may even be used for persistent access to remote systems and externally available services such as vpns outlook web access network devices and remote desktop compromised credentials may also grant an adversary increased privilege to specific systems or access to restricted areas of the network adversaries may choose not to use malware or tools in conjunction with the legitimate access those credentials provide to make it harder to detect their presence in some cases adversaries may abuse inactive accounts for example those belonging to individuals who are no longer part of an organization using these accounts may allow the adversary to evade detection as the original account user will not be present to identify any anomalous activity taking place on their account the overlap of permissions for local domain and cloud accounts across network of systems is of concern because the adversary may be able to pivot across accounts and systems to reach high level of access domain or enterprise administrator to bypass access controls set within the enterprise,1
valid accounts in cloud environments may allow adversaries to perform actions to achieve initial access persistence privilege escalation or defense evasion cloud accounts are those created and configured by an organization for use by users remote support services or for administration of resources within cloud service provider or saas application cloud accounts can exist solely in the cloud alternatively they may be hybrid joined between on premises systems and the cloud through syncing or federation with other identity sources such as windows active directory service or user accounts may be targeted by adversaries through brute force phishing or various other means to gain access to the environment federated or synced accounts may be pathway for the adversary to affect both on premises systems and cloud environments for example by leveraging shared credentials to log onto remote services high privileged cloud accounts whether federated synced or cloud only may also allow pivoting to on premises environments by leveraging saas based software deployment tools to run commands on hybrid joined devices an adversary may create long lasting additional cloud credentials on compromised cloud account to maintain persistence in the environment such credentials may also be used to bypass security controls such as multi factor authentication cloud accounts may also be able to assume temporary elevated cloud access or other privileges through various means within the environment misconfigurations in role assignments or role assumption policies may allow an adversary to use these mechanisms to leverage permissions outside the intended scope of the account such over privileged accounts may be used to harvest sensitive data from online storage accounts and databases through cloud api or other methods for example in azure environments adversaries may target azure managed identities which allow associated azure resources to request access tokens by compromising resource with an attached managed identity such as an azure vm adversaries may be able to steal application access token to move laterally across the cloud environment,0
adversaries may obtain and abuse credentials of default account as means of gaining initial access persistence privilege escalation or defense evasion default accounts are those that are built into an os such as the guest or administrator accounts on windows systems default accounts also include default factory set accounts on other types of systems software or devices including the root user account in aws the root user account in esxi and the default service account in kubernetes default accounts are not limited to client machines rather they also include accounts that are preset for equipment such as network devices and computer applications whether they are internal open source or commercial appliances that come preset with username and password combination pose serious threat to organizations that do not change it post installation as they are easy targets for an adversary similarly adversaries may also utilize publicly disclosed or stolen private keys or credential materials to legitimately connect to remote environments via remote services default accounts may be created on system after initial setup by connecting or integrating it with another application for example when an esxi server is connected to vcenter server default privileged account called vpxuser is created on the esxi server if threat actor is able to compromise this account credentials for example via exploitation for credential access on the vcenter host they will then have access to the esxi server,1
adversaries may obtain and abuse credentials of domain account as means of gaining initial access persistence privilege escalation or defense evasion domain accounts are those managed by active directory domain services where access and permissions are configured across systems and services that are part of that domain domain accounts can cover users administrators and services adversaries may compromise domain accounts some with high level of privileges through various means such as os credential dumping or password reuse allowing access to privileged resources of the domain,1
adversaries may obtain and abuse credentials of local account as means of gaining initial access persistence privilege escalation or defense evasion local accounts are those configured by an organization for use by users remote support services or for administration on single system or service local accounts may also be abused to elevate privileges and harvest credentials through os credential dumping password reuse may allow the abuse of local accounts across set of machines on network for the purposes of privilege escalation and lateral movement,1
an adversary can leverage computer peripheral devices integrated cameras or webcams or applications video call services to capture video recordings for the purpose of gathering information images may also be captured from devices or applications potentially in specified intervals in lieu of video files malware or scripts may be used to interact with the devices through an available api provided by the operating system or an application to capture video or images video or image files may be written to disk and exfiltrated later this technique differs from screen capture due to use of specific devices or applications for video recording rather than capturing the victim screen in macos there are few different malware samples that record the user webcam such as fruitfly and proton,1
an adversary may attempt to enumerate running virtual machines vms after gaining access to host or hypervisor for example adversaries may enumerate list of vms on an esxi hypervisor using hypervisor cli such as esxcli or vim cmd esxcli vm process list or vim cmd vmsvc adversaries may also directly leverage graphical user interface such as vmware vcenter in order to view virtual machines on host adversaries may use the information from virtual machine discovery during discovery to shape follow on behaviors subsequently discovered vms may be leveraged for follow on activities such as service stop or data encrypted for impact,1
adversaries may employ various means to detect and avoid virtualization and analysis environments this may include changing behaviors based on the results of checks for the presence of artifacts indicative of virtual machine environment vme or sandbox if the adversary detects vme they may alter their malware to disengage from the victim or conceal the core functions of the implant they may also search for vme artifacts before dropping secondary or additional payloads adversaries may use the information learned from virtualization evasion during automated discovery to shape follow on behaviors adversaries may use several methods to accomplish virtualization evasion such as checking for security monitoring tools sysinternals wireshark etc or other system artifacts associated with analysis or virtualization adversaries may also check for legitimate user activity to help determine if it is in an analysis environment additional methods include use of sleep timers or loops within malware code to avoid operating within temporary sandbox,1
adversaries may employ various system checks to detect and avoid virtualization and analysis environments this may include changing behaviors based on the results of checks for the presence of artifacts indicative of virtual machine environment vme or sandbox if the adversary detects vme they may alter their malware to disengage from the victim or conceal the core functions of the implant they may also search for vme artifacts before dropping secondary or additional payloads adversaries may use the information learned from virtualization evasion during automated discovery to shape follow on behaviors specific checks will vary based on the target and adversary but may involve behaviors such as windows management instrumentation powershell system information discovery and query registry to obtain system information and search for vme artifacts adversaries may search for vme artifacts in memory processes file system hardware and the registry adversaries may use scripting to automate these checks into one script and then have the program exit if it determines the system to be virtual environment checks could include generic system properties such as host name and samples of network traffic adversaries may also check the network adapters addresses cpu core count and available memory size once executed malware may also use file and directory discovery to check if it was saved in folder or file with unexpected or even analysis related naming artifacts such as malware sample or hash other common checks may enumerate services running that are unique to these applications installed programs on the system manufacturer fields for strings relating to virtual machine applications and vme specific hardware instructions in applications like vmware adversaries can also use special port to send commands and receive output hardware checks such as the presence of the fan temperature and audio devices could also be used to gather evidence that can be indicative virtual environment adversaries may also query for specific readings from these devices,1
adversaries may employ various time based methods to detect virtualization and analysis environments particularly those that attempt to manipulate time mechanisms to simulate longer elapses of time this may include enumerating time based properties such as uptime or the system clock adversaries may use calls like gettickcount and getsystemtimeasfiletime to discover if they are operating within virtual machine or sandbox or may be able to identify sandbox accelerating time by sampling and calculating the expected value for an environment timestamp before and after execution of sleep function,1
adversaries may employ various user activity checks to detect and avoid virtualization and analysis environments this may include changing behaviors based on the results of checks for the presence of artifacts indicative of virtual machine environment vme or sandbox if the adversary detects vme they may alter their malware to disengage from the victim or conceal the core functions of the implant they may also search for vme artifacts before dropping secondary or additional payloads adversaries may use the information learned from virtualization evasion during automated discovery to shape follow on behaviors adversaries may search for user activity on the host based on variables such as the speed of mouse movements and clicks browser history cache bookmarks or number of files in common directories such as home or the desktop other methods may rely on specific user interaction with the system before the malicious code is activated such as waiting for document to close before activating macro or waiting for user to double click on an embedded image to activate,1
adversaries may compromise network device encryption capability in order to bypass encryption that would otherwise protect data communications encryption can be used to protect transmitted network traffic to maintain its confidentiality protect against unauthorized disclosure and integrity protect against unauthorized changes encryption ciphers are used to convert plaintext message to ciphertext and can be computationally intensive to decipher without the associated decryption key typically longer keys increase the cost of cryptanalysis or decryption without the key adversaries can compromise and manipulate devices that perform encryption of network traffic for example through behaviors such as modify system image reduce key space and disable crypto hardware an adversary can negatively effect and eliminate device ability to securely encrypt network traffic this poses greater risk of unauthorized disclosure and may help facilitate data manipulation credential access or collection efforts,0
adversaries disable network device dedicated hardware encryption which may enable them to leverage weaknesses in software encryption in order to reduce the effort involved in collecting manipulating and exfiltrating transmitted data many network devices such as routers switches and firewalls perform encryption on network traffic to secure transmission across networks often these devices are equipped with special dedicated encryption hardware to greatly increase the speed of the encryption process as well as to prevent malicious tampering when an adversary takes control of such device they may disable the dedicated hardware for example through use of modify system image forcing the use of software to perform encryption on general processors this is typically used in conjunction with attacks to weaken the strength of the cipher in software reduce key space,0
adversaries may reduce the level of effort required to decrypt data transmitted over the network by reducing the cipher strength of encrypted communications adversaries can weaken the encryption software on compromised network device by reducing the key size used by the software to convert plaintext to ciphertext from hundreds or thousands of bytes to just couple of bytes as result adversaries dramatically reduce the amount of effort needed to decrypt the protected information without the key adversaries may modify the key size used and other encryption parameters using specialized commands in network device cli introduced to the system through modify system image to change the configuration of the device,0
adversaries may use an existing legitimate external web service as means for relaying data to compromised system popular websites cloud services and social media acting as mechanism for c2 may give significant amount of cover due to the likelihood that hosts within network are already communicating with them prior to compromise using common services such as those offered by google microsoft or twitter makes it easier for adversaries to hide in expected noise web service providers commonly use ssl encryption giving adversaries an added level of protection use of web services may also protect back end c2 infrastructure from discovery through malware binary analysis while also enabling operational resiliency since this infrastructure may be dynamically changed,1
adversaries may use an existing legitimate external web service as means for sending commands to and receiving output from compromised system over the web service channel compromised systems may leverage popular websites and social media to host command and control c2 instructions those infected systems can then send the output from those commands back over that web service channel the return traffic may occur in variety of ways depending on the web service being utilized for example the return traffic may take the form of the compromised system posting comment on forum issuing pull request to development project updating document hosted on web service or by sending tweet popular websites and social media acting as mechanism for c2 may give significant amount of cover due to the likelihood that hosts within network are already communicating with them prior to compromise using common services such as those offered by google or twitter makes it easier for adversaries to hide in expected noise web service providers commonly use ssl encryption giving adversaries an added level of protection,1
adversaries may use an existing legitimate external web service to host information that points to additional command and control c2 infrastructure adversaries may post content known as dead drop resolver on web services with embedded and often obfuscated domains or ip addresses once infected victims will reach out to and be redirected by these resolvers popular websites and social media acting as mechanism for c2 may give significant amount of cover due to the likelihood that hosts within network are already communicating with them prior to compromise using common services such as those offered by google or twitter makes it easier for adversaries to hide in expected noise web service providers commonly use ssl encryption giving adversaries an added level of protection use of dead drop resolver may also protect back end c2 infrastructure from discovery through malware binary analysis while also enabling operational resiliency since this infrastructure may be dynamically changed,1
adversaries may use an existing legitimate external web service as means for sending commands to compromised system without receiving return output over the web service channel compromised systems may leverage popular websites and social media to host command and control c2 instructions those infected systems may opt to send the output from those commands back over different c2 channel including to another distinct web service alternatively compromised systems may return no output at all in cases where adversaries want to send instructions to systems and do not want response popular websites and social media acting as mechanism for c2 may give significant amount of cover due to the likelihood that hosts within network are already communicating with them prior to compromise using common services such as those offered by google or twitter makes it easier for adversaries to hide in expected noise web service providers commonly use ssl encryption giving adversaries an added level of protection,1
adversaries may gain initial access to target systems by connecting to wireless networks they may accomplish this by exploiting open wi fi networks used by target devices or by accessing secured wi fi networks requiring valid accounts belonging to target organization establishing connection to wi fi access point requires certain level of proximity to both discover and maintain stable network connection adversaries may establish wireless connection through various methods such as by physically positioning themselves near wi fi network to conduct close access operations to bypass the need for physical proximity adversaries may attempt to remotely compromise nearby third party systems that have both wired and wireless network connections available dual homed systems these third party compromised devices can then serve as bridge to connect to target wi fi network once an initial wireless connection is achieved adversaries may leverage this access for follow on activities in the victim network or further targeting of specific devices on the network adversaries may perform network sniffing or adversary in the middle activities for credential access or discovery,1
adversaries may abuse windows management instrumentation wmi to execute malicious commands and payloads wmi is designed for programmers and is the infrastructure for management data and operations on windows systems wmi is an administration feature that provides uniform environment to access windows system components the wmi service enables both local and remote access though the latter is facilitated by remote services such as distributed component object model and windows remote management remote wmi over dcom operates using port whereas wmi over winrm operates over port when using http and for an adversary can use wmi to interact with local and remote systems and use it as means to execute various behaviors such as gathering information for discovery as well as execution of commands and payloads for example wmic exe can be abused by an adversary to delete shadow copies with the command wmic exe shadowcopy delete inhibit system recovery note wmic exe is deprecated as of january of with the wmic feature being disabled by default on windows wmic will be removed from subsequent windows releases and replaced by powershell as the primary wmi interface in addition to powershell and tools like wbemtool exe com apis can also be used to programmatically interact with wmi via net vbscript etc,0
adversaries may bypass application control and obscure execution of code by embedding scripts inside xsl files extensible stylesheet language xsl files are commonly used to describe the processing and rendering of data within xml files to support complex operations the xsl standard includes support for embedded scripting in various languages adversaries may abuse this functionality to execute arbitrary files while potentially bypassing application control similar to trusted developer utilities proxy execution the microsoft common line transformation utility binary msxsl exe can be installed and used to execute malicious javascript embedded within local or remote url referenced xsl files since msxsl exe is not installed by default an adversary will likely need to package it with dropped files msxsl exe takes two main arguments an xml source file and an xsl stylesheet since the xsl file is valid xml the adversary may call the same xsl file twice when using msxsl exe adversaries may also give the xml files an arbitrary file extension command line examples code msxsl exe customers xml script xsl code msxsl exe script xsl script xsl code msxsl exe script jpeg script jpeg another variation of this technique dubbed squiblytwo involves using windows management instrumentation to invoke jscript or vbscript within an xsl file this technique can also execute local scripts and similar to its regsvr32 squiblydoo counterpart leverages trusted built in windows tool adversaries may abuse any alias in windows management instrumentation provided they utilize the switch command line examples local file code wmic process list remote file code wmic os get,0
